Event ID,Significant,Glitch Prob (%),BBH Prob (%),NSBH Prob (%),BNS Prob (%),Classification,Glitch Prob Err (%),BBH Prob Err (%),NSBH Prob Err (%),BNS Prob Err (%),Detectors,Distance Mean (Mpc),Distance StDev (Mpc),Sky Area 90% (deg^2),Log Volume 90% (Mpc^3),Log BCI,Log BSN
S250926w,False,97.0,0.0,1.0,2.0,Glitch,3.0,0.0,1.0,2.0,LV,607.0,175.0,30929.0,8.98,1.6,-0.7
S250926s,False,56.0,44.0,0.0,0.0,Glitch,13.0,13.0,0.0,0.0,HLV,6108.0,1934.0,2975.0,11.4,6.8,7.0
S250925bd,False,81.0,0.0,17.0,1.0,Glitch,18.0,1.0,17.0,1.0,HL,760.0,241.0,14378.0,9.33,-0.3,2.5
S250925p,False,81.0,19.0,0.0,0.0,Glitch,8.0,8.0,0.0,0.0,HL,5310.0,1626.0,2909.0,11.15,3.6,5.4
S250924di,False,49.0,0.0,10.0,41.0,Glitch,17.0,0.0,6.0,15.0,HL,429.0,132.0,1485.0,7.58,5.6,12.3
S250924cy,False,71.0,0.0,2.0,27.0,Glitch,8.0,0.0,2.0,8.0,HL,386.0,128.0,1916.0,7.62,4.4,10.1
S250924ct,False,73.0,27.0,0.0,0.0,Glitch,11.0,11.0,0.0,0.0,HL,7747.0,2417.0,3059.0,11.66,3.8,6.3
S250924bs,False,95.0,0.0,2.0,3.0,Glitch,4.0,0.0,1.0,3.0,HL,536.0,195.0,5528.0,8.54,2.2,4.5
S250924ay,False,66.0,0.0,2.0,31.0,Glitch,8.0,0.0,2.0,7.0,HL,405.0,138.0,3991.0,8.01,3.7,10.2
S250924ap,False,42.0,3.0,55.0,0.0,NSBH,13.0,3.0,12.0,0.0,HL,729.0,253.0,1571.0,8.3,3.0,8.4
S250924aj,False,39.0,41.0,20.0,0.0,BBH,14.0,15.0,10.0,0.0,HL,1226.0,380.0,1880.0,9.07,5.4,11.4
S250924u,False,88.0,0.0,3.0,9.0,Glitch,8.0,0.0,2.0,6.0,HL,484.0,167.0,3526.0,8.16,3.6,8.0
S250923ac,False,18.0,82.0,0.0,0.0,BBH,8.0,8.0,0.0,0.0,HL,2816.0,895.0,1424.0,10.09,3.4,7.9
S250922da,False,47.0,53.0,0.0,0.0,BBH,14.0,14.0,0.0,0.0,HLV,6176.0,1816.0,2022.0,11.22,5.4,5.2
S250922cd,False,73.0,0.0,4.0,23.0,Glitch,21.0,0.0,7.0,18.0,HLV,138.0,137.0,1336.0,7.97,-5.6,4.5
S250922bz,False,29.0,71.0,0.0,0.0,BBH,16.0,16.0,0.0,0.0,HLV,6389.0,2504.0,3449.0,11.59,0.3,7.2
S250922bj,False,76.0,0.0,5.0,19.0,Glitch,11.0,0.0,4.0,9.0,HL,471.0,147.0,2486.0,7.92,5.1,10.6
S250921bn,False,77.0,23.0,0.0,0.0,Glitch,8.0,8.0,0.0,0.0,HLV,5830.0,1899.0,4011.0,11.46,5.9,5.1
S250921ag,False,69.0,31.0,0.0,0.0,Glitch,8.0,8.0,0.0,0.0,HLV,4010.0,1224.0,4452.0,10.99,6.5,6.3
S250921p,False,93.0,7.0,0.0,0.0,Glitch,5.0,5.0,0.0,0.0,HLV,12405.0,3533.0,2799.0,12.26,6.7,4.8
S250920do,False,91.0,9.0,0.0,0.0,Glitch,5.0,5.0,0.0,0.0,HL,3931.0,1346.0,3815.0,10.96,3.0,4.3
S250920df,False,68.0,0.0,5.0,27.0,Glitch,15.0,0.0,4.0,13.0,HL,421.0,130.0,1424.0,7.55,5.5,11.1
S250920ce,False,46.0,13.0,42.0,0.0,Glitch,11.0,8.0,10.0,0.0,HL,966.0,308.0,1677.0,8.68,5.1,10.9
S250920bq,False,88.0,0.0,9.0,3.0,Glitch,6.0,0.0,4.0,3.0,HLV,369.0,166.0,209.0,6.88,5.1,6.1
S250920av,False,74.0,9.0,17.0,0.0,Glitch,14.0,6.0,10.0,0.0,HLV,1092.0,359.0,1553.0,8.88,6.5,8.3
S250920r,False,76.0,23.0,1.0,0.0,Glitch,9.0,9.0,1.0,0.0,HLV,1937.0,620.0,2261.0,9.8,6.3,5.9
S250919o,False,93.0,0.0,0.0,7.0,Glitch,3.0,0.0,0.0,3.0,HLV,385.0,114.0,858.0,7.25,7.8,8.4
S250918ca,False,85.0,15.0,0.0,0.0,Glitch,4.0,4.0,0.0,0.0,HLV,3041.0,1029.0,2412.0,10.48,6.0,4.6
S250918bk,False,93.0,0.0,0.0,6.0,Glitch,3.0,0.0,1.0,3.0,HLV,444.0,137.0,1992.0,7.81,7.7,8.3
S250918bi,False,86.0,14.0,0.0,0.0,Glitch,7.0,7.0,0.0,0.0,HLV,7105.0,2576.0,4067.0,11.86,4.4,3.0
S250918aw,False,75.0,0.0,4.0,20.0,Glitch,18.0,0.0,7.0,16.0,HLV,161.0,139.0,1035.0,8.04,-4.5,2.6
S250918u,False,17.0,1.0,72.0,10.0,NSBH,9.0,1.0,11.0,5.0,HL,563.0,188.0,3419.0,8.33,3.8,12.5
S250917aq,True,3.0,92.0,5.0,0.0,BBH,2.0,4.0,4.0,0.0,HV,687.0,182.0,5646.0,8.76,0.9,49.8
S250917ap,False,7.0,93.0,0.0,0.0,BBH,3.0,3.0,0.0,0.0,HV,3463.0,1284.0,12085.0,11.4,2.2,7.6
S250917ai,False,92.0,0.0,4.0,5.0,Glitch,4.0,0.0,3.0,3.0,HLV,517.0,154.0,1002.0,7.69,8.0,8.8
S250916m,False,51.0,1.0,41.0,8.0,Glitch,12.0,1.0,14.0,5.0,HL,602.0,187.0,2912.0,8.31,5.3,12.0
S250916c,False,96.0,0.0,1.0,4.0,Glitch,4.0,0.0,1.0,3.0,LV,488.0,164.0,25194.0,8.78,1.8,1.2
S250913n,False,85.0,0.0,14.0,0.0,Glitch,7.0,1.0,6.0,1.0,LV,528.0,242.0,15085.0,9.09,2.5,4.4
S250913f,False,97.0,0.0,1.0,2.0,Glitch,2.0,0.0,0.0,2.0,LV,311.0,165.0,9524.0,8.5,2.7,2.7
S250913e,False,32.0,1.0,52.0,16.0,NSBH,13.0,1.0,15.0,8.0,LV,451.0,159.0,14963.0,8.71,1.9,9.1
S250912x,False,1.0,99.0,0.0,0.0,BBH,1.0,1.0,0.0,0.0,LV,2208.0,729.0,9682.0,10.74,2.4,16.8
S250912s,False,98.0,0.0,0.0,2.0,Glitch,3.0,0.0,1.0,2.0,LV,352.0,200.0,18172.0,8.71,2.1,1.4
S250912j,False,97.0,0.0,1.0,2.0,Glitch,3.0,0.0,1.0,2.0,LV,472.0,186.0,24437.0,8.84,1.9,0.5
S250912h,False,96.0,0.0,3.0,1.0,Glitch,5.0,0.0,5.0,1.0,LV,890.0,158.0,32582.0,9.25,1.9,-2.9
S250912f,True,2.0,98.0,0.0,0.0,BBH,2.0,2.0,0.0,0.0,LV,2870.0,784.0,393.0,9.44,4.7,29.9
S250912e,False,42.0,58.0,0.0,0.0,BBH,12.0,12.0,0.0,0.0,LV,3084.0,1337.0,14089.0,11.35,2.4,4.3
S250911dy,False,59.0,39.0,2.0,0.0,Glitch,19.0,18.0,4.0,0.0,HLV,1626.0,685.0,7325.0,10.43,0.3,1.9
S250911dh,False,25.0,74.0,1.0,0.0,BBH,25.0,24.0,1.0,0.0,HLV,1564.0,744.0,3224.0,10.0,-0.5,5.8
S250911df,False,43.0,55.0,3.0,0.0,BBH,35.0,33.0,6.0,0.0,HLV,936.0,678.0,2144.0,9.22,-4.4,28.5
S250911dd,False,16.0,1.0,81.0,2.0,NSBH,12.0,1.0,12.0,2.0,HLV,762.0,248.0,6000.0,9.02,4.1,10.3
S250911cv,False,94.0,0.0,2.0,4.0,Glitch,5.0,0.0,2.0,4.0,HLV,674.0,237.0,14495.0,9.23,2.5,1.7
S250911by,False,53.0,45.0,2.0,0.0,Glitch,38.0,36.0,5.0,0.0,HLV,1212.0,741.0,2523.0,9.27,-7.5,24.4
S250911bx,False,29.0,70.0,1.0,0.0,BBH,32.0,31.0,3.0,0.0,HLV,939.0,699.0,1723.0,10.21,-2.7,19.2
S250911br,False,92.0,0.0,0.0,8.0,Glitch,10.0,0.0,0.0,10.0,HLV,250.0,76.0,2829.0,7.21,5.1,11.5
S250911bo,False,62.0,1.0,4.0,33.0,Glitch,30.0,2.0,8.0,28.0,HLV,151.0,58.0,985.0,6.0,-1.8,32.6
S250911ac,True,0.0,94.0,6.0,0.0,BBH,0.0,3.0,3.0,0.0,HL,1102.0,300.0,1012.0,8.59,7.6,30.4
S250911z,False,2.0,98.0,0.0,0.0,BBH,1.0,1.0,0.0,0.0,HL,3664.0,1330.0,1976.0,10.6,1.2,9.2
S250911t,False,87.0,1.0,2.0,11.0,Glitch,21.0,2.0,6.0,16.0,HLV,95.0,14.0,51.0,3.66,-10.6,80.8
S250911k,False,41.0,0.0,36.0,23.0,Glitch,28.0,1.0,25.0,25.0,HLV,301.0,187.0,2014.0,8.58,-0.6,7.9
S250911b,False,14.0,49.0,37.0,0.0,BBH,11.0,13.0,12.0,0.0,LV,898.0,325.0,13542.0,9.62,1.6,9.2
S250910ct,False,30.0,0.0,8.0,61.0,BNS,15.0,0.0,4.0,16.0,LV,329.0,116.0,13279.0,8.3,1.8,10.1
S250910cq,False,12.0,1.0,63.0,24.0,NSBH,9.0,1.0,18.0,13.0,LV,417.0,137.0,14123.0,8.56,1.5,13.0
S250910co,False,45.0,0.0,4.0,51.0,BNS,16.0,0.0,3.0,16.0,LV,312.0,109.0,13694.0,8.22,1.8,9.2
S250910bd,False,83.0,15.0,2.0,0.0,Glitch,10.0,8.0,3.0,0.0,HLV,1741.0,581.0,4888.0,9.99,5.1,4.9
S250910ba,False,74.0,0.0,12.0,14.0,Glitch,10.0,0.0,7.0,6.0,HLV,559.0,169.0,2552.0,8.19,5.1,8.0
S250910r,False,93.0,0.0,0.0,7.0,Glitch,5.0,0.0,0.0,5.0,HLV,377.0,120.0,3953.0,7.92,3.9,6.4
S250910i,False,94.0,6.0,0.0,0.0,Glitch,3.0,3.0,0.0,0.0,HLV,5132.0,1575.0,2407.0,11.07,6.6,3.8
S250910b,True,100.0,0.0,0.0,0.0,Glitch,1.0,0.0,0.0,1.0,HL,134.0,45.0,9574.0,7.1,4.6,9.9
S250909an,False,91.0,0.0,7.0,2.0,Glitch,5.0,0.0,4.0,2.0,HLV,531.0,196.0,1231.0,7.97,6.1,6.9
S250909ag,False,87.0,13.0,0.0,0.0,Glitch,6.0,6.0,0.0,0.0,HLV,5885.0,1789.0,2538.0,11.28,5.5,3.4
S250909af,False,83.0,0.0,1.0,16.0,Glitch,6.0,0.0,1.0,6.0,HLV,412.0,120.0,896.0,7.33,8.2,9.9
S250909n,False,50.0,50.0,0.0,0.0,Glitch,14.0,14.0,0.0,0.0,HLV,7983.0,2519.0,1668.0,11.52,4.8,5.5
S250909g,False,90.0,0.0,1.0,9.0,Glitch,6.0,0.0,1.0,5.0,HLV,458.0,147.0,1603.0,7.76,6.9,7.7
S250909b,False,5.0,95.0,0.0,0.0,BBH,5.0,5.0,0.0,0.0,HLV,3724.0,1320.0,2059.0,10.6,2.8,8.5
S250908y,True,1.0,99.0,0.0,0.0,BBH,1.0,1.0,0.0,0.0,HV,1280.0,403.0,11002.0,10.0,1.4,18.9
S250908p,False,10.0,1.0,78.0,11.0,NSBH,5.0,1.0,12.0,10.0,HV,398.0,131.0,12935.0,8.51,1.3,10.5
S250908l,False,30.0,70.0,0.0,0.0,BBH,15.0,15.0,0.0,0.0,HLV,3719.0,1172.0,3336.0,10.84,3.4,4.4
S250907ds,False,95.0,0.0,0.0,5.0,Glitch,4.0,0.0,0.0,4.0,HLV,344.0,113.0,970.0,7.2,8.8,10.0
S250907bt,False,87.0,0.0,3.0,10.0,Glitch,7.0,0.0,2.0,6.0,HL,435.0,146.0,1699.0,7.7,4.6,8.8
S250907af,False,48.0,52.0,0.0,0.0,BBH,12.0,12.0,0.0,0.0,HLV,4997.0,1548.0,1621.0,10.87,5.9,5.8
S250907v,False,83.0,17.0,0.0,0.0,Glitch,9.0,9.0,0.0,0.0,HLV,7106.0,2849.0,5111.0,12.05,3.8,3.0
S250907r,False,82.0,18.0,0.0,0.0,Glitch,8.0,8.0,0.0,0.0,HLV,2262.0,700.0,3565.0,10.18,6.7,6.0
S250906dd,False,50.0,50.0,0.0,0.0,Glitch,15.0,15.0,0.0,0.0,HL,6162.0,1967.0,4314.0,11.52,2.9,6.4
S250906ca,True,0.0,95.0,4.0,0.0,BBH,0.0,2.0,2.0,0.0,HLV,1195.0,307.0,520.0,8.44,10.3,28.8
S250906ap,False,79.0,21.0,0.0,0.0,Glitch,8.0,8.0,0.0,0.0,HLV,2899.0,836.0,3134.0,10.42,7.0,6.2
S250906aa,False,91.0,0.0,1.0,8.0,Glitch,5.0,0.0,1.0,5.0,HLV,442.0,145.0,1164.0,7.61,5.9,6.1
S250906c,False,92.0,0.0,5.0,3.0,Glitch,6.0,0.0,3.0,3.0,HLV,546.0,173.0,1175.0,7.88,6.3,6.3
S250905av,False,65.0,35.0,0.0,0.0,Glitch,10.0,10.0,0.0,0.0,HLV,6468.0,1953.0,4330.0,11.63,6.3,6.0
S250905at,False,87.0,13.0,0.0,0.0,Glitch,8.0,8.0,0.0,0.0,HLV,2549.0,985.0,1023.0,9.92,8.3,7.2
S250905h,False,97.0,0.0,0.0,3.0,Glitch,5.0,0.0,0.0,5.0,HLV,208.0,66.0,515.0,6.24,3.8,7.2
S250905d,False,85.0,15.0,0.0,0.0,Glitch,6.0,6.0,0.0,0.0,HLV,4720.0,1453.0,3118.0,11.08,6.8,5.5
S250904cv,True,0.0,100.0,0.0,0.0,BBH,0.0,0.0,0.0,0.0,HL,2414.0,670.0,1237.0,9.69,7.4,33.3
S250904ck,False,29.0,71.0,0.0,0.0,BBH,14.0,14.0,0.0,0.0,HLV,5507.0,1605.0,5655.0,11.51,2.7,3.8
S250904cf,False,59.0,41.0,0.0,0.0,Glitch,12.0,12.0,0.0,0.0,HLV,4038.0,1482.0,3346.0,11.01,4.0,3.9
S250904cb,False,50.0,0.0,43.0,7.0,Glitch,12.0,1.0,11.0,5.0,HLV,596.0,173.0,1105.0,7.91,8.1,11.4
S250904br,True,0.0,100.0,0.0,0.0,BBH,0.0,0.0,0.0,0.0,HLV,2748.0,681.0,373.0,9.39,9.1,40.8
S250904ae,True,0.0,100.0,0.0,0.0,BBH,0.0,0.0,0.0,0.0,HLV,3330.0,883.0,1021.0,10.09,9.6,24.2
S250904p,False,74.0,0.0,4.0,22.0,Glitch,9.0,0.0,3.0,7.0,HLV,475.0,141.0,1326.0,7.67,7.9,10.4
S250904o,False,72.0,0.0,4.0,24.0,Glitch,11.0,0.0,3.0,10.0,HLV,458.0,130.0,989.0,7.53,8.4,10.8
S250904m,False,59.0,41.0,0.0,0.0,Glitch,13.0,13.0,0.0,0.0,HLV,7606.0,2324.0,2574.0,11.61,6.0,5.8
S250903fo,False,9.0,91.0,0.0,0.0,BBH,5.0,5.0,0.0,0.0,HV,3544.0,1389.0,13721.0,11.46,1.8,7.0
S250903fk,False,81.0,19.0,0.0,0.0,Glitch,7.0,7.0,0.0,0.0,HLV,6192.0,1665.0,3658.0,11.47,5.6,3.7
S250903ff,False,74.0,19.0,7.0,0.0,Glitch,12.0,10.0,4.0,0.0,HLV,1262.0,445.0,1451.0,9.08,7.9,9.7
S250903er,False,43.0,57.0,0.0,0.0,BBH,10.0,10.0,0.0,0.0,HLV,3846.0,1119.0,1555.0,10.5,6.6,6.8
S250903ej,False,84.0,0.0,1.0,15.0,Glitch,6.0,0.0,1.0,6.0,HLV,419.0,137.0,1772.0,7.69,6.9,9.2
S250903dz,False,68.0,32.0,0.0,0.0,Glitch,12.0,12.0,0.0,0.0,HLV,8386.0,2362.0,2258.0,11.66,5.1,4.2
S250903cv,False,90.0,5.0,5.0,0.0,Glitch,8.0,4.0,4.0,0.0,HLV,1085.0,462.0,1799.0,9.11,6.9,7.9
S250903ao,False,95.0,5.0,0.0,0.0,Glitch,3.0,3.0,0.0,0.0,HLV,11700.0,3364.0,3495.0,12.3,5.1,2.4
S250903p,False,91.0,0.0,0.0,8.0,Glitch,5.0,0.0,1.0,4.0,HLV,399.0,115.0,1538.0,7.53,8.2,9.9
S250903e,False,99.0,0.0,0.0,1.0,Glitch,1.0,0.0,0.0,1.0,HLV,285.0,115.0,1506.0,7.29,7.4,8.5
S250903d,False,70.0,30.0,0.0,0.0,Glitch,9.0,9.0,0.0,0.0,HLV,4767.0,1614.0,3517.0,11.18,5.3,4.8
S250902dc,False,92.0,0.0,8.0,1.0,Glitch,4.0,0.0,4.0,1.0,HLV,691.0,203.0,1485.0,8.23,7.9,7.9
S250902cc,False,35.0,1.0,63.0,1.0,NSBH,12.0,2.0,13.0,2.0,HL,677.0,216.0,1466.0,8.17,5.1,10.9
S250902cb,False,10.0,1.0,79.0,10.0,NSBH,14.0,1.0,18.0,14.0,HL,455.0,233.0,4883.0,8.49,-2.0,9.6
S250902ay,False,12.0,88.0,0.0,0.0,BBH,8.0,8.0,0.0,0.0,HL,3303.0,1457.0,6658.0,11.09,-0.7,5.3
S250902av,False,52.0,0.0,3.0,45.0,Glitch,12.0,0.0,2.0,12.0,HL,418.0,137.0,4792.0,8.05,4.8,12.5
S250902ae,False,1.0,99.0,0.0,0.0,BBH,1.0,1.0,0.0,0.0,HL,4478.0,1692.0,4280.0,11.11,2.6,13.7
S250902h,False,41.0,59.0,0.0,0.0,BBH,12.0,12.0,0.0,0.0,HLV,7538.0,2312.0,3919.0,11.8,4.6,5.5
S250901cu,False,91.0,9.0,0.0,0.0,Glitch,9.0,9.0,0.0,0.0,HLV,14854.0,5615.0,15558.0,13.31,1.6,1.0
S250901cr,False,97.0,0.0,0.0,3.0,Glitch,4.0,0.0,1.0,4.0,LV,440.0,176.0,27344.0,8.75,1.7,-0.0
S250901cd,False,49.0,50.0,0.0,0.0,BBH,13.0,12.0,1.0,0.0,HLV,2183.0,670.0,2656.0,10.0,6.3,7.1
S250901cb,True,0.0,100.0,0.0,0.0,BBH,0.0,0.0,0.0,0.0,HLV,1960.0,524.0,698.0,9.24,7.1,17.6
S250901bw,False,92.0,6.0,2.0,0.0,Glitch,5.0,4.0,2.0,0.0,HLV,1703.0,555.0,5514.0,10.02,5.3,4.0
S250901bt,False,53.0,36.0,11.0,0.0,Glitch,14.0,13.0,5.0,0.0,HLV,1402.0,416.0,1499.0,9.16,8.2,10.5
S250901an,False,63.0,37.0,0.0,0.0,Glitch,11.0,11.0,0.0,0.0,HL,3780.0,1189.0,2507.0,10.64,4.2,7.2
S250901k,False,70.0,30.0,0.0,0.0,Glitch,19.0,19.0,0.0,0.0,HLV,6735.0,3726.0,1108.0,11.51,1.6,4.9
S250831cm,False,10.0,0.0,12.0,78.0,BNS,14.0,0.0,7.0,14.0,HLV,301.0,102.0,982.0,6.99,2.5,19.2
S250831cc,False,71.0,0.0,1.0,28.0,Glitch,9.0,0.0,1.0,8.0,HLV,371.0,108.0,1048.0,7.28,8.0,11.4
S250830dw,False,23.0,2.0,75.0,0.0,NSBH,10.0,3.0,9.0,0.0,HL,712.0,260.0,2543.0,8.52,2.8,9.6
S250830dp,False,4.0,96.0,0.0,0.0,BBH,3.0,3.0,0.0,0.0,HL,3009.0,1013.0,1334.0,10.13,1.8,7.8
S250830co,False,56.0,0.0,2.0,42.0,Glitch,14.0,0.0,2.0,13.0,HL,312.0,107.0,2248.0,7.32,3.5,11.7
S250830bw,False,88.0,12.0,0.0,0.0,Glitch,6.0,6.0,0.0,0.0,HLV,6701.0,1872.0,3389.0,11.53,5.6,3.2
S250830bp,True,0.0,97.0,3.0,0.0,BBH,0.0,3.0,3.0,0.0,HLV,429.0,100.0,11.0,5.37,16.7,120.7
S250830ay,False,65.0,1.0,33.0,0.0,Glitch,13.0,2.0,12.0,1.0,HLV,819.0,250.0,1759.0,8.54,8.4,10.1
S250830at,False,64.0,1.0,34.0,1.0,Glitch,9.0,2.0,8.0,1.0,HL,677.0,217.0,1484.0,8.19,4.2,8.5
S250830ai,False,45.0,55.0,0.0,0.0,BBH,13.0,13.0,0.0,0.0,HLV,8462.0,2416.0,3791.0,11.89,4.9,5.4
S250830m,True,0.0,100.0,0.0,0.0,BBH,0.0,0.0,0.0,0.0,HL,3705.0,1112.0,3130.0,10.65,5.7,29.7
S250830f,False,17.0,1.0,81.0,1.0,NSBH,11.0,2.0,12.0,1.0,HL,504.0,161.0,534.0,7.41,1.3,7.9
S250830c,False,74.0,0.0,23.0,2.0,Glitch,11.0,1.0,10.0,3.0,HL,591.0,185.0,1443.0,7.98,5.3,9.9
S250829gn,False,29.0,71.0,0.0,0.0,BBH,10.0,10.0,0.0,0.0,HL,5677.0,1787.0,4130.0,11.38,3.4,7.7
S250829ev,False,84.0,0.0,2.0,14.0,Glitch,7.0,0.0,2.0,6.0,HL,429.0,140.0,1898.0,7.69,5.0,9.6
S250829eg,False,80.0,3.0,16.0,0.0,Glitch,9.0,2.0,8.0,0.0,HLV,1002.0,450.0,5419.0,9.45,3.4,5.6
S250829dm,False,89.0,0.0,0.0,11.0,Glitch,5.0,0.0,0.0,5.0,HL,309.0,98.0,1181.0,7.05,5.5,10.6
S250829db,False,64.0,36.0,0.0,0.0,Glitch,12.0,12.0,0.0,0.0,HL,4690.0,1468.0,2683.0,10.95,4.5,7.4
S250829da,False,22.0,78.0,0.0,0.0,BBH,10.0,10.0,0.0,0.0,HL,6188.0,2089.0,5581.0,11.65,3.2,8.2
S250829bo,False,88.0,12.0,0.0,0.0,Glitch,7.0,7.0,0.0,0.0,HL,6170.0,2389.0,3109.0,11.55,2.0,3.6
S250829bj,False,61.0,39.0,0.0,0.0,Glitch,12.0,12.0,0.0,0.0,HL,3611.0,1159.0,1936.0,10.47,4.6,7.6
S250829z,False,78.0,22.0,0.0,0.0,Glitch,10.0,10.0,0.0,0.0,HLV,12098.0,3558.0,3188.0,12.29,5.8,5.5
S250829w,False,79.0,0.0,1.0,20.0,Glitch,7.0,0.0,1.0,7.0,HLV,373.0,109.0,1263.0,7.36,6.8,10.0
S250828ek,False,51.0,49.0,0.0,0.0,Glitch,14.0,14.0,0.0,0.0,HLV,10176.0,3152.0,5365.0,12.31,6.0,7.1
S250828cl,False,67.0,0.0,29.0,4.0,Glitch,10.0,1.0,9.0,3.0,HLV,652.0,201.0,2312.0,8.38,6.0,8.7
S250828ch,False,75.0,25.0,0.0,0.0,Glitch,11.0,11.0,0.0,0.0,HLV,9956.0,3054.0,2220.0,11.91,6.6,6.3
S250828cg,False,88.0,12.0,0.0,0.0,Glitch,5.0,5.0,0.0,0.0,HLV,8630.0,2711.0,3010.0,11.87,5.5,3.8
S250828br,False,81.0,19.0,0.0,0.0,Glitch,6.0,6.0,0.0,0.0,HLV,5941.0,1678.0,3495.0,11.41,6.1,4.6
S250828bn,False,94.0,0.0,6.0,1.0,Glitch,3.0,0.0,3.0,1.0,HLV,744.0,247.0,4101.0,8.82,6.6,6.4
S250828al,False,40.0,59.0,1.0,0.0,BBH,13.0,12.0,1.0,0.0,HL,2081.0,675.0,5533.0,10.22,3.7,8.6
S250828aj,False,95.0,0.0,0.0,5.0,Glitch,2.0,0.0,0.0,2.0,HLV,383.0,125.0,1351.0,7.48,7.1,7.7
S250828ac,False,66.0,2.0,33.0,0.0,Glitch,15.0,2.0,14.0,0.0,HLV,949.0,287.0,3072.0,8.98,7.7,9.6
S250828x,False,91.0,0.0,2.0,7.0,Glitch,4.0,0.0,2.0,3.0,HLV,511.0,151.0,1610.0,7.87,7.4,8.2
S250828g,False,83.0,2.0,15.0,0.0,Glitch,7.0,2.0,6.0,0.0,HLV,1080.0,342.0,4205.0,9.29,6.7,7.7
S250828a,False,84.0,16.0,0.0,0.0,Glitch,6.0,6.0,0.0,0.0,HLV,6080.0,2204.0,5978.0,11.76,5.3,4.4
S250827fy,False,88.0,12.0,0.0,0.0,Glitch,6.0,6.0,0.0,0.0,HLV,7028.0,2513.0,3846.0,11.76,5.3,3.7
S250827fo,True,0.0,76.0,23.0,0.0,BBH,0.0,7.0,7.0,0.0,HLV,1064.0,295.0,967.0,8.59,7.4,21.9
S250827et,False,88.0,12.0,0.0,0.0,Glitch,8.0,8.0,0.0,0.0,HLV,10134.0,3790.0,9448.0,12.8,3.3,2.3
S250827dh,False,74.0,0.0,1.0,25.0,Glitch,8.0,0.0,1.0,8.0,HL,349.0,116.0,2537.0,7.55,4.7,11.4
S250827cf,False,86.0,0.0,1.0,13.0,Glitch,6.0,0.0,1.0,5.0,HLV,427.0,139.0,1498.0,7.68,6.6,8.2
S250827cc,False,88.0,12.0,0.0,0.0,Glitch,5.0,5.0,0.0,0.0,HLV,2892.0,837.0,3412.0,10.47,6.6,4.6
S250827bu,False,66.0,34.0,0.0,0.0,Glitch,11.0,11.0,0.0,0.0,HLV,5371.0,1910.0,4287.0,11.45,5.3,5.1
S250827m,False,85.0,15.0,0.0,0.0,Glitch,8.0,8.0,0.0,0.0,HLV,12637.0,4248.0,3955.0,12.49,5.7,5.5
S250827l,True,0.0,100.0,0.0,0.0,BBH,0.0,0.0,0.0,0.0,HLV,2132.0,580.0,1145.0,9.55,8.7,34.9
S250826c,False,89.0,11.0,0.0,0.0,Glitch,6.0,6.0,0.0,0.0,HL,4052.0,1221.0,3316.0,10.85,3.8,5.1
S250825bf,False,46.0,54.0,0.0,0.0,BBH,11.0,11.0,0.0,0.0,HL,3343.0,1102.0,2082.0,10.41,4.5,8.2
S250825p,False,40.0,60.0,0.0,0.0,BBH,14.0,14.0,0.0,0.0,HL,6492.0,2129.0,5461.0,11.7,2.8,6.8
S250824ez,False,73.0,26.0,1.0,0.0,Glitch,11.0,11.0,1.0,0.0,HL,1884.0,583.0,3067.0,9.82,4.6,8.0
S250824er,False,75.0,1.0,24.0,1.0,Glitch,10.0,2.0,10.0,1.0,HL,695.0,214.0,1613.0,8.25,5.4,9.3
S250824dg,False,90.0,10.0,0.0,0.0,Glitch,5.0,5.0,0.0,0.0,HLV,6849.0,2240.0,2198.0,11.45,6.3,4.4
S250824db,False,42.0,58.0,0.0,0.0,BBH,10.0,10.0,0.0,0.0,HLV,3299.0,982.0,2150.0,10.44,7.1,7.8
S250824cf,False,96.0,0.0,0.0,3.0,Glitch,2.0,0.0,0.0,1.0,HLV,465.0,147.0,4270.0,8.23,5.2,4.5
S250824cb,False,72.0,28.0,0.0,0.0,Glitch,8.0,8.0,0.0,0.0,HLV,4962.0,1397.0,2629.0,11.05,6.0,4.8
S250824bg,False,49.0,1.0,49.0,1.0,Glitch,10.0,2.0,9.0,2.0,HLV,701.0,217.0,1313.0,8.24,7.7,10.4
S250823dw,False,53.0,46.0,1.0,0.0,Glitch,17.0,17.0,1.0,0.0,HL,1704.0,522.0,1277.0,9.32,5.2,9.0
S250823bz,False,63.0,1.0,36.0,1.0,Glitch,12.0,2.0,11.0,1.0,HLV,787.0,224.0,1610.0,8.44,7.8,9.5
S250823ak,False,76.0,24.0,0.0,0.0,Glitch,9.0,9.0,0.0,0.0,HLV,2041.0,590.0,1316.0,9.6,7.9,7.3
S250823ad,False,46.0,54.0,0.0,0.0,BBH,12.0,12.0,0.0,0.0,HLV,4641.0,1491.0,2345.0,10.95,5.0,5.1
S250823p,False,60.0,5.0,35.0,0.0,Glitch,10.0,5.0,8.0,0.0,HLV,976.0,294.0,1498.0,8.71,7.7,9.9
S250823e,False,59.0,41.0,0.0,0.0,Glitch,12.0,12.0,0.0,0.0,HLV,5851.0,1711.0,4791.0,11.52,4.8,4.3
S250823a,False,76.0,0.0,2.0,22.0,Glitch,9.0,0.0,2.0,8.0,HLV,449.0,134.0,1301.0,7.62,7.1,9.3
S250822as,False,58.0,42.0,0.0,0.0,Glitch,10.0,10.0,0.0,0.0,HLV,2827.0,883.0,1789.0,10.18,7.2,7.3
S250821ce,False,85.0,15.0,0.0,0.0,Glitch,5.0,5.0,0.0,0.0,HLV,3892.0,1205.0,2307.0,10.68,6.4,4.9
S250821br,False,80.0,20.0,0.0,0.0,Glitch,8.0,8.0,0.0,0.0,HLV,8137.0,2266.0,2210.0,11.61,5.9,4.4
S250821bm,False,70.0,0.0,2.0,28.0,Glitch,9.0,0.0,2.0,7.0,HLV,417.0,123.0,1236.0,7.51,8.1,11.1
S250821ao,False,99.0,0.0,0.0,1.0,Glitch,0.0,0.0,0.0,0.0,HLV,277.0,97.0,2601.0,7.4,6.8,7.6
S250821ah,False,71.0,29.0,0.0,0.0,Glitch,9.0,9.0,0.0,0.0,HLV,2731.0,1061.0,2046.0,10.3,4.0,3.3
S250821f,False,57.0,39.0,4.0,0.0,Glitch,13.0,12.0,3.0,0.0,HLV,1462.0,445.0,1087.0,9.1,7.5,8.8
S250820ds,False,66.0,0.0,22.0,12.0,Glitch,11.0,1.0,8.0,8.0,HLV,578.0,174.0,1820.0,8.1,7.7,11.0
S250820do,False,85.0,0.0,14.0,1.0,Glitch,6.0,0.0,6.0,1.0,HLV,652.0,194.0,1186.0,8.07,6.7,7.2
S250820cx,False,80.0,20.0,0.0,0.0,Glitch,9.0,9.0,0.0,0.0,HL,6121.0,1853.0,2131.0,11.19,4.5,6.3
S250820cw,False,41.0,4.0,56.0,0.0,NSBH,14.0,4.0,14.0,1.0,HL,890.0,272.0,2667.0,8.78,5.4,11.3
S250820bm,False,84.0,16.0,0.0,0.0,Glitch,7.0,7.0,0.0,0.0,HL,8258.0,2692.0,6023.0,12.07,2.3,4.3
S250820ae,False,91.0,0.0,2.0,7.0,Glitch,4.0,0.0,2.0,3.0,HLV,479.0,138.0,999.0,7.6,8.1,8.6
S250820i,False,67.0,4.0,30.0,0.0,Glitch,12.0,4.0,10.0,0.0,HL,1014.0,328.0,4417.0,9.17,4.6,9.7
S250818ed,False,36.0,64.0,0.0,0.0,BBH,18.0,18.0,0.0,0.0,HV,5769.0,2310.0,12401.0,12.11,2.0,7.0
S250818dx,False,74.0,26.0,0.0,0.0,Glitch,10.0,10.0,0.0,0.0,HLV,7681.0,2747.0,2549.0,11.74,4.8,4.4
S250818cm,False,83.0,17.0,0.0,0.0,Glitch,9.0,9.0,0.0,0.0,HLV,11020.0,3211.0,4110.0,12.29,6.3,5.5
S250818cl,False,75.0,25.0,0.0,0.0,Glitch,10.0,10.0,0.0,0.0,HLV,10932.0,3068.0,3995.0,12.28,5.8,5.3
S250818ca,False,87.0,13.0,0.0,0.0,Glitch,5.0,5.0,0.0,0.0,HLV,8271.0,2296.0,2234.0,11.64,6.6,4.6
S250818t,True,0.0,98.0,1.0,0.0,BBH,0.0,1.0,1.0,0.0,HLV,1311.0,350.0,377.0,8.44,6.3,22.3
S250818t,True,0.0,98.0,1.0,0.0,BBH,0.0,1.0,1.0,0.0,HLV,1311.0,350.0,377.0,8.44,6.3,22.3
S250818o,False,77.0,0.0,17.0,6.0,Glitch,10.0,0.0,8.0,5.0,HLV,587.0,176.0,1355.0,7.98,7.6,9.8
S250818o,False,77.0,0.0,17.0,6.0,Glitch,10.0,0.0,8.0,5.0,HLV,587.0,176.0,1355.0,7.98,7.6,9.8
S250818k,True,96.0,0.0,0.0,4.0,Glitch,4.0,0.0,0.0,4.0,HLV,259.0,74.0,786.0,6.68,8.8,11.7
S250818k,False,96.0,0.0,0.0,4.0,Glitch,4.0,0.0,0.0,4.0,HLV,259.0,74.0,786.0,6.68,8.8,11.7
S250818h,False,22.0,78.0,0.0,0.0,BBH,10.0,10.0,0.0,0.0,HLV,2860.0,868.0,1518.0,10.11,6.0,7.2
S250818h,False,22.0,78.0,0.0,0.0,BBH,10.0,10.0,0.0,0.0,HLV,2860.0,868.0,1518.0,10.11,6.0,7.2
S250817fb,False,86.0,14.0,0.0,0.0,Glitch,11.0,11.0,0.0,0.0,HLV,12829.0,5571.0,11222.0,13.21,0.5,1.9
S250817dm,False,19.0,1.0,76.0,3.0,NSBH,19.0,1.0,18.0,5.0,HLV,602.0,227.0,2035.0,8.25,1.4,8.0
S250817cn,False,89.0,0.0,3.0,8.0,Glitch,6.0,0.0,3.0,4.0,HLV,571.0,167.0,3226.0,8.32,5.3,6.1
S250817by,False,90.0,10.0,0.0,0.0,Glitch,4.0,4.0,0.0,0.0,HLV,4600.0,1586.0,4117.0,11.22,5.9,4.1
S250817f,False,92.0,3.0,4.0,0.0,Glitch,6.0,3.0,4.0,0.0,HLV,1385.0,408.0,3182.0,9.48,7.1,6.8
S250817e,False,7.0,93.0,0.0,0.0,BBH,5.0,5.0,0.0,0.0,HLV,3587.0,1140.0,1253.0,10.35,3.9,7.0
S250816at,False,26.0,0.0,28.0,46.0,BNS,15.0,0.0,12.0,18.0,LV,392.0,132.0,13643.0,8.5,1.5,9.7
S250816w,False,24.0,76.0,0.0,0.0,BBH,11.0,11.0,0.0,0.0,HLV,4721.0,1704.0,6325.0,11.45,4.2,6.4
S250816v,False,57.0,43.0,0.0,0.0,Glitch,12.0,12.0,0.0,0.0,HLV,5120.0,1851.0,4046.0,11.37,4.7,4.9
S250815da,False,88.0,10.0,1.0,0.0,Glitch,7.0,5.0,2.0,0.0,HLV,1644.0,588.0,3756.0,9.84,5.0,4.2
S250815cl,False,51.0,0.0,29.0,20.0,Glitch,13.0,0.0,12.0,9.0,HLV,539.0,162.0,1774.0,8.01,4.9,9.0
S250815cf,False,72.0,28.0,0.0,0.0,Glitch,10.0,10.0,0.0,0.0,HLV,8419.0,2738.0,3161.0,11.86,5.9,5.6
S250815cc,False,12.0,88.0,0.0,0.0,BBH,6.0,6.0,0.0,0.0,HLV,4093.0,1298.0,1829.0,10.71,6.1,8.2
S250815be,False,44.0,56.0,0.0,0.0,BBH,10.0,10.0,0.0,0.0,HLV,4440.0,1351.0,5424.0,11.25,6.3,7.2
S250815v,False,71.0,29.0,0.0,0.0,Glitch,8.0,8.0,0.0,0.0,HLV,5200.0,1548.0,2670.0,11.15,6.2,5.4
S250814ee,False,59.0,41.0,0.0,0.0,Glitch,13.0,13.0,0.0,0.0,HLV,6100.0,2040.0,2988.0,11.45,4.0,3.7
S250814cb,False,68.0,32.0,0.0,0.0,Glitch,12.0,12.0,0.0,0.0,LV,5619.0,2387.0,13195.0,12.12,2.2,3.3
S250814bs,False,28.0,72.0,0.0,0.0,BBH,17.0,17.0,0.0,0.0,HLV,11323.0,3365.0,2686.0,12.13,6.6,10.2
S250814bg,True,96.0,4.0,0.0,0.0,Glitch,3.0,3.0,0.0,0.0,HLV,13504.0,6537.0,7867.0,13.35,2.6,1.7
S250814at,False,67.0,31.0,2.0,0.0,Glitch,16.0,15.0,2.0,0.0,HLV,1986.0,574.0,4274.0,10.06,4.9,5.0
S250813cq,False,71.0,29.0,0.0,0.0,Glitch,11.0,11.0,0.0,0.0,HLV,9615.0,2837.0,2467.0,11.88,5.4,5.0
S250813cp,False,89.0,0.0,1.0,10.0,Glitch,6.0,0.0,1.0,5.0,HLV,435.0,129.0,842.0,7.4,8.6,9.4
S250813ak,False,73.0,27.0,0.0,0.0,Glitch,8.0,8.0,0.0,0.0,HLV,5622.0,1784.0,2985.0,11.29,6.0,5.3
S250813ab,False,32.0,68.0,0.0,0.0,BBH,10.0,10.0,0.0,0.0,HLV,7573.0,2495.0,3590.0,11.76,5.0,6.7
S250813v,False,21.0,79.0,0.0,0.0,BBH,9.0,9.0,0.0,0.0,HLV,4640.0,1358.0,1647.0,10.76,7.4,8.6
S250813v,False,21.0,79.0,0.0,0.0,BBH,9.0,9.0,0.0,0.0,HLV,4640.0,1358.0,1647.0,10.76,7.4,8.6
S250813k,True,0.0,100.0,0.0,0.0,BBH,0.0,0.0,0.0,0.0,HLV,932.0,209.0,18.0,6.62,17.2,139.2
S250813k,True,0.0,100.0,0.0,0.0,BBH,0.0,0.0,0.0,0.0,HLV,932.0,209.0,18.0,6.62,17.2,139.2
S250812bl,False,32.0,0.0,22.0,46.0,BNS,17.0,0.0,10.0,18.0,LV,387.0,133.0,13815.0,8.49,1.4,8.8
S250812ae,False,90.0,10.0,0.0,0.0,Glitch,8.0,8.0,0.0,0.0,HLV,19062.0,5677.0,4545.0,13.04,6.1,5.8
S250811an,False,76.0,24.0,0.0,0.0,Glitch,8.0,8.0,0.0,0.0,HLV,2599.0,1441.0,1066.0,10.16,2.7,2.6
S250810ck,True,1.0,82.0,17.0,0.0,BBH,1.0,6.0,5.0,0.0,HV,628.0,164.0,3454.0,8.39,3.0,37.2
S250810ca,False,4.0,96.0,0.0,0.0,BBH,2.0,2.0,0.0,0.0,HLV,4753.0,1460.0,2310.0,10.94,5.1,9.4
S250810bu,False,18.0,82.0,0.0,0.0,BBH,7.0,7.0,0.0,0.0,HLV,6504.0,2299.0,2453.0,11.42,5.4,8.0
S250810bk,False,89.0,0.0,1.0,10.0,Glitch,7.0,0.0,1.0,6.0,HLV,486.0,146.0,1721.0,7.86,6.8,7.6
S250810bd,False,16.0,81.0,3.0,0.0,BBH,10.0,9.0,2.0,0.0,HLV,1664.0,485.0,1469.0,9.37,7.8,11.2
S250810ab,False,89.0,0.0,9.0,1.0,Glitch,5.0,1.0,5.0,1.0,HLV,664.0,203.0,1326.0,8.15,7.7,8.1
S250810w,False,51.0,49.0,0.0,0.0,Glitch,11.0,10.0,0.0,0.0,HLV,2237.0,724.0,2945.0,10.08,7.2,8.5
S250809be,False,44.0,1.0,54.0,1.0,NSBH,11.0,2.0,10.0,2.0,HLV,696.0,208.0,1205.0,8.17,7.9,10.7
S250809an,False,77.0,23.0,0.0,0.0,Glitch,9.0,9.0,0.0,0.0,HLV,7157.0,2105.0,1790.0,11.37,6.1,4.7
S250809ab,False,86.0,14.0,0.0,0.0,Glitch,4.0,4.0,0.0,0.0,HLV,3856.0,1259.0,3128.0,10.86,5.1,3.1
S250808ct,False,67.0,33.0,0.0,0.0,Glitch,8.0,8.0,0.0,0.0,HLV,4068.0,1291.0,2726.0,10.83,6.2,5.9
S250808cq,False,94.0,0.0,1.0,6.0,Glitch,4.0,0.0,1.0,3.0,HLV,430.0,191.0,4493.0,8.3,4.4,5.3
S250808cg,False,67.0,33.0,0.0,0.0,Glitch,12.0,12.0,0.0,0.0,HLV,7400.0,2117.0,3225.0,11.66,5.2,4.2
S250808cb,False,88.0,12.0,0.0,0.0,Glitch,5.0,5.0,0.0,0.0,HLV,2155.0,773.0,1325.0,9.75,6.5,5.0
S250808bb,False,96.0,4.0,0.0,0.0,Glitch,2.0,2.0,0.0,0.0,HLV,13042.0,4400.0,10445.0,13.07,4.3,1.8
S250808y,False,58.0,40.0,2.0,0.0,Glitch,17.0,15.0,2.0,0.0,HLV,1807.0,561.0,2873.0,9.79,5.3,6.2
S250808o,False,72.0,28.0,0.0,0.0,Glitch,13.0,13.0,0.0,0.0,HLV,8074.0,3030.0,1772.0,11.7,4.3,4.5
S250808d,False,78.0,22.0,0.0,0.0,Glitch,6.0,6.0,0.0,0.0,HLV,4146.0,1162.0,2678.0,10.81,6.8,5.7
S250807y,False,21.0,78.0,1.0,0.0,BBH,12.0,12.0,1.0,0.0,HLV,1697.0,527.0,1161.0,9.33,6.5,8.9
S250807j,False,52.0,3.0,45.0,0.0,Glitch,23.0,3.0,23.0,1.0,HLV,610.0,321.0,2141.0,8.58,-1.5,3.4
S250806fj,False,70.0,23.0,7.0,0.0,Glitch,11.0,10.0,4.0,0.0,HLV,1384.0,401.0,1274.0,9.07,8.0,9.3
S250806ec,False,73.0,27.0,0.0,0.0,Glitch,15.0,15.0,0.0,0.0,HLV,12504.0,4128.0,16072.0,13.0,0.2,1.4
S250806dz,False,69.0,27.0,4.0,0.0,Glitch,16.0,13.0,4.0,0.0,HLV,1419.0,475.0,1453.0,9.21,6.2,7.3
S250806dt,False,89.0,0.0,1.0,10.0,Glitch,6.0,0.0,1.0,5.0,HLV,450.0,129.0,1230.0,7.61,7.9,8.7
S250806dg,False,2.0,98.0,0.0,0.0,BBH,2.0,2.0,0.0,0.0,HV,1067.0,351.0,1125.0,8.55,-0.4,16.5
S250806bl,False,1.0,99.0,0.0,0.0,BBH,1.0,1.0,0.0,0.0,HV,1740.0,662.0,8454.0,10.52,2.3,11.4
S250806bj,False,54.0,20.0,26.0,0.0,Glitch,16.0,9.0,12.0,0.0,HLV,1138.0,338.0,1295.0,8.83,6.7,9.1
S250806ap,False,94.0,0.0,1.0,5.0,Glitch,3.0,0.0,1.0,2.0,HLV,507.0,145.0,1223.0,7.74,7.9,7.9
S250806ah,False,39.0,61.0,0.0,0.0,BBH,11.0,11.0,0.0,0.0,HLV,3777.0,1235.0,3024.0,10.79,6.1,7.1
S250805eo,False,83.0,17.0,0.0,0.0,Glitch,8.0,8.0,0.0,0.0,HLV,9889.0,2864.0,4156.0,12.18,6.4,5.3
S250805eh,False,97.0,0.0,2.0,2.0,Glitch,2.0,0.0,1.0,1.0,LV,490.0,194.0,19723.0,8.89,2.0,1.6
S250805eg,False,6.0,0.0,12.0,82.0,BNS,10.0,0.0,7.0,11.0,HLV,332.0,98.0,1532.0,7.28,3.5,22.4
S250805dr,False,63.0,37.0,0.0,0.0,Glitch,22.0,22.0,0.0,0.0,HL,4237.0,1909.0,2281.0,11.04,0.0,2.8
S250805cu,False,72.0,28.0,0.0,0.0,Glitch,11.0,11.0,0.0,0.0,HL,6238.0,1923.0,3022.0,11.37,4.3,6.8
S250805ct,False,76.0,24.0,0.0,0.0,Glitch,14.0,14.0,0.0,0.0,HL,11909.0,3681.0,6720.0,12.6,3.6,6.8
S250805cd,False,56.0,0.0,2.0,42.0,Glitch,13.0,0.0,2.0,12.0,HL,349.0,107.0,1846.0,7.4,5.9,13.2
S250805ad,False,85.0,1.0,13.0,0.0,Glitch,6.0,1.0,5.0,0.0,HLV,762.0,336.0,1683.0,8.68,3.4,4.4
S250804e,False,52.0,1.0,45.0,2.0,Glitch,9.0,1.0,8.0,2.0,HLV,674.0,199.0,1323.0,8.16,7.6,10.3
S250803cg,False,90.0,10.0,0.0,0.0,Glitch,6.0,6.0,0.0,0.0,HLV,13116.0,3984.0,2875.0,12.38,6.2,5.1
S250803cd,False,86.0,2.0,12.0,0.0,Glitch,6.0,2.0,5.0,0.0,HLV,922.0,274.0,953.0,8.42,8.0,8.1
S250803bn,False,69.0,31.0,0.0,0.0,Glitch,10.0,10.0,0.0,0.0,HLV,3859.0,1430.0,2057.0,10.75,3.9,3.1
S250803ao,False,40.0,1.0,57.0,1.0,NSBH,13.0,1.0,13.0,2.0,HV,501.0,177.0,15174.0,8.85,1.3,6.3
S250803z,False,87.0,0.0,1.0,12.0,Glitch,5.0,0.0,1.0,5.0,HLV,366.0,122.0,1048.0,7.3,5.7,7.7
S250802en,False,65.0,34.0,0.0,0.0,Glitch,14.0,14.0,0.0,0.0,HV,1196.0,566.0,5111.0,9.97,3.2,4.7
S250802ef,False,32.0,68.0,0.0,0.0,BBH,11.0,11.0,0.0,0.0,HLV,5798.0,1718.0,4114.0,11.44,5.0,5.8
S250802dq,False,71.0,5.0,25.0,0.0,Glitch,9.0,5.0,8.0,0.0,HLV,1001.0,296.0,1288.0,8.65,8.6,10.2
S250802dn,True,2.0,98.0,0.0,0.0,BBH,2.0,2.0,0.0,0.0,HL,2957.0,1075.0,4470.0,10.58,3.6,12.2
S250802dd,False,37.0,12.0,51.0,0.0,NSBH,11.0,9.0,9.0,0.0,HLV,942.0,291.0,941.0,8.47,8.0,11.3
S250802ch,False,72.0,28.0,0.0,0.0,Glitch,8.0,8.0,0.0,0.0,HLV,2710.0,834.0,1348.0,10.02,7.1,6.3
S250802bl,False,74.0,6.0,19.0,0.0,Glitch,12.0,5.0,10.0,0.0,HLV,1053.0,333.0,1692.0,8.9,6.3,7.8
S250802at,False,59.0,1.0,6.0,35.0,Glitch,34.0,2.0,7.0,31.0,HLV,168.0,77.0,412.0,5.97,-4.8,39.1
S250802aq,False,96.0,0.0,3.0,0.0,Glitch,6.0,1.0,5.0,0.0,HLV,780.0,402.0,9894.0,9.68,3.7,0.2
S250802ap,False,84.0,0.0,1.0,15.0,Glitch,6.0,0.0,1.0,6.0,HLV,413.0,122.0,1186.0,7.47,8.3,10.3
S250801cx,False,78.0,0.0,2.0,19.0,Glitch,10.0,0.0,2.0,9.0,HLV,482.0,152.0,2700.0,8.05,6.5,8.9
S250801ct,False,24.0,76.0,0.0,0.0,BBH,11.0,11.0,0.0,0.0,HLV,4884.0,1486.0,3328.0,11.16,4.1,5.3
S250801cn,False,13.0,86.0,0.0,0.0,BBH,9.0,9.0,0.0,0.0,HLV,2304.0,706.0,1746.0,9.88,6.6,9.1
S250801ao,False,41.0,59.0,0.0,0.0,BBH,12.0,12.0,0.0,0.0,HLV,2669.0,791.0,922.0,9.8,7.8,8.1
S250801u,False,26.0,73.0,0.0,0.0,BBH,11.0,11.0,0.0,0.0,HLV,2562.0,871.0,1100.0,9.87,4.6,5.7
S250801t,False,79.0,21.0,0.0,0.0,Glitch,9.0,9.0,0.0,0.0,HLV,6213.0,2071.0,1899.0,11.25,6.3,5.2
S250801i,False,92.0,0.0,0.0,7.0,Glitch,4.0,0.0,1.0,3.0,HLV,427.0,125.0,1860.0,7.69,7.0,7.9
S250801h,False,67.0,33.0,0.0,0.0,Glitch,18.0,18.0,0.0,0.0,HLV,14656.0,4572.0,3920.0,12.65,3.8,6.4
S250731bf,False,31.0,0.0,21.0,47.0,BNS,31.0,1.0,21.0,30.0,HLV,380.0,177.0,4163.0,8.07,-1.3,11.7
S250730c,False,75.0,0.0,1.0,24.0,Glitch,14.0,0.0,1.0,13.0,HLV,307.0,98.0,1794.0,7.25,4.4,10.2
S250730a,False,33.0,1.0,57.0,9.0,NSBH,14.0,1.0,15.0,5.0,LV,463.0,165.0,13887.0,8.75,1.5,8.3
S250729cg,False,15.0,6.0,78.0,0.0,NSBH,7.0,4.0,7.0,0.0,HL,821.0,279.0,2335.0,8.67,3.9,11.4
S250729bt,False,57.0,43.0,0.0,0.0,Glitch,20.0,20.0,0.0,0.0,HL,6662.0,2471.0,2000.0,11.41,1.3,4.5
S250729bi,False,91.0,9.0,0.0,0.0,Glitch,5.0,5.0,0.0,0.0,HL,6456.0,2112.0,4313.0,11.63,2.5,3.5
S250729bg,False,13.0,87.0,0.0,0.0,BBH,5.0,5.0,0.0,0.0,HL,5177.0,1656.0,3958.0,11.24,4.3,9.6
S250729ak,False,13.0,78.0,9.0,0.0,BBH,8.0,8.0,4.0,0.0,HL,1368.0,454.0,2372.0,9.3,4.1,11.4
S250729n,False,35.0,2.0,62.0,0.0,NSBH,12.0,3.0,11.0,1.0,HL,810.0,271.0,3536.0,8.8,4.3,10.6
S250728do,False,81.0,0.0,1.0,17.0,Glitch,8.0,0.0,2.0,7.0,HLV,410.0,131.0,1137.0,7.48,8.5,10.8
S250728de,False,91.0,0.0,8.0,1.0,Glitch,3.0,0.0,3.0,1.0,HLV,657.0,218.0,1766.0,8.31,6.9,7.1
S250728cd,False,86.0,1.0,2.0,11.0,Glitch,22.0,2.0,6.0,18.0,HLV,70.0,15.0,23.0,3.38,-2.7,29.0
S250728bx,False,46.0,0.0,15.0,39.0,Glitch,14.0,0.0,6.0,13.0,HLV,439.0,136.0,923.0,7.49,5.0,9.2
S250728bp,False,88.0,0.0,2.0,10.0,Glitch,6.0,0.0,2.0,5.0,HLV,488.0,146.0,1540.0,7.79,7.8,9.1
S250728ar,False,68.0,14.0,18.0,0.0,Glitch,16.0,7.0,12.0,0.0,HLV,1115.0,410.0,2205.0,9.16,5.8,8.3
S250728ae,False,79.0,0.0,1.0,20.0,Glitch,9.0,0.0,1.0,9.0,HLV,391.0,125.0,1631.0,7.56,5.4,8.6
S250728y,False,73.0,0.0,1.0,26.0,Glitch,14.0,0.0,1.0,13.0,HLV,289.0,89.0,893.0,6.9,4.7,9.8
S250728y,False,73.0,0.0,1.0,26.0,Glitch,14.0,0.0,1.0,13.0,HLV,289.0,89.0,893.0,6.9,4.7,9.8
S250728p,False,97.0,0.0,0.0,3.0,Glitch,2.0,0.0,0.0,2.0,HLV,317.0,96.0,1365.0,7.18,7.4,9.3
S250728d,False,97.0,2.0,1.0,0.0,Glitch,3.0,2.0,1.0,0.0,HV,1173.0,381.0,26780.0,9.91,1.8,0.0
S250727dw,False,55.0,1.0,43.0,2.0,Glitch,11.0,1.0,11.0,2.0,HLV,651.0,190.0,1205.0,8.06,6.0,8.5
S250727dk,False,11.0,89.0,0.0,0.0,BBH,7.0,7.0,0.0,0.0,HLV,7107.0,2390.0,1801.0,11.45,7.0,10.6
S250727di,False,85.0,15.0,0.0,0.0,Glitch,5.0,5.0,0.0,0.0,HLV,4641.0,1578.0,2323.0,10.97,5.4,3.7
S250727dc,True,0.0,100.0,0.0,0.0,BBH,0.0,0.0,0.0,0.0,HLV,1172.0,256.0,23.0,7.01,12.2,32.9
S250727cm,False,86.0,0.0,1.0,13.0,Glitch,6.0,0.0,1.0,5.0,HLV,412.0,120.0,1044.0,7.42,8.3,9.9
S250727cl,True,0.0,100.0,0.0,0.0,BBH,0.0,0.0,0.0,0.0,HLV,1817.0,454.0,379.0,8.81,9.4,60.7
S250727ck,False,65.0,35.0,0.0,0.0,Glitch,10.0,10.0,0.0,0.0,HLV,3403.0,1140.0,2239.0,10.53,4.8,4.1
S250727bh,False,75.0,0.0,2.0,23.0,Glitch,11.0,0.0,1.0,11.0,HLV,418.0,128.0,2117.0,7.76,4.9,8.2
S250727bg,False,87.0,0.0,3.0,11.0,Glitch,6.0,0.0,2.0,4.0,HLV,509.0,148.0,1697.0,7.89,7.6,9.1
S250727as,False,88.0,0.0,5.0,6.0,Glitch,5.0,0.0,4.0,3.0,HLV,547.0,162.0,1542.0,7.95,8.0,9.6
S250727w,False,54.0,43.0,3.0,0.0,Glitch,17.0,15.0,3.0,0.0,HLV,1906.0,545.0,4155.0,9.99,6.0,7.4
S250727h,False,67.0,31.0,2.0,0.0,Glitch,18.0,17.0,3.0,0.0,HLV,1867.0,584.0,5434.0,10.1,3.8,4.3
S250726cb,False,71.0,29.0,1.0,0.0,Glitch,11.0,10.0,1.0,0.0,HLV,1949.0,658.0,3067.0,9.97,5.7,5.8
S250726bt,False,97.0,0.0,0.0,3.0,Glitch,5.0,0.0,0.0,4.0,HLV,184.0,148.0,1202.0,8.15,0.9,1.6
S250726ak,True,0.0,100.0,0.0,0.0,BBH,0.0,0.0,0.0,0.0,HLV,3384.0,1067.0,1027.0,10.13,10.0,32.5
S250726ah,False,46.0,29.0,25.0,0.0,Glitch,15.0,11.0,13.0,0.0,HLV,1224.0,399.0,2936.0,9.34,3.0,6.4
S250725cd,False,98.0,0.0,1.0,2.0,Glitch,3.0,0.0,1.0,2.0,LV,463.0,212.0,29945.0,8.91,1.6,-0.5
S250725bx,False,95.0,5.0,0.0,0.0,Glitch,4.0,4.0,0.0,0.0,HV,7291.0,3610.0,15524.0,12.56,2.3,2.9
S250725bw,False,22.0,78.0,0.0,0.0,BBH,11.0,11.0,0.0,0.0,HLV,2879.0,1022.0,2055.0,10.29,4.5,6.3
S250725bi,False,99.0,0.0,0.0,1.0,Glitch,1.0,0.0,0.0,1.0,HLV,548.0,167.0,22850.0,8.88,2.3,-0.6
S250725l,True,0.0,99.0,0.0,0.0,BBH,1.0,1.0,0.0,0.0,HLV,2186.0,673.0,1990.0,9.84,6.7,15.9
S250725j,True,0.0,14.0,85.0,0.0,NSBH,1.0,9.0,9.0,0.0,HLV,478.0,107.0,28.0,5.96,7.1,22.5
S250724ap,False,49.0,49.0,2.0,0.0,Glitch,13.0,12.0,1.0,0.0,HLV,1810.0,534.0,1665.0,9.55,7.3,8.5
S250724q,False,85.0,0.0,1.0,14.0,Glitch,5.0,0.0,1.0,5.0,HLV,387.0,114.0,1025.0,7.31,7.4,9.4
S250724j,False,42.0,58.0,0.0,0.0,BBH,13.0,13.0,0.0,0.0,HLV,5785.0,1677.0,1824.0,11.09,4.7,4.6
S250724f,False,66.0,34.0,0.0,0.0,Glitch,11.0,11.0,0.0,0.0,HLV,7609.0,2034.0,4101.0,11.78,5.6,4.7
S250723cb,False,97.0,0.0,1.0,1.0,Glitch,2.0,0.0,1.0,1.0,LV,381.0,201.0,15028.0,8.76,2.5,2.9
S250723bb,False,73.0,27.0,0.0,0.0,Glitch,11.0,11.0,0.0,0.0,HLV,13254.0,3858.0,4629.0,12.58,4.7,5.3
S250723an,False,92.0,0.0,5.0,3.0,Glitch,6.0,0.0,3.0,3.0,HLV,593.0,190.0,2401.0,8.27,6.0,6.5
S250723al,False,36.0,64.0,0.0,0.0,BBH,14.0,14.0,0.0,0.0,HLV,2479.0,719.0,852.0,9.66,8.2,8.7
S250723ai,False,36.0,2.0,61.0,0.0,NSBH,13.0,3.0,13.0,1.0,HLV,797.0,230.0,1170.0,8.3,8.1,10.8
S250722az,False,88.0,12.0,0.0,0.0,Glitch,7.0,7.0,0.0,0.0,HL,9673.0,3187.0,4839.0,12.17,3.5,5.6
S250722y,False,90.0,0.0,1.0,10.0,Glitch,5.0,0.0,1.0,5.0,HLV,396.0,113.0,980.0,7.32,8.4,9.7
S250721m,False,4.0,95.0,2.0,0.0,BBH,6.0,6.0,1.0,0.0,HLV,1748.0,549.0,2933.0,9.76,3.6,11.8
S250721l,False,53.0,47.0,0.0,0.0,Glitch,13.0,13.0,0.0,0.0,HLV,2353.0,776.0,1103.0,9.77,5.0,4.8
S250721e,False,70.0,30.0,0.0,0.0,Glitch,11.0,11.0,0.0,0.0,HLV,10237.0,2877.0,2700.0,12.0,5.3,5.0
S250720br,False,5.0,94.0,0.0,0.0,BBH,7.0,7.0,0.0,0.0,HLV,1822.0,560.0,1028.0,9.36,4.0,8.6
S250720bo,False,90.0,0.0,7.0,3.0,Glitch,6.0,0.0,4.0,3.0,HLV,588.0,170.0,1022.0,7.86,7.6,8.0
S250720af,False,80.0,20.0,0.0,0.0,Glitch,6.0,6.0,0.0,0.0,HLV,4129.0,1218.0,1814.0,10.65,7.1,5.8
S250720j,True,99.0,0.0,0.0,1.0,Glitch,3.0,0.0,0.0,3.0,HL,140.0,46.0,2176.0,6.28,4.3,10.1
S250719bh,False,71.0,29.0,0.0,0.0,Glitch,7.0,7.0,0.0,0.0,HLV,4345.0,1243.0,2781.0,10.9,5.9,4.8
S250719ap,False,96.0,0.0,4.0,0.0,Glitch,3.0,0.0,3.0,0.0,LV,618.0,258.0,22805.0,9.23,2.0,0.9
S250719ak,False,95.0,5.0,0.0,0.0,Glitch,3.0,3.0,0.0,0.0,HLV,8609.0,3548.0,3917.0,12.25,3.8,1.8
S250718ep,False,65.0,22.0,13.0,0.0,Glitch,14.0,10.0,8.0,0.0,HLV,1293.0,383.0,1415.0,9.03,7.8,9.6
S250718ej,False,69.0,11.0,20.0,0.0,Glitch,11.0,8.0,7.0,0.0,HLV,1144.0,337.0,1573.0,8.94,7.7,9.6
S250718ee,False,71.0,15.0,14.0,0.0,Glitch,12.0,9.0,7.0,0.0,HLV,1183.0,344.0,1012.0,8.77,8.1,9.6
S250718ea,False,86.0,0.0,1.0,14.0,Glitch,7.0,0.0,1.0,6.0,HLV,337.0,110.0,902.0,7.13,5.1,7.7
S250718dt,False,97.0,0.0,0.0,3.0,Glitch,2.0,0.0,0.0,2.0,HLV,317.0,103.0,1422.0,7.25,6.5,8.0
S250718cl,False,87.0,0.0,2.0,11.0,Glitch,7.0,0.0,2.0,6.0,HLV,464.0,133.0,991.0,7.53,8.3,9.4
S250718cf,False,91.0,0.0,4.0,5.0,Glitch,4.0,0.0,3.0,2.0,HLV,557.0,164.0,1531.0,7.97,7.7,8.7
S250718br,False,31.0,53.0,17.0,0.0,BBH,13.0,9.0,8.0,0.0,HL,1144.0,388.0,1507.0,8.88,3.5,9.6
S250718bc,False,86.0,14.0,0.0,0.0,Glitch,6.0,6.0,0.0,0.0,HL,5241.0,1595.0,2104.0,10.99,4.5,6.0
S250718as,False,67.0,33.0,0.0,0.0,Glitch,9.0,9.0,0.0,0.0,HLV,4660.0,1528.0,3868.0,11.19,6.2,6.1
S250718aq,False,1.0,99.0,0.0,0.0,BBH,1.0,1.0,0.0,0.0,LV,1531.0,492.0,10338.0,10.25,2.3,16.0
S250718af,False,86.0,14.0,0.0,0.0,Glitch,6.0,6.0,0.0,0.0,HLV,4572.0,1264.0,2330.0,10.88,5.4,2.9
S250718m,False,84.0,16.0,0.0,0.0,Glitch,7.0,7.0,0.0,0.0,HLV,7948.0,2762.0,3319.0,11.85,4.8,3.6
S250718k,False,94.0,0.0,3.0,3.0,Glitch,3.0,0.0,2.0,2.0,HLV,568.0,180.0,1800.0,8.09,7.4,8.0
S250717ac,False,17.0,2.0,80.0,1.0,NSBH,12.0,3.0,12.0,2.0,HL,723.0,221.0,1596.0,8.28,5.9,13.0
S250717x,False,4.0,96.0,0.0,0.0,BBH,2.0,2.0,0.0,0.0,HL,5664.0,1855.0,3585.0,11.31,3.8,10.5
S250716ex,False,97.0,0.0,3.0,0.0,Glitch,3.0,0.0,3.0,0.0,LV,586.0,251.0,23485.0,9.17,1.6,0.3
S250716bq,False,91.0,0.0,0.0,8.0,Glitch,4.0,0.0,1.0,4.0,HLV,401.0,134.0,1967.0,7.7,6.5,8.1
S250715h,False,56.0,1.0,42.0,2.0,Glitch,13.0,1.0,12.0,2.0,HL,602.0,225.0,3094.0,8.42,2.4,8.0
S250714t,False,50.0,0.0,3.0,46.0,Glitch,11.0,0.0,3.0,10.0,HL,366.0,116.0,1838.0,7.49,3.4,10.2
S250714g,False,54.0,46.0,0.0,0.0,Glitch,13.0,13.0,0.0,0.0,HL,6413.0,2054.0,3190.0,11.43,3.9,7.3
S250713di,False,82.0,0.0,1.0,17.0,Glitch,7.0,0.0,1.0,6.0,HLV,387.0,117.0,1231.0,7.43,6.3,8.8
S250713at,False,40.0,4.0,56.0,0.0,NSBH,11.0,4.0,10.0,0.0,HL,875.0,296.0,3250.0,8.82,4.0,10.1
S250713ai,False,96.0,0.0,1.0,4.0,Glitch,3.0,0.0,1.0,2.0,HLV,484.0,151.0,1277.0,7.75,7.0,6.2
S250712cg,False,71.0,0.0,2.0,27.0,Glitch,10.0,0.0,2.0,9.0,HLV,408.0,123.0,1031.0,7.42,6.0,8.8
S250712cd,True,1.0,99.0,0.0,0.0,BBH,1.0,1.0,0.0,0.0,HLV,2177.0,664.0,306.0,9.06,4.1,21.0
S250712ca,False,17.0,26.0,57.0,0.0,NSBH,21.0,19.0,27.0,0.0,HLV,832.0,281.0,2021.0,8.64,-0.3,19.0
S250712bt,False,84.0,0.0,2.0,14.0,Glitch,20.0,1.0,4.0,18.0,HLV,106.0,30.0,72.0,4.5,-3.4,15.1
S250712bb,False,90.0,10.0,0.0,0.0,Glitch,5.0,5.0,0.0,0.0,HLV,8879.0,3074.0,2995.0,11.94,5.1,3.7
S250712av,False,87.0,0.0,7.0,6.0,Glitch,10.0,0.0,6.0,5.0,HL,520.0,160.0,1763.0,7.91,5.1,9.2
S250712ag,False,62.0,38.0,0.0,0.0,Glitch,15.0,15.0,0.0,0.0,HL,9931.0,3203.0,3744.0,12.08,3.2,6.8
S250712ab,False,74.0,0.0,13.0,13.0,Glitch,13.0,0.0,7.0,8.0,HL,463.0,164.0,1785.0,7.83,3.9,9.5
S250712l,False,95.0,3.0,2.0,0.0,Glitch,3.0,2.0,2.0,0.0,HLV,1639.0,470.0,4992.0,9.88,5.9,4.2
S250712l,False,95.0,3.0,2.0,0.0,Glitch,3.0,2.0,2.0,0.0,HLV,1639.0,470.0,4992.0,9.88,5.9,4.2
S250711et,False,30.0,0.0,21.0,49.0,BNS,15.0,1.0,19.0,20.0,HL,298.0,190.0,5234.0,8.16,-2.7,8.4
S250711ed,False,78.0,22.0,0.0,0.0,Glitch,9.0,9.0,0.0,0.0,HLV,3796.0,1542.0,1301.0,10.58,3.9,2.5
S250711cz,False,66.0,34.0,0.0,0.0,Glitch,12.0,12.0,0.0,0.0,HL,6135.0,1970.0,5899.0,11.67,2.8,5.8
S250711cp,False,43.0,57.0,0.0,0.0,BBH,20.0,20.0,0.0,0.0,HL,4283.0,1673.0,2271.0,10.91,1.2,4.9
S250711bh,False,44.0,56.0,0.0,0.0,BBH,13.0,13.0,0.0,0.0,HLV,2335.0,744.0,1247.0,9.78,5.8,6.1
S250711at,False,78.0,1.0,21.0,0.0,Glitch,9.0,1.0,8.0,1.0,HLV,764.0,231.0,1394.0,8.37,6.8,7.4
S250711an,False,82.0,0.0,3.0,15.0,Glitch,10.0,0.0,2.0,8.0,HL,438.0,150.0,2358.0,7.87,3.5,8.2
S250711ad,False,71.0,0.0,11.0,19.0,Glitch,13.0,0.0,6.0,9.0,HL,460.0,150.0,1640.0,7.73,4.5,10.2
S250711q,True,8.0,92.0,0.0,0.0,BBH,6.0,6.0,0.0,0.0,HLV,9738.0,2925.0,2964.0,11.99,7.2,13.6
S250710bz,False,90.0,0.0,1.0,9.0,Glitch,4.0,0.0,1.0,4.0,HLV,428.0,133.0,1622.0,7.68,6.7,7.8
S250710e,False,3.0,97.0,0.0,0.0,BBH,3.0,3.0,0.0,0.0,LV,2666.0,949.0,11811.0,11.03,2.4,9.0
S250710a,False,67.0,32.0,1.0,0.0,Glitch,16.0,16.0,1.0,0.0,LV,1167.0,531.0,9640.0,10.11,2.4,3.8
S250709aw,False,96.0,0.0,3.0,0.0,Glitch,3.0,0.0,3.0,0.0,LV,705.0,233.0,27828.0,9.25,1.9,-0.2
S250709ap,False,85.0,15.0,0.0,0.0,Glitch,9.0,9.0,0.0,0.0,HLV,15059.0,4217.0,3246.0,12.59,5.2,4.7
S250709b,False,50.0,50.0,0.0,0.0,Glitch,13.0,13.0,0.0,0.0,HL,7347.0,2528.0,3803.0,11.73,3.2,7.0
S250707ak,False,93.0,7.0,0.0,0.0,Glitch,4.0,4.0,0.0,0.0,HLV,9743.0,2679.0,2554.0,11.9,5.6,2.9
S250707t,False,67.0,1.0,31.0,0.0,Glitch,13.0,2.0,13.0,1.0,HL,761.0,236.0,1404.0,8.31,5.2,9.3
S250707d,False,77.0,0.0,21.0,1.0,Glitch,7.0,1.0,7.0,2.0,HLV,643.0,208.0,1405.0,8.16,7.2,9.0
S250707a,False,41.0,59.0,0.0,0.0,BBH,17.0,17.0,0.0,0.0,HV,3804.0,1708.0,12374.0,11.64,2.5,5.2
S250706ar,False,71.0,29.0,0.0,0.0,Glitch,9.0,9.0,0.0,0.0,HL,3045.0,1059.0,3697.0,10.6,3.5,6.7
S250706aj,False,93.0,7.0,0.0,0.0,Glitch,4.0,4.0,0.0,0.0,HL,8765.0,3045.0,3909.0,12.03,2.6,3.9
S250706o,False,76.0,24.0,0.0,0.0,Glitch,16.0,16.0,0.0,0.0,HL,5849.0,2303.0,1896.0,11.25,1.2,3.3
S250706b,False,28.0,0.0,38.0,33.0,NSBH,14.0,0.0,14.0,14.0,LV,413.0,143.0,14434.0,8.58,1.6,9.5
S250705db,False,14.0,56.0,30.0,0.0,BBH,11.0,13.0,10.0,0.0,LV,944.0,321.0,12942.0,9.65,1.5,8.8
S250705da,False,49.0,51.0,0.0,0.0,BBH,13.0,13.0,0.0,0.0,LV,4425.0,1990.0,10169.0,11.84,2.4,4.4
S250705cj,False,91.0,0.0,5.0,4.0,Glitch,6.0,0.0,3.0,3.0,HLV,579.0,182.0,2379.0,8.24,5.5,6.1
S250705cb,True,0.0,96.0,4.0,0.0,BBH,0.0,2.0,2.0,0.0,HLV,1209.0,336.0,510.0,8.51,6.6,19.7
S250705ca,False,94.0,0.0,6.0,0.0,Glitch,5.0,0.0,5.0,0.0,LV,639.0,280.0,20829.0,9.3,2.0,1.4
S250705bl,False,76.0,24.0,0.0,0.0,Glitch,9.0,9.0,0.0,0.0,HL,3253.0,1120.0,2993.0,10.6,2.9,5.3
S250704dw,False,48.0,1.0,47.0,4.0,Glitch,10.0,1.0,9.0,3.0,HLV,641.0,191.0,1632.0,8.19,7.5,11.0
S250704cw,False,45.0,0.0,2.0,53.0,BNS,20.0,0.0,2.0,20.0,HLV,234.0,80.0,1132.0,6.77,2.2,14.3
S250704bv,False,58.0,42.0,0.0,0.0,Glitch,10.0,10.0,0.0,0.0,HLV,5695.0,1650.0,1223.0,10.9,6.8,6.0
S250704bm,False,31.0,69.0,0.0,0.0,BBH,10.0,10.0,0.0,0.0,HLV,8948.0,2555.0,3994.0,12.0,5.8,7.3
S250704bj,False,91.0,9.0,0.0,0.0,Glitch,4.0,4.0,0.0,0.0,HLV,4289.0,1238.0,1830.0,10.68,7.4,5.1
S250704be,False,86.0,0.0,1.0,14.0,Glitch,6.0,0.0,1.0,6.0,HLV,372.0,112.0,1802.0,7.53,7.4,10.6
S250704ab,True,0.0,37.0,63.0,0.0,NSBH,0.0,10.0,10.0,0.0,HLV,536.0,124.0,77.0,6.58,10.7,44.6
S250704y,False,45.0,6.0,48.0,0.0,NSBH,11.0,6.0,9.0,0.0,HLV,922.0,267.0,1048.0,8.47,7.3,9.8
S250704y,False,45.0,6.0,48.0,0.0,NSBH,11.0,6.0,9.0,0.0,HLV,922.0,267.0,1048.0,8.47,7.3,9.8
S250703ai,False,66.0,34.0,0.0,0.0,Glitch,27.0,27.0,0.0,0.0,HLV,8905.0,5024.0,8183.0,12.92,-1.8,6.6
S250703n,False,47.0,53.0,0.0,0.0,BBH,13.0,13.0,0.0,0.0,HLV,5752.0,2119.0,2610.0,11.39,3.8,4.5
S250703a,False,20.0,1.0,69.0,11.0,NSBH,12.0,1.0,15.0,6.0,LV,459.0,154.0,14102.0,8.7,1.3,10.1
S250702ap,False,81.0,2.0,16.0,0.0,Glitch,12.0,4.0,11.0,0.0,HLV,685.0,487.0,10211.0,9.76,-1.9,0.5
S250702ad,False,4.0,96.0,0.0,0.0,BBH,3.0,3.0,0.0,0.0,HV,1344.0,610.0,2083.0,10.3,-0.5,8.1
S250702n,True,4.0,96.0,0.0,0.0,BBH,4.0,4.0,0.0,0.0,HL,2096.0,697.0,1944.0,9.85,2.9,9.9
S250701at,False,78.0,22.0,0.0,0.0,Glitch,10.0,10.0,0.0,0.0,HL,7621.0,2409.0,3504.0,11.7,3.8,6.2
S250701ar,False,97.0,0.0,2.0,1.0,Glitch,2.0,0.0,1.0,1.0,HL,691.0,214.0,9428.0,9.19,2.7,3.6
S250701ac,False,60.0,13.0,27.0,0.0,Glitch,11.0,8.0,10.0,0.0,HL,1084.0,343.0,2271.0,8.98,5.5,10.9
S250701w,False,87.0,13.0,0.0,0.0,Glitch,7.0,7.0,0.0,0.0,HL,4748.0,1616.0,2711.0,10.99,4.2,6.0
S250630aq,False,78.0,22.0,0.0,0.0,Glitch,10.0,10.0,0.0,0.0,HL,6851.0,2348.0,2971.0,11.55,3.2,5.6
S250630s,False,57.0,3.0,40.0,0.0,Glitch,13.0,4.0,12.0,0.0,HLV,907.0,265.0,1455.0,8.58,8.2,10.3
S250629bs,True,0.0,100.0,0.0,0.0,BBH,0.0,0.0,0.0,0.0,HL,1811.0,561.0,3009.0,9.71,4.6,21.9
S250629bo,False,53.0,1.0,45.0,1.0,Glitch,12.0,2.0,12.0,1.0,HLV,751.0,233.0,1353.0,8.32,8.1,10.4
S250629aw,False,73.0,0.0,24.0,2.0,Glitch,7.0,1.0,6.0,2.0,HLV,631.0,189.0,1103.0,8.01,7.4,9.1
S250629am,False,65.0,35.0,0.0,0.0,Glitch,11.0,11.0,0.0,0.0,HLV,7102.0,2169.0,1827.0,11.37,7.0,6.6
S250629ae,True,0.0,100.0,0.0,0.0,BBH,0.0,0.0,0.0,0.0,HLV,4550.0,1295.0,3184.0,10.98,6.8,17.2
S250629ad,False,77.0,23.0,0.0,0.0,Glitch,6.0,6.0,0.0,0.0,HLV,3763.0,1048.0,1666.0,10.47,6.9,5.5
S250628am,True,0.0,97.0,3.0,0.0,BBH,0.0,1.0,1.0,0.0,HLV,1112.0,273.0,427.0,8.25,10.6,42.1
S250628m,False,15.0,85.0,0.0,0.0,BBH,8.0,8.0,0.0,0.0,LV,2520.0,1014.0,13417.0,11.03,2.0,5.4
S250627ad,False,82.0,0.0,1.0,18.0,Glitch,6.0,0.0,1.0,6.0,HLV,366.0,109.0,1028.0,7.27,6.7,9.4
S250627y,False,53.0,3.0,45.0,0.0,Glitch,13.0,2.0,14.0,0.0,HLV,905.0,374.0,10763.0,9.72,0.8,4.4
S250627o,False,90.0,0.0,1.0,9.0,Glitch,10.0,0.0,1.0,9.0,HLV,149.0,127.0,970.0,7.93,-2.0,3.1
S250627i,False,87.0,13.0,0.0,0.0,Glitch,5.0,5.0,0.0,0.0,HLV,5688.0,1572.0,1475.0,10.97,6.5,4.1
S250626an,False,57.0,33.0,9.0,0.0,Glitch,14.0,12.0,5.0,0.0,HLV,1472.0,436.0,2062.0,9.37,7.6,9.8
S250625ag,False,66.0,1.0,32.0,0.0,Glitch,13.0,2.0,13.0,1.0,HL,766.0,235.0,1918.0,8.46,5.4,9.8
S250625ab,False,76.0,0.0,21.0,3.0,Glitch,8.0,1.0,8.0,2.0,HL,600.0,201.0,2835.0,8.31,3.8,8.8
S250625y,False,58.0,34.0,7.0,0.0,Glitch,14.0,14.0,4.0,0.0,HL,1385.0,433.0,2136.0,9.26,5.0,9.9
S250624as,False,59.0,0.0,4.0,38.0,Glitch,12.0,0.0,3.0,10.0,HL,349.0,117.0,1714.0,7.44,1.7,8.1
S250624p,False,90.0,0.0,0.0,10.0,Glitch,4.0,0.0,0.0,4.0,HL,329.0,104.0,1371.0,7.21,5.4,10.2
S250623ag,False,64.0,0.0,3.0,33.0,Glitch,13.0,0.0,2.0,12.0,HLV,443.0,136.0,2147.0,7.81,5.0,8.8
S250623ab,False,50.0,0.0,6.0,44.0,Glitch,13.0,0.0,4.0,11.0,HLV,477.0,143.0,2277.0,7.94,7.4,11.8
S250623a,False,87.0,0.0,2.0,10.0,Glitch,6.0,0.0,2.0,5.0,HLV,482.0,143.0,1234.0,7.7,8.4,9.9
S250622di,False,81.0,0.0,1.0,17.0,Glitch,7.0,0.0,1.0,6.0,HLV,434.0,134.0,1823.0,7.72,6.7,9.0
S250622av,False,80.0,1.0,19.0,0.0,Glitch,8.0,1.0,8.0,1.0,HLV,797.0,236.0,1613.0,8.47,7.4,8.0
S250622x,False,81.0,19.0,0.0,0.0,Glitch,15.0,15.0,0.0,0.0,HL,14938.0,4874.0,5441.0,12.8,2.7,6.1
S250622f,False,46.0,54.0,0.0,0.0,BBH,9.0,9.0,0.0,0.0,HLV,3696.0,1102.0,1725.0,10.49,7.1,7.3
S250622a,False,25.0,75.0,0.0,0.0,BBH,11.0,11.0,0.0,0.0,LV,2158.0,1056.0,12588.0,10.97,2.1,5.4
S250621cn,False,77.0,0.0,6.0,16.0,Glitch,12.0,0.0,4.0,9.0,HL,455.0,145.0,1692.0,7.72,4.3,9.3
S250621al,False,82.0,0.0,1.0,17.0,Glitch,8.0,0.0,1.0,7.0,HLV,413.0,130.0,1836.0,7.69,6.0,8.6
S250621i,False,78.0,22.0,0.0,0.0,Glitch,16.0,16.0,0.0,0.0,HLV,8343.0,4275.0,2386.0,12.05,0.8,3.5
S250620v,False,88.0,12.0,0.0,0.0,Glitch,6.0,6.0,0.0,0.0,HL,3590.0,1186.0,3610.0,10.78,3.0,4.5
S250620f,False,74.0,26.0,0.0,0.0,Glitch,11.0,11.0,0.0,0.0,HL,5166.0,1752.0,4899.0,11.42,2.4,4.8
S250619ca,False,79.0,21.0,0.0,0.0,Glitch,18.0,18.0,0.0,0.0,LV,12734.0,5195.0,14645.0,13.15,2.3,7.6
S250619bh,False,82.0,0.0,9.0,9.0,Glitch,10.0,0.0,6.0,6.0,HL,501.0,165.0,2083.0,7.93,4.6,9.5
S250619y,False,54.0,46.0,0.0,0.0,Glitch,13.0,13.0,0.0,0.0,HL,5963.0,1904.0,3020.0,11.31,3.7,7.0
S250618bw,False,43.0,1.0,54.0,2.0,NSBH,17.0,1.0,16.0,2.0,LV,554.0,198.0,15970.0,8.99,1.5,6.3
S250618ao,False,45.0,1.0,53.0,1.0,NSBH,14.0,2.0,14.0,2.0,HL,681.0,216.0,1468.0,8.17,5.3,10.7
S250618ae,False,69.0,9.0,22.0,0.0,Glitch,35.0,13.0,31.0,1.0,HLV,407.0,116.0,525.0,6.75,-8.7,91.2
S250618z,False,82.0,4.0,14.0,0.0,Glitch,7.0,4.0,5.0,0.0,HLV,945.0,309.0,970.0,8.52,8.3,9.4
S250618b,False,89.0,11.0,0.0,0.0,Glitch,4.0,4.0,0.0,0.0,HLV,3966.0,1204.0,2681.0,10.79,5.2,2.7
S250617bc,False,93.0,0.0,0.0,7.0,Glitch,5.0,0.0,0.0,5.0,HL,240.0,76.0,1013.0,6.66,5.6,11.6
S250616ax,False,76.0,24.0,0.0,0.0,Glitch,10.0,10.0,0.0,0.0,LV,5865.0,2585.0,12924.0,12.2,2.4,3.5
S250616ad,False,51.0,2.0,47.0,0.0,Glitch,14.0,3.0,14.0,0.0,HLV,817.0,244.0,1151.0,8.34,8.3,10.4
S250615m,False,84.0,16.0,0.0,0.0,Glitch,10.0,10.0,0.0,0.0,HLV,4591.0,2643.0,9352.0,12.07,1.6,1.2
S250615m,False,84.0,16.0,0.0,0.0,Glitch,10.0,10.0,0.0,0.0,HLV,4591.0,2643.0,9352.0,12.07,1.6,1.2
S250615j,False,82.0,18.0,0.0,0.0,Glitch,6.0,6.0,0.0,0.0,HLV,5478.0,1562.0,3571.0,11.31,5.9,4.3
S250615j,False,82.0,18.0,0.0,0.0,Glitch,6.0,6.0,0.0,0.0,HLV,5478.0,1562.0,3571.0,11.31,5.9,4.3
S250615h,False,25.0,75.0,0.0,0.0,BBH,11.0,11.0,0.0,0.0,HL,1913.0,615.0,1554.0,9.63,2.9,7.4
S250615h,False,25.0,75.0,0.0,0.0,BBH,11.0,11.0,0.0,0.0,HL,1913.0,615.0,1554.0,9.63,2.9,7.4
S250615g,False,23.0,0.0,43.0,34.0,NSBH,13.0,1.0,16.0,14.0,HL,467.0,143.0,1321.0,7.63,5.4,13.6
S250615b,False,52.0,1.0,46.0,1.0,Glitch,13.0,2.0,13.0,2.0,HL,689.0,217.0,1907.0,8.3,5.1,10.4
S250615a,False,48.0,52.0,0.0,0.0,BBH,19.0,19.0,0.0,0.0,HLV,3968.0,1759.0,7911.0,11.69,-0.1,1.5
S250614bj,False,77.0,23.0,0.0,0.0,Glitch,10.0,10.0,0.0,0.0,HL,5742.0,1912.0,3829.0,11.39,3.2,5.5
S250614bb,False,1.0,99.0,0.0,0.0,BBH,1.0,1.0,0.0,0.0,HL,4245.0,1417.0,2168.0,10.73,2.8,11.2
S250614x,False,94.0,0.0,1.0,5.0,Glitch,5.0,0.0,1.0,4.0,HLV,269.0,200.0,2804.0,8.58,-0.3,1.2
S250614p,False,85.0,0.0,14.0,1.0,Glitch,6.0,0.0,5.0,1.0,HL,641.0,241.0,5165.0,8.74,2.5,6.7
S250614c,False,21.0,0.0,37.0,41.0,BNS,13.0,0.0,15.0,16.0,LV,398.0,133.0,13450.0,8.51,1.5,10.6
S250613cn,False,31.0,69.0,0.0,0.0,BBH,10.0,10.0,0.0,0.0,LV,2204.0,1320.0,1433.0,10.4,0.9,3.8
S250613cl,False,96.0,0.0,4.0,0.0,Glitch,3.0,0.0,3.0,0.0,LV,405.0,275.0,12744.0,9.04,2.2,2.9
S250613cb,False,91.0,9.0,0.0,0.0,Glitch,5.0,5.0,0.0,0.0,HL,8954.0,2645.0,4443.0,12.0,3.5,4.8
S250613ak,False,94.0,0.0,1.0,5.0,Glitch,7.0,0.0,1.0,6.0,HLV,108.0,71.0,1840.0,6.62,-4.7,8.7
S250613w,False,85.0,15.0,0.0,0.0,Glitch,5.0,5.0,0.0,0.0,HLV,3280.0,999.0,1236.0,10.22,7.0,5.3
S250613n,False,97.0,0.0,1.0,3.0,Glitch,3.0,0.0,1.0,2.0,LV,459.0,177.0,21697.0,8.79,2.0,1.4
S250613l,False,68.0,32.0,0.0,0.0,Glitch,11.0,11.0,0.0,0.0,HLV,6847.0,2101.0,4137.0,11.68,5.3,4.7
S250613j,False,84.0,16.0,0.0,0.0,Glitch,7.0,7.0,0.0,0.0,HLV,8440.0,2572.0,2729.0,11.76,6.3,5.0
S250612aq,False,91.0,0.0,1.0,8.0,Glitch,6.0,0.0,1.0,6.0,HLV,193.0,122.0,678.0,8.02,0.1,1.9
S250612af,False,87.0,13.0,0.0,0.0,Glitch,8.0,8.0,0.0,0.0,HLV,15699.0,4356.0,3878.0,12.7,5.7,5.0
S250612k,False,86.0,0.0,12.0,1.0,Glitch,6.0,0.0,5.0,1.0,HLV,687.0,214.0,2530.0,8.51,5.2,5.7
S250611u,False,93.0,7.0,0.0,0.0,Glitch,4.0,4.0,0.0,0.0,HLV,8213.0,2646.0,3796.0,11.91,5.7,3.3
S250611h,False,6.0,1.0,65.0,28.0,NSBH,5.0,2.0,24.0,27.0,HL,301.0,104.0,433.0,6.67,-4.4,16.1
S250611g,False,45.0,3.0,27.0,25.0,Glitch,32.0,5.0,24.0,26.0,HL,113.0,28.0,54.0,4.37,-6.3,171.2
S250611f,False,38.0,4.0,38.0,20.0,Glitch,30.0,8.0,27.0,26.0,HL,134.0,34.0,80.0,4.76,-6.0,108.1
S250611e,False,5.0,2.0,65.0,28.0,NSBH,5.0,3.0,25.0,27.0,HL,286.0,93.0,437.0,6.57,-4.0,25.6
S250611d,False,67.0,33.0,0.0,0.0,Glitch,13.0,13.0,0.0,0.0,HL,8897.0,2760.0,5804.0,12.13,4.4,7.8
S250401bi,False,43.0,57.0,0.0,0.0,BBH,18.0,18.0,0.0,0.0,HL,8944.0,3027.0,8062.0,12.58,2.1,6.8
S250401av,False,10.0,90.0,0.0,0.0,BBH,4.0,4.0,0.0,0.0,HL,6751.0,2167.0,5818.0,11.77,4.2,10.1
S250401an,False,58.0,0.0,4.0,38.0,Glitch,11.0,0.0,3.0,9.0,HL,383.0,136.0,2235.0,7.7,3.4,9.9
S250331cv,False,60.0,40.0,0.0,0.0,Glitch,14.0,14.0,0.0,0.0,HLV,8900.0,2803.0,3238.0,11.92,4.3,4.7
S250331af,False,51.0,49.0,0.0,0.0,Glitch,14.0,14.0,0.0,0.0,HLV,6340.0,1842.0,3133.0,11.44,4.4,4.0
S250331o,True,0.0,99.0,1.0,0.0,BBH,0.0,1.0,1.0,0.0,HLV,582.0,120.0,27.0,6.13,15.5,187.5
S250330ek,False,65.0,35.0,0.0,0.0,Glitch,12.0,12.0,0.0,0.0,HL,4371.0,1427.0,2888.0,10.9,3.2,6.1
S250330ec,False,81.0,19.0,0.0,0.0,Glitch,9.0,9.0,0.0,0.0,HL,9160.0,2850.0,4382.0,12.04,3.0,5.4
S250330co,False,50.0,50.0,0.0,0.0,Glitch,13.0,13.0,0.0,0.0,HLV,12095.0,3344.0,5159.0,12.47,5.6,7.1
S250330a,False,84.0,3.0,13.0,0.0,Glitch,8.0,3.0,6.0,0.0,HLV,1176.0,351.0,3540.0,9.3,6.6,7.5
S250329gm,False,91.0,9.0,0.0,0.0,Glitch,5.0,5.0,0.0,0.0,HLV,11369.0,3388.0,3376.0,12.25,5.6,3.9
S250329fl,False,92.0,0.0,1.0,6.0,Glitch,15.0,1.0,3.0,13.0,HLV,76.0,26.0,107.0,4.18,-5.5,13.2
S250329ck,False,81.0,19.0,0.0,0.0,Glitch,8.0,7.0,0.0,0.0,HLV,2058.0,642.0,1763.0,9.75,6.7,5.7
S250329cg,False,68.0,32.0,0.0,0.0,Glitch,11.0,11.0,0.0,0.0,HLV,6084.0,1742.0,2546.0,11.29,5.3,4.2
S250329bb,False,55.0,0.0,7.0,37.0,Glitch,26.0,0.0,8.0,25.0,HLV,343.0,200.0,4488.0,8.1,-1.0,6.6
S250329ah,False,55.0,44.0,2.0,0.0,Glitch,16.0,15.0,1.0,0.0,HL,1588.0,496.0,1431.0,9.27,5.1,9.2
S250329af,False,91.0,9.0,0.0,0.0,Glitch,4.0,4.0,0.0,0.0,HLV,7583.0,2349.0,2589.0,11.6,7.0,5.1
S250329g,False,84.0,0.0,10.0,6.0,Glitch,10.0,0.0,6.0,5.0,HLV,623.0,186.0,2860.0,8.38,6.6,8.6
S250328de,False,68.0,7.0,25.0,0.0,Glitch,11.0,6.0,8.0,0.0,HLV,1045.0,300.0,1319.0,8.72,7.1,8.7
S250328dc,False,62.0,0.0,31.0,7.0,Glitch,20.0,1.0,15.0,13.0,HLV,410.0,308.0,2662.0,8.28,0.7,6.4
S250328cg,False,98.0,0.0,1.0,2.0,Glitch,2.0,0.0,1.0,2.0,HL,666.0,197.0,12255.0,9.12,2.4,2.6
S250328am,False,55.0,45.0,0.0,0.0,Glitch,15.0,15.0,0.0,0.0,HLV,11127.0,3414.0,4481.0,12.35,6.2,7.3
S250328ae,True,0.0,95.0,5.0,0.0,BBH,0.0,6.0,6.0,0.0,HLV,492.0,91.0,21.0,5.78,16.9,206.5
S250328t,False,24.0,76.0,0.0,0.0,BBH,12.0,12.0,0.0,0.0,LV,2382.0,1028.0,324.0,9.31,3.0,5.0
S250327au,False,75.0,0.0,16.0,9.0,Glitch,13.0,0.0,8.0,8.0,HL,507.0,168.0,1859.0,7.94,4.2,9.5
S250327an,False,87.0,0.0,3.0,10.0,Glitch,9.0,0.0,3.0,7.0,HL,446.0,137.0,1203.0,7.54,5.6,9.5
S250327af,False,94.0,6.0,0.0,0.0,Glitch,4.0,4.0,0.0,0.0,HL,4313.0,1497.0,3837.0,11.07,3.1,4.0
S250327u,False,8.0,92.0,0.0,0.0,BBH,7.0,7.0,0.0,0.0,HLV,2061.0,604.0,1171.0,9.56,8.5,11.9
S250327c,False,89.0,11.0,0.0,0.0,Glitch,6.0,6.0,0.0,0.0,HLV,5462.0,2078.0,1779.0,11.17,4.2,2.0
S250326ed,False,7.0,93.0,0.0,0.0,BBH,5.0,5.0,0.0,0.0,HLV,5440.0,1896.0,4039.0,11.46,2.9,9.9
S250326de,False,61.0,39.0,0.0,0.0,Glitch,13.0,13.0,0.0,0.0,HLV,12238.0,4102.0,4609.0,12.5,5.6,7.2
S250326cp,False,71.0,29.0,0.0,0.0,Glitch,13.0,13.0,0.0,0.0,HLV,7173.0,2166.0,5706.0,11.89,3.5,2.2
S250326bm,False,81.0,10.0,9.0,0.0,Glitch,9.0,5.0,7.0,0.0,HLV,1088.0,384.0,1237.0,8.82,4.0,5.0
S250326y,True,1.0,99.0,0.0,0.0,BBH,1.0,1.0,0.0,0.0,HLV,6237.0,1766.0,1687.0,11.14,7.3,16.0
S250326e,False,38.0,2.0,59.0,0.0,NSBH,15.0,2.0,14.0,0.0,HLV,813.0,275.0,2334.0,8.72,4.1,7.7
S250324a,False,97.0,0.0,2.0,0.0,Glitch,2.0,0.0,2.0,0.0,LV,519.0,248.0,19561.0,9.09,2.0,1.1
S250323ay,False,75.0,25.0,0.0,0.0,Glitch,11.0,11.0,0.0,0.0,LV,3478.0,1899.0,5206.0,11.53,2.5,3.4
S250323s,False,77.0,23.0,0.0,0.0,Glitch,11.0,11.0,0.0,0.0,HV,4537.0,1897.0,14280.0,11.83,2.3,3.2
S250323b,False,10.0,1.0,84.0,6.0,NSBH,5.0,1.0,7.0,3.0,HL,605.0,196.0,3622.0,8.4,4.0,13.2
S250322ch,False,50.0,0.0,23.0,27.0,Glitch,23.0,0.0,19.0,21.0,HLV,561.0,185.0,6251.0,8.66,0.4,5.2
S250322bs,False,81.0,0.0,2.0,17.0,Glitch,9.0,0.0,2.0,8.0,HLV,477.0,143.0,1725.0,7.82,7.2,9.1
S250322as,False,87.0,13.0,0.0,0.0,Glitch,9.0,9.0,0.0,0.0,HV,8858.0,3482.0,16865.0,12.66,1.9,3.5
S250322i,False,82.0,18.0,0.0,0.0,Glitch,6.0,6.0,0.0,0.0,HLV,3809.0,1524.0,3202.0,10.98,4.1,2.8
S250321ae,False,94.0,0.0,1.0,5.0,Glitch,3.0,0.0,1.0,3.0,HLV,455.0,136.0,1088.0,7.58,8.2,7.9
S250321x,False,40.0,60.0,0.0,0.0,BBH,12.0,12.0,0.0,0.0,HLV,6257.0,2007.0,1658.0,11.19,5.8,6.2
S250321l,False,61.0,39.0,0.0,0.0,Glitch,22.0,22.0,0.0,0.0,HLV,16636.0,5348.0,4720.0,12.92,5.5,9.0
S250320m,False,6.0,94.0,0.0,0.0,BBH,7.0,7.0,0.0,0.0,HLV,2299.0,685.0,1501.0,9.79,5.5,8.9
S250319gh,False,87.0,0.0,7.0,6.0,Glitch,6.0,0.0,4.0,4.0,HLV,584.0,172.0,2006.0,8.15,7.2,8.7
S250319gf,False,74.0,26.0,0.0,0.0,Glitch,9.0,9.0,0.0,0.0,HLV,4201.0,1707.0,5503.0,11.37,3.9,3.4
S250319fs,False,85.0,1.0,13.0,0.0,Glitch,6.0,1.0,5.0,0.0,HLV,1071.0,337.0,4144.0,9.27,6.3,6.8
S250319fq,False,2.0,98.0,0.0,0.0,BBH,2.0,2.0,0.0,0.0,HLV,6226.0,1824.0,2364.0,11.29,5.1,15.5
S250319eu,False,59.0,41.0,0.0,0.0,Glitch,12.0,12.0,0.0,0.0,HLV,2164.0,640.0,1086.0,9.6,7.9,7.9
S250319ee,False,56.0,44.0,0.0,0.0,Glitch,12.0,12.0,0.0,0.0,HLV,5317.0,1627.0,1885.0,11.01,7.3,7.3
S250319bu,True,2.0,98.0,0.0,0.0,BBH,2.0,2.0,0.0,0.0,HLV,4372.0,1308.0,2057.0,10.81,7.4,12.3
S250318cz,False,17.0,83.0,0.0,0.0,BBH,9.0,9.0,0.0,0.0,HL,2610.0,890.0,1800.0,10.02,3.6,8.6
S250318cf,False,73.0,1.0,26.0,0.0,Glitch,10.0,1.0,9.0,1.0,HL,781.0,255.0,3747.0,8.78,3.9,8.1
S250318bl,False,65.0,14.0,21.0,0.0,Glitch,11.0,8.0,8.0,0.0,HL,1213.0,402.0,4694.0,9.45,4.6,10.2
S250318p,False,56.0,44.0,0.0,0.0,Glitch,10.0,10.0,0.0,0.0,HLV,4244.0,1289.0,1628.0,10.66,6.6,6.3
S250318n,False,21.0,79.0,0.0,0.0,BBH,18.0,18.0,0.0,0.0,HLV,2032.0,1068.0,1126.0,9.91,1.0,5.5
S250317av,False,45.0,52.0,3.0,0.0,BBH,17.0,15.0,2.0,0.0,HLV,1613.0,485.0,1449.0,9.34,6.7,8.3
S250316dh,False,68.0,0.0,6.0,25.0,Glitch,13.0,0.0,3.0,10.0,HL,439.0,142.0,2207.0,7.82,3.6,9.2
S250316bl,False,51.0,1.0,6.0,43.0,Glitch,29.0,2.0,10.0,26.0,HL,103.0,30.0,386.0,5.16,-4.6,47.9
S250315do,False,87.0,0.0,1.0,12.0,Glitch,6.0,0.0,1.0,6.0,HLV,363.0,115.0,654.0,7.07,4.8,5.9
S250315ab,False,84.0,16.0,0.0,0.0,Glitch,8.0,8.0,0.0,0.0,HLV,12728.0,3856.0,4338.0,12.52,5.4,4.9
S250314ds,False,93.0,5.0,2.0,0.0,Glitch,5.0,3.0,2.0,0.0,HL,1396.0,497.0,5978.0,9.8,3.2,5.9
S250314ah,False,75.0,0.0,23.0,1.0,Glitch,9.0,1.0,9.0,2.0,HLV,659.0,201.0,952.0,8.0,8.5,9.9
S250314m,False,83.0,17.0,0.0,0.0,Glitch,8.0,8.0,0.0,0.0,HLV,10590.0,2975.0,3380.0,12.13,5.4,4.2
S250313hs,False,2.0,98.0,0.0,0.0,BBH,1.0,1.0,0.0,0.0,LV,3146.0,1209.0,4641.0,10.87,3.7,16.9
S250313ga,False,97.0,0.0,0.0,3.0,Glitch,8.0,0.0,1.0,7.0,HLV,48.0,16.0,61.0,3.09,-3.6,12.5
S250313eq,False,58.0,29.0,13.0,0.0,Glitch,16.0,11.0,13.0,0.0,HLV,940.0,472.0,1619.0,9.05,0.9,4.6
S250313cb,False,92.0,8.0,0.0,0.0,Glitch,4.0,4.0,0.0,0.0,HLV,5529.0,1636.0,2650.0,11.2,6.6,4.1
S250313at,False,93.0,7.0,0.0,0.0,Glitch,4.0,4.0,0.0,0.0,HLV,8417.0,3024.0,4171.0,12.03,5.0,3.0
S250313aj,False,17.0,83.0,0.0,0.0,BBH,9.0,9.0,0.0,0.0,HLV,3157.0,983.0,1464.0,10.22,7.2,9.0
S250313j,False,35.0,65.0,0.0,0.0,BBH,15.0,15.0,0.0,0.0,HL,7805.0,2649.0,2887.0,11.69,2.7,7.1
S250312kp,False,89.0,11.0,0.0,0.0,Glitch,8.0,8.0,0.0,0.0,HLV,14354.0,4033.0,3807.0,12.59,6.4,5.4
S250312hz,False,85.0,0.0,1.0,14.0,Glitch,6.0,0.0,1.0,5.0,HLV,407.0,125.0,1567.0,7.58,7.4,9.6
S250312er,False,68.0,32.0,0.0,0.0,Glitch,20.0,20.0,0.0,0.0,HLV,15202.0,4712.0,3468.0,12.65,3.4,6.6
S250312df,False,30.0,70.0,0.0,0.0,BBH,11.0,11.0,0.0,0.0,HLV,2855.0,928.0,957.0,9.93,5.7,6.3
S250311dk,False,94.0,0.0,1.0,5.0,Glitch,4.0,0.0,1.0,3.0,HLV,483.0,164.0,1928.0,7.97,6.0,5.9
S250311da,False,94.0,6.0,0.0,0.0,Glitch,4.0,4.0,0.0,0.0,HLV,13550.0,4016.0,3303.0,12.48,5.4,3.6
S250311bz,False,73.0,0.0,24.0,2.0,Glitch,8.0,1.0,8.0,2.0,HL,595.0,199.0,2015.0,8.16,4.2,9.0
S250311bp,False,17.0,81.0,2.0,0.0,BBH,12.0,12.0,2.0,0.0,HL,1679.0,531.0,2146.0,9.54,5.5,11.9
S250311bn,False,5.0,95.0,0.0,0.0,BBH,3.0,3.0,0.0,0.0,HL,4679.0,1592.0,5251.0,11.25,2.5,9.0
S250310eb,False,86.0,1.0,3.0,10.0,Glitch,22.0,2.0,7.0,16.0,HLV,118.0,40.0,1137.0,5.75,-8.3,30.6
S250310bl,False,84.0,0.0,7.0,9.0,Glitch,7.0,0.0,4.0,4.0,HLV,507.0,163.0,1284.0,7.8,7.4,9.5
S250310h,False,93.0,7.0,0.0,0.0,Glitch,7.0,7.0,0.0,0.0,HLV,14054.0,6503.0,11414.0,13.37,1.3,1.1
S250309db,False,90.0,0.0,8.0,2.0,Glitch,5.0,0.0,4.0,2.0,HLV,671.0,206.0,2743.0,8.46,6.5,7.2
S250309co,False,28.0,72.0,0.0,0.0,BBH,30.0,30.0,0.0,0.0,HLV,1815.0,932.0,2117.0,9.82,-3.4,11.8
S250309cn,False,49.0,51.0,0.0,0.0,BBH,10.0,10.0,0.0,0.0,HLV,3635.0,1052.0,2881.0,10.7,5.6,5.7
S250309bo,False,52.0,46.0,2.0,0.0,Glitch,17.0,16.0,2.0,0.0,HLV,1607.0,545.0,1465.0,9.41,5.7,7.0
S250309bd,False,68.0,16.0,16.0,0.0,Glitch,13.0,9.0,8.0,0.0,HLV,1220.0,365.0,1441.0,8.97,7.7,9.5
S250309c,False,97.0,0.0,2.0,1.0,Glitch,2.0,0.0,2.0,1.0,LV,590.0,231.0,27080.0,9.13,1.5,0.2
S250308ki,False,91.0,0.0,6.0,3.0,Glitch,6.0,0.0,4.0,2.0,HLV,602.0,176.0,1544.0,8.05,7.9,8.7
S250308ja,False,21.0,79.0,0.0,0.0,BBH,7.0,7.0,0.0,0.0,HLV,7328.0,2130.0,2677.0,11.57,5.5,7.2
S250308iq,False,97.0,0.0,0.0,3.0,Glitch,3.0,0.0,0.0,3.0,HLV,193.0,76.0,227.0,5.81,7.2,9.8
S250308id,False,51.0,49.0,0.0,0.0,Glitch,13.0,13.0,0.0,0.0,HLV,4778.0,1515.0,2461.0,11.03,4.3,4.0
S250308hz,False,89.0,0.0,1.0,11.0,Glitch,5.0,0.0,1.0,4.0,HLV,430.0,135.0,1433.0,7.61,7.2,8.5
S250308gy,False,70.0,30.0,0.0,0.0,Glitch,10.0,10.0,0.0,0.0,HLV,5408.0,1822.0,4775.0,11.47,4.9,4.4
S250308fe,False,84.0,0.0,15.0,0.0,Glitch,5.0,0.0,4.0,1.0,HLV,764.0,276.0,3746.0,8.89,5.1,5.7
S250308em,False,78.0,0.0,1.0,21.0,Glitch,9.0,0.0,1.0,8.0,HLV,367.0,116.0,1072.0,7.31,5.6,8.6
S250308dw,False,95.0,3.0,2.0,0.0,Glitch,3.0,2.0,2.0,0.0,HLV,1508.0,487.0,5195.0,9.82,5.9,4.6
S250308t,False,86.0,14.0,0.0,0.0,Glitch,7.0,7.0,0.0,0.0,HLV,2682.0,756.0,3797.0,10.4,6.7,5.0
S250307gc,False,91.0,9.0,0.0,0.0,Glitch,4.0,4.0,0.0,0.0,HLV,5120.0,1540.0,2349.0,11.07,6.4,3.9
S250307fh,False,99.0,0.0,0.0,1.0,Glitch,2.0,0.0,0.0,2.0,HLV,475.0,200.0,15662.0,8.89,3.5,0.2
S250307eu,False,64.0,8.0,28.0,0.0,Glitch,12.0,5.0,10.0,0.0,HLV,988.0,296.0,1160.0,8.61,5.7,7.6
S250307dc,False,92.0,0.0,0.0,8.0,Glitch,4.0,0.0,0.0,4.0,HLV,312.0,100.0,1225.0,7.14,7.0,10.1
S250307bn,False,94.0,0.0,6.0,0.0,Glitch,8.0,1.0,7.0,0.0,LV,885.0,267.0,32509.0,9.5,1.8,-0.8
S250307ba,False,90.0,10.0,0.0,0.0,Glitch,4.0,4.0,0.0,0.0,HLV,4207.0,1408.0,2909.0,10.92,5.5,3.3
S250307i,False,87.0,0.0,10.0,2.0,Glitch,6.0,0.0,5.0,2.0,HLV,657.0,200.0,2225.0,8.36,6.5,7.4
S250306fg,False,89.0,11.0,0.0,0.0,Glitch,6.0,6.0,0.0,0.0,HLV,11398.0,3267.0,2582.0,12.13,5.8,4.3
S250306ev,False,56.0,0.0,20.0,23.0,Glitch,16.0,1.0,13.0,11.0,HL,477.0,146.0,1443.0,7.7,5.9,12.3
S250306ej,True,84.0,0.0,1.0,15.0,Glitch,25.0,0.0,2.0,23.0,HL,56.0,24.0,3374.0,5.31,0.5,28.5
S250306bl,False,88.0,10.0,3.0,0.0,Glitch,6.0,4.0,2.0,0.0,HLV,1568.0,500.0,3687.0,9.74,5.9,5.8
S250306bi,False,7.0,91.0,1.0,0.0,BBH,7.0,7.0,1.0,0.0,HLV,1670.0,670.0,2380.0,9.65,4.4,10.0
S250306bg,False,10.0,90.0,0.0,0.0,BBH,13.0,13.0,0.0,0.0,HLV,7837.0,2254.0,2577.0,11.65,3.8,22.3
S250306ax,False,31.0,0.0,10.0,59.0,BNS,10.0,0.0,6.0,10.0,HL,361.0,119.0,1251.0,7.36,2.8,10.4
S250305c,False,42.0,0.0,14.0,43.0,BNS,17.0,0.0,8.0,17.0,LV,387.0,135.0,14870.0,8.5,1.6,8.0
S250305b,False,78.0,1.0,21.0,0.0,Glitch,12.0,1.0,11.0,1.0,LV,611.0,237.0,16790.0,9.16,2.1,3.9
S250304dj,False,24.0,1.0,74.0,1.0,NSBH,12.0,2.0,12.0,1.0,HV,535.0,190.0,15804.0,8.94,1.6,7.4
S250304df,False,13.0,86.0,1.0,0.0,BBH,8.0,8.0,1.0,0.0,HL,1991.0,698.0,4659.0,10.11,2.9,9.4
S250304ck,False,21.0,29.0,50.0,0.0,NSBH,9.0,14.0,13.0,0.0,HL,1043.0,328.0,1895.0,8.83,5.5,12.8
S250304s,False,29.0,71.0,0.0,0.0,BBH,14.0,14.0,0.0,0.0,HLV,2821.0,844.0,1321.0,10.02,8.3,9.6
S250304s,False,29.0,71.0,0.0,0.0,BBH,14.0,14.0,0.0,0.0,HLV,2821.0,844.0,1321.0,10.02,8.3,9.6
S250304s,False,29.0,71.0,0.0,0.0,BBH,14.0,14.0,0.0,0.0,HLV,2821.0,844.0,1321.0,10.02,8.3,9.6
S250304c,False,91.0,9.0,0.0,0.0,Glitch,4.0,4.0,0.0,0.0,HLV,7894.0,2325.0,3037.0,11.7,6.5,4.4
S250303fn,False,98.0,0.0,0.0,1.0,Glitch,3.0,0.0,0.0,3.0,HLV,707.0,197.0,28172.0,9.16,3.2,-1.2
S250303fj,False,78.0,22.0,0.0,0.0,Glitch,8.0,8.0,0.0,0.0,HLV,4523.0,1311.0,2985.0,11.02,4.6,2.6
S250303ec,False,90.0,0.0,10.0,0.0,Glitch,5.0,1.0,5.0,1.0,HLV,746.0,220.0,1504.0,8.34,8.0,7.8
S250303bf,False,57.0,0.0,38.0,4.0,Glitch,9.0,1.0,9.0,3.0,HLV,638.0,191.0,1612.0,8.17,7.5,10.6
S250303at,False,94.0,0.0,1.0,5.0,Glitch,6.0,0.0,1.0,5.0,HLV,589.0,214.0,11829.0,9.08,3.0,2.2
S250303ao,False,29.0,71.0,0.0,0.0,BBH,11.0,11.0,0.0,0.0,HLV,8958.0,2998.0,5414.0,12.2,4.0,7.2
S250303al,False,97.0,0.0,1.0,3.0,Glitch,5.0,0.0,1.0,4.0,HLV,666.0,231.0,22788.0,9.21,2.7,-0.4
S250303ab,False,99.0,0.0,0.0,1.0,Glitch,1.0,0.0,0.0,1.0,HLV,254.0,80.0,1954.0,7.07,6.2,8.0
S250303n,False,85.0,15.0,0.0,0.0,Glitch,11.0,11.0,0.0,0.0,HLV,16144.0,4899.0,4048.0,12.79,6.0,6.0
S250303j,False,56.0,43.0,2.0,0.0,Glitch,15.0,14.0,2.0,0.0,HLV,1742.0,602.0,2519.0,9.75,5.8,7.1
S250302eh,False,91.0,9.0,0.0,0.0,Glitch,5.0,5.0,0.0,0.0,HLV,7213.0,2049.0,2721.0,11.54,6.0,3.4
S250302ch,False,93.0,3.0,5.0,0.0,Glitch,7.0,2.0,5.0,0.0,HLV,1139.0,426.0,2439.0,9.2,5.2,4.6
S250302av,False,94.0,0.0,0.0,5.0,Glitch,2.0,0.0,0.0,2.0,HL,314.0,104.0,1687.0,7.32,4.2,8.5
S250302v,False,86.0,0.0,5.0,9.0,Glitch,10.0,0.0,4.0,8.0,HL,466.0,146.0,1355.0,7.66,5.5,9.8
S250301aq,False,94.0,0.0,5.0,0.0,Glitch,4.0,1.0,4.0,0.0,LV,681.0,315.0,20962.0,9.42,2.0,1.3
S250301af,False,87.0,13.0,0.0,0.0,Glitch,5.0,5.0,0.0,0.0,HLV,3555.0,1098.0,2328.0,10.57,7.0,5.5
S250301f,False,88.0,12.0,0.0,0.0,Glitch,9.0,9.0,0.0,0.0,HLV,16217.0,4997.0,9184.0,13.3,2.9,2.9
S250301c,False,18.0,80.0,2.0,0.0,BBH,14.0,14.0,2.0,0.0,HLV,1794.0,594.0,3974.0,9.94,3.8,7.8
S250228ep,False,97.0,0.0,1.0,2.0,Glitch,3.0,0.0,1.0,2.0,HL,719.0,209.0,15427.0,9.21,2.6,3.5
S250228cf,False,92.0,8.0,0.0,0.0,Glitch,5.0,5.0,0.0,0.0,HLV,6975.0,2535.0,2402.0,11.56,5.0,2.7
S250228p,False,21.0,79.0,0.0,0.0,BBH,8.0,8.0,0.0,0.0,HLV,3824.0,1352.0,2467.0,10.76,5.3,7.2
S250227aq,False,86.0,14.0,0.0,0.0,Glitch,5.0,5.0,0.0,0.0,HLV,4160.0,1241.0,1497.0,10.59,7.1,5.3
S250227y,True,72.0,0.0,1.0,28.0,Glitch,34.0,0.0,2.0,33.0,HL,76.0,25.0,2974.0,5.59,3.9,31.6
S250227y,True,72.0,0.0,1.0,28.0,Glitch,34.0,0.0,2.0,33.0,HL,76.0,25.0,2974.0,5.59,3.9,31.6
S250227q,False,98.0,0.0,0.0,2.0,Glitch,1.0,0.0,0.0,1.0,HLV,302.0,102.0,1377.0,7.19,6.9,8.0
S250227q,False,98.0,0.0,0.0,2.0,Glitch,1.0,0.0,0.0,1.0,HLV,302.0,102.0,1377.0,7.19,6.9,8.0
S250227e,True,6.0,94.0,0.0,0.0,BBH,8.0,8.0,0.0,0.0,HLV,2077.0,642.0,500.0,9.19,0.4,21.3
S250226dv,False,20.0,78.0,2.0,0.0,BBH,13.0,13.0,1.0,0.0,HL,1820.0,582.0,2834.0,9.74,5.1,11.3
S250226du,False,55.0,26.0,19.0,0.0,Glitch,14.0,11.0,10.0,0.0,HL,1141.0,367.0,1666.0,8.9,5.2,10.6
S250226dl,True,0.0,100.0,0.0,0.0,BBH,0.0,0.0,0.0,0.0,HL,3587.0,1101.0,1479.0,10.31,4.8,24.0
S250226dc,False,38.0,1.0,55.0,6.0,NSBH,16.0,1.0,16.0,4.0,HL,503.0,149.0,841.0,7.61,3.2,8.9
S250226cr,False,94.0,0.0,6.0,0.0,Glitch,4.0,0.0,4.0,0.0,HL,641.0,212.0,1501.0,8.14,4.5,6.4
S250226bj,False,83.0,17.0,0.0,0.0,Glitch,8.0,8.0,0.0,0.0,HL,4965.0,1759.0,3868.0,11.23,3.4,5.6
S250225ac,False,73.0,27.0,0.0,0.0,Glitch,12.0,12.0,0.0,0.0,HLV,9432.0,3488.0,2651.0,12.0,6.5,6.9
S250225w,False,94.0,6.0,0.0,0.0,Glitch,4.0,4.0,0.0,0.0,HLV,7046.0,2605.0,2358.0,11.57,5.1,2.6
S250225f,False,97.0,0.0,0.0,3.0,Glitch,3.0,0.0,0.0,3.0,HL,226.0,75.0,1671.0,6.84,5.0,10.6
S250225b,False,75.0,4.0,22.0,0.0,Glitch,9.0,4.0,7.0,0.0,HLV,988.0,306.0,1602.0,8.76,8.2,9.9
S250224au,False,3.0,97.0,0.0,0.0,BBH,2.0,2.0,0.0,0.0,HV,3501.0,1267.0,13767.0,11.4,2.0,10.0
S250224ao,False,97.0,0.0,2.0,0.0,Glitch,2.0,0.0,2.0,0.0,LV,540.0,255.0,21428.0,9.14,2.2,1.3
S250224ak,False,1.0,99.0,0.0,0.0,BBH,1.0,1.0,0.0,0.0,LV,1925.0,617.0,13950.0,10.54,1.4,14.0
S250224aj,False,35.0,2.0,63.0,0.0,NSBH,15.0,2.0,15.0,1.0,LV,636.0,229.0,15841.0,9.17,1.6,6.1
S250224ae,False,75.0,25.0,0.0,0.0,Glitch,9.0,9.0,0.0,0.0,HLV,2156.0,736.0,3676.0,10.18,6.0,5.8
S250223fw,False,81.0,19.0,0.0,0.0,Glitch,7.0,7.0,0.0,0.0,HLV,4459.0,1613.0,3139.0,11.1,4.3,2.8
S250223fr,False,62.0,38.0,0.0,0.0,Glitch,9.0,9.0,0.0,0.0,HLV,4035.0,1259.0,1894.0,10.68,6.0,5.5
S250223ek,False,15.0,85.0,0.0,0.0,BBH,17.0,17.0,0.0,0.0,HLV,11321.0,3544.0,2855.0,12.1,5.4,15.5
S250223dq,False,93.0,0.0,2.0,5.0,Glitch,4.0,0.0,2.0,2.0,HLV,513.0,153.0,1220.0,7.77,7.9,8.5
S250223dk,True,93.0,7.0,0.0,0.0,Glitch,4.0,4.0,0.0,0.0,HLV,6033.0,1778.0,3203.0,11.42,6.1,3.3
S250223cm,False,81.0,19.0,0.0,0.0,Glitch,6.0,6.0,0.0,0.0,HLV,3596.0,1110.0,1739.0,10.47,6.9,5.7
S250223bk,False,86.0,0.0,13.0,1.0,Glitch,6.0,1.0,6.0,1.0,HLV,727.0,216.0,1730.0,8.37,7.6,8.2
S250223bh,False,91.0,0.0,6.0,3.0,Glitch,6.0,0.0,4.0,2.0,HLV,596.0,177.0,1597.0,8.08,8.0,8.9
S250223be,False,70.0,30.0,0.0,0.0,Glitch,12.0,12.0,0.0,0.0,HLV,9790.0,3264.0,5581.0,12.31,4.5,4.6
S250223x,False,84.0,0.0,2.0,13.0,Glitch,8.0,0.0,2.0,6.0,HLV,484.0,144.0,1610.0,7.81,7.3,8.8
S250223t,False,58.0,42.0,0.0,0.0,Glitch,18.0,18.0,0.0,0.0,HLV,1947.0,1246.0,379.0,11.04,1.2,2.9
S250223s,False,39.0,61.0,0.0,0.0,BBH,32.0,32.0,1.0,0.0,HLV,1608.0,580.0,425.0,8.77,-5.0,10.7
S250223c,False,87.0,0.0,4.0,10.0,Glitch,6.0,0.0,2.0,4.0,HLV,489.0,167.0,1878.0,7.95,5.4,7.1
S250222gn,False,64.0,1.0,34.0,1.0,Glitch,12.0,1.0,11.0,1.0,HLV,845.0,266.0,4266.0,8.96,7.5,9.9
S250222gd,False,47.0,27.0,26.0,0.0,Glitch,14.0,11.0,10.0,0.0,HL,1205.0,389.0,3266.0,9.25,3.8,9.8
S250222fs,False,85.0,0.0,1.0,14.0,Glitch,6.0,0.0,1.0,5.0,HLV,380.0,118.0,1483.0,7.46,6.8,9.5
S250222et,False,23.0,77.0,0.0,0.0,BBH,18.0,18.0,0.0,0.0,HL,9425.0,3624.0,8656.0,12.72,1.8,9.8
S250222ej,False,91.0,9.0,0.0,0.0,Glitch,4.0,4.0,0.0,0.0,HLV,8997.0,2851.0,2670.0,11.89,5.1,3.0
S250222dy,False,93.0,0.0,0.0,7.0,Glitch,5.0,0.0,0.0,5.0,HL,282.0,87.0,1480.0,7.03,5.7,11.3
S250222dh,False,73.0,0.0,26.0,1.0,Glitch,9.0,1.0,8.0,2.0,HLV,719.0,217.0,1764.0,8.38,7.4,9.1
S250222cu,False,92.0,0.0,1.0,6.0,Glitch,4.0,0.0,1.0,4.0,HLV,461.0,133.0,813.0,7.45,8.1,8.1
S250222bx,False,34.0,66.0,0.0,0.0,BBH,12.0,12.0,0.0,0.0,HLV,2398.0,830.0,848.0,9.71,4.7,5.4
S250222bm,False,94.0,0.0,4.0,2.0,Glitch,4.0,0.0,3.0,2.0,HLV,665.0,205.0,3002.0,8.5,7.0,7.1
S250221gj,False,97.0,0.0,0.0,2.0,Glitch,6.0,0.0,1.0,5.0,HLV,595.0,231.0,15269.0,9.13,3.6,-0.3
S250221gf,False,22.0,1.0,68.0,10.0,NSBH,13.0,1.0,15.0,6.0,LV,463.0,158.0,14056.0,8.72,1.3,9.5
S250221gb,True,6.0,40.0,55.0,0.0,NSBH,7.0,20.0,23.0,0.0,HLV,709.0,283.0,1337.0,8.26,2.2,32.0
S250221eb,True,90.0,1.0,2.0,8.0,Glitch,17.0,2.0,6.0,11.0,HLV,71.0,5.0,36.0,3.02,-7.7,125.1
S250221bu,False,85.0,1.0,14.0,0.0,Glitch,7.0,2.0,6.0,0.0,HLV,920.0,286.0,1588.0,8.67,7.4,7.8
S250221aq,False,77.0,0.0,4.0,20.0,Glitch,10.0,0.0,3.0,8.0,HL,417.0,141.0,1756.0,7.66,4.5,9.7
S250221ap,False,88.0,1.0,11.0,0.0,Glitch,7.0,1.0,6.0,0.0,HL,811.0,250.0,1513.0,8.43,4.8,7.1
S250220e,False,39.0,61.0,0.0,0.0,BBH,17.0,17.0,0.0,0.0,HV,3983.0,1621.0,15472.0,11.64,2.0,4.5
S250219d,False,21.0,0.0,11.0,68.0,BNS,12.0,0.0,7.0,12.0,HV,297.0,100.0,12600.0,8.14,1.5,9.7
S250217k,False,92.0,8.0,0.0,0.0,Glitch,7.0,7.0,0.0,0.0,HV,8545.0,3327.0,17254.0,12.6,2.1,2.8
S250217j,False,95.0,5.0,0.0,0.0,Glitch,3.0,3.0,0.0,0.0,HV,6486.0,2712.0,20358.0,12.29,1.9,1.5
S250216c,False,25.0,1.0,73.0,1.0,NSBH,11.0,2.0,11.0,1.0,HV,506.0,175.0,14563.0,8.85,1.4,7.3
S250215cj,False,87.0,0.0,1.0,12.0,Glitch,6.0,0.0,1.0,5.0,HLV,438.0,129.0,1128.0,7.52,8.0,9.2
S250215ah,False,90.0,10.0,0.0,0.0,Glitch,9.0,9.0,0.0,0.0,HLV,24403.0,7128.0,5432.0,13.44,6.5,7.0
S250214ci,False,53.0,2.0,45.0,0.0,Glitch,13.0,2.0,12.0,0.0,HLV,823.0,263.0,1591.0,8.54,6.3,8.6
S250214bz,False,1.0,99.0,0.0,0.0,BBH,1.0,1.0,0.0,0.0,HL,4523.0,1550.0,1937.0,10.77,1.5,13.4
S250214bv,False,33.0,67.0,0.0,0.0,BBH,10.0,10.0,0.0,0.0,HLV,4334.0,1330.0,2093.0,10.8,6.9,7.8
S250214bp,False,79.0,0.0,16.0,5.0,Glitch,9.0,0.0,7.0,4.0,HLV,571.0,172.0,1090.0,7.86,6.8,8.6
S250214ak,False,84.0,16.0,0.0,0.0,Glitch,5.0,5.0,0.0,0.0,HLV,4897.0,1436.0,2325.0,10.97,6.1,4.2
S250214w,False,19.0,81.0,0.0,0.0,BBH,11.0,11.0,0.0,0.0,HV,5408.0,1943.0,14799.0,11.96,1.7,7.8
S250214w,False,19.0,81.0,0.0,0.0,BBH,11.0,11.0,0.0,0.0,HV,5408.0,1943.0,14799.0,11.96,1.7,7.8
S250214j,False,51.0,0.0,13.0,36.0,Glitch,16.0,0.0,8.0,14.0,HL,457.0,141.0,1853.0,7.76,5.5,12.3
S250214j,False,51.0,0.0,13.0,36.0,Glitch,16.0,0.0,8.0,14.0,HL,457.0,141.0,1853.0,7.76,5.5,12.3
S250213dd,False,81.0,19.0,0.0,0.0,Glitch,10.0,10.0,0.0,0.0,HLV,11508.0,3230.0,1998.0,12.0,6.5,5.6
S250213bv,False,3.0,97.0,0.0,0.0,BBH,2.0,2.0,0.0,0.0,HV,3120.0,1158.0,6841.0,11.11,2.9,9.9
S250213bb,False,85.0,15.0,0.0,0.0,Glitch,8.0,8.0,0.0,0.0,HLV,10635.0,3307.0,3033.0,12.14,4.9,3.8
S250213ah,False,84.0,16.0,0.0,0.0,Glitch,5.0,5.0,0.0,0.0,HLV,2995.0,895.0,2025.0,10.3,6.6,5.1
S250213k,False,86.0,0.0,1.0,13.0,Glitch,6.0,0.0,1.0,5.0,HLV,395.0,119.0,1492.0,7.52,7.3,9.7
S250213k,False,86.0,0.0,1.0,13.0,Glitch,6.0,0.0,1.0,5.0,HLV,395.0,119.0,1492.0,7.52,7.3,9.7
S250211dd,False,90.0,10.0,0.0,0.0,Glitch,5.0,5.0,0.0,0.0,HL,8211.0,2582.0,2866.0,11.71,3.8,5.2
S250211ca,False,76.0,0.0,23.0,1.0,Glitch,9.0,1.0,8.0,1.0,HLV,730.0,232.0,1749.0,8.41,7.3,8.7
S250211bh,False,82.0,0.0,8.0,11.0,Glitch,8.0,0.0,4.0,5.0,HLV,550.0,163.0,1886.0,8.04,7.1,9.4
S250211be,True,2.0,98.0,0.0,0.0,BBH,2.0,2.0,0.0,0.0,HLV,3638.0,1204.0,1530.0,10.52,6.0,10.5
S250211aa,True,0.0,99.0,1.0,0.0,BBH,0.0,1.0,0.0,0.0,HLV,1358.0,352.0,356.0,8.46,7.8,27.2
S250211b,False,70.0,2.0,28.0,0.0,Glitch,12.0,3.0,11.0,0.0,HLV,916.0,270.0,1566.0,8.63,8.1,9.6
S250210cp,False,77.0,8.0,15.0,0.0,Glitch,9.0,6.0,6.0,0.0,HLV,1200.0,359.0,2050.0,9.1,8.0,9.6
S250210bv,False,67.0,0.0,32.0,1.0,Glitch,12.0,1.0,11.0,1.0,HLV,734.0,219.0,2198.0,8.5,5.7,7.5
S250210bm,False,78.0,22.0,0.0,0.0,Glitch,11.0,11.0,0.0,0.0,HLV,5731.0,2266.0,2574.0,11.41,2.8,1.8
S250210g,False,86.0,14.0,0.0,0.0,Glitch,7.0,7.0,0.0,0.0,HLV,9193.0,2861.0,3355.0,11.98,4.8,3.3
S250209eb,False,66.0,34.0,0.0,0.0,Glitch,9.0,9.0,0.0,0.0,HLV,5513.0,1607.0,2539.0,11.18,6.9,6.3
S250209co,False,90.0,1.0,9.0,0.0,Glitch,5.0,1.0,5.0,0.0,HLV,972.0,354.0,2301.0,8.98,4.9,4.8
S250209cj,False,94.0,6.0,0.0,0.0,Glitch,4.0,4.0,0.0,0.0,HLV,7351.0,2634.0,3264.0,11.76,5.0,2.5
S250209bf,False,94.0,4.0,3.0,0.0,Glitch,4.0,3.0,2.0,0.0,HL,1304.0,463.0,4691.0,9.6,3.2,5.8
S250208fm,False,62.0,0.0,31.0,6.0,Glitch,14.0,1.0,15.0,5.0,HL,562.0,172.0,1563.0,7.96,5.7,11.4
S250208bx,False,2.0,98.0,0.0,0.0,BBH,1.0,1.0,0.0,0.0,HLV,8032.0,2386.0,3973.0,11.85,7.0,15.9
S250208ap,False,82.0,0.0,11.0,6.0,Glitch,11.0,0.0,6.0,6.0,HLV,577.0,180.0,1800.0,8.1,6.7,8.7
S250208ad,True,1.0,99.0,0.0,0.0,BBH,1.0,1.0,0.0,0.0,HLV,3453.0,1025.0,1750.0,10.41,7.4,14.5
S250208o,False,68.0,32.0,0.0,0.0,Glitch,11.0,11.0,0.0,0.0,HLV,7235.0,2223.0,3943.0,11.74,6.5,6.1
S250208e,False,96.0,4.0,0.0,0.0,Glitch,3.0,3.0,0.0,0.0,HLV,15377.0,4960.0,4165.0,12.78,5.7,3.9
S250207ef,False,2.0,98.0,0.0,0.0,BBH,3.0,3.0,0.0,0.0,HLV,2049.0,677.0,2371.0,9.85,3.1,13.5
S250207ec,False,71.0,23.0,6.0,0.0,Glitch,33.0,25.0,13.0,0.0,HLV,765.0,81.0,55.0,6.42,-8.4,87.0
S250207da,False,10.0,90.0,0.0,0.0,BBH,7.0,7.0,0.0,0.0,HLV,7201.0,2222.0,2502.0,11.53,3.9,10.4
S250207cz,False,94.0,3.0,3.0,0.0,Glitch,5.0,2.0,3.0,0.0,HLV,1508.0,444.0,5450.0,9.82,6.4,5.5
S250207bu,False,85.0,1.0,14.0,0.0,Glitch,5.0,1.0,5.0,0.0,HLV,869.0,321.0,2809.0,8.89,5.2,5.7
S250207bs,False,93.0,0.0,3.0,4.0,Glitch,4.0,0.0,3.0,2.0,HLV,588.0,207.0,4543.0,8.54,6.1,7.3
S250207bg,True,0.0,100.0,0.0,0.0,BBH,0.0,0.0,0.0,0.0,LV,546.0,98.0,110.0,6.6,10.3,795.5
S250207bd,False,97.0,0.0,2.0,1.0,Glitch,2.0,0.0,2.0,1.0,LV,612.0,222.0,26902.0,9.13,1.9,-0.0
S250207ao,False,84.0,1.0,15.0,0.0,Glitch,8.0,2.0,7.0,0.0,HLV,843.0,250.0,810.0,8.24,8.1,8.2
S250206dm,True,2.0,1.0,60.0,37.0,NSBH,2.0,1.0,12.0,11.0,HL,409.0,139.0,1544.0,7.52,4.5,18.8
S250206ct,False,65.0,35.0,0.0,0.0,Glitch,12.0,12.0,0.0,0.0,HLV,4134.0,1288.0,1469.0,10.61,5.0,3.9
S250206cg,False,59.0,0.0,1.0,39.0,Glitch,13.0,0.0,1.0,12.0,HLV,334.0,99.0,1137.0,7.18,6.7,11.9
S250206ax,False,90.0,10.0,0.0,0.0,Glitch,4.0,4.0,0.0,0.0,HLV,6017.0,1695.0,3099.0,11.36,6.5,4.2
S250205ca,False,92.0,8.0,0.0,0.0,Glitch,4.0,4.0,0.0,0.0,HLV,5991.0,1752.0,1841.0,11.14,6.8,4.1
S250205bk,True,0.0,87.0,12.0,0.0,BBH,0.0,4.0,5.0,0.0,HLV,794.0,191.0,94.0,7.17,12.4,36.4
S250205z,False,90.0,0.0,5.0,5.0,Glitch,6.0,0.0,3.0,3.0,HLV,535.0,182.0,1957.0,8.08,5.7,6.8
S250205z,False,90.0,0.0,5.0,5.0,Glitch,6.0,0.0,3.0,3.0,HLV,535.0,182.0,1957.0,8.08,5.7,6.8
S250205w,False,96.0,0.0,0.0,4.0,Glitch,2.0,0.0,0.0,2.0,HLV,462.0,144.0,2412.0,7.97,6.4,5.5
S250204dp,False,82.0,0.0,10.0,8.0,Glitch,8.0,0.0,5.0,5.0,HLV,526.0,173.0,1462.0,7.93,7.4,9.8
S250204dk,False,79.0,21.0,0.0,0.0,Glitch,10.0,10.0,0.0,0.0,HLV,5022.0,2055.0,4491.0,11.82,2.8,1.8
S250204cy,False,85.0,15.0,0.0,0.0,Glitch,16.0,16.0,0.0,0.0,HL,6622.0,3395.0,17613.0,12.46,-0.9,1.3
S250204cj,False,15.0,5.0,81.0,0.0,NSBH,7.0,5.0,6.0,0.0,HL,761.0,316.0,6136.0,9.05,0.6,9.0
S250204cb,False,89.0,0.0,7.0,4.0,Glitch,12.0,0.0,9.0,5.0,HL,658.0,231.0,15017.0,9.2,-0.6,1.5
S250204ax,True,0.0,100.0,0.0,0.0,BBH,0.0,0.0,0.0,0.0,HLV,2533.0,744.0,814.0,9.66,9.9,29.1
S250204ar,False,7.0,93.0,0.0,0.0,BBH,4.0,4.0,0.0,0.0,HLV,3998.0,1317.0,3075.0,10.85,6.1,9.5
S250204aa,False,86.0,0.0,1.0,13.0,Glitch,7.0,0.0,1.0,6.0,HLV,444.0,131.0,1321.0,7.62,8.2,9.7
S250203dw,False,66.0,33.0,2.0,0.0,Glitch,15.0,14.0,2.0,0.0,HLV,1842.0,624.0,4782.0,10.09,5.1,6.0
S250203dr,False,64.0,10.0,26.0,0.0,Glitch,13.0,5.0,11.0,0.0,HLV,1215.0,399.0,4326.0,9.42,5.1,7.8
S250203cl,False,6.0,94.0,0.0,0.0,BBH,6.0,6.0,0.0,0.0,HLV,2736.0,968.0,4426.0,10.57,5.1,9.4
S250203cd,False,86.0,0.0,13.0,0.0,Glitch,6.0,1.0,6.0,1.0,HLV,833.0,252.0,1606.0,8.51,7.6,7.4
S250203bd,False,69.0,31.0,0.0,0.0,Glitch,14.0,14.0,0.0,0.0,HLV,2027.0,860.0,2913.0,10.12,3.0,2.8
S250203ap,False,87.0,0.0,4.0,9.0,Glitch,6.0,0.0,2.0,4.0,HLV,484.0,170.0,1749.0,7.94,5.6,7.3
S250202dd,False,99.0,0.0,0.0,1.0,Glitch,1.0,0.0,0.0,1.0,HLV,574.0,178.0,25404.0,8.95,2.6,-0.7
S250202cu,True,16.0,84.0,0.0,0.0,BBH,7.0,7.0,0.0,0.0,HL,5526.0,1810.0,4327.0,11.38,4.6,9.9
S250202bc,False,89.0,11.0,0.0,0.0,Glitch,4.0,4.0,0.0,0.0,HLV,5905.0,1766.0,2236.0,11.21,6.9,4.9
S250202ad,True,98.0,0.0,0.0,2.0,Glitch,7.0,0.0,0.0,7.0,HL,131.0,44.0,7397.0,6.81,5.5,14.5
S250202t,False,93.0,7.0,0.0,0.0,Glitch,3.0,3.0,0.0,0.0,HLV,4315.0,1259.0,2052.0,10.78,6.4,3.4
S250202c,False,73.0,21.0,7.0,0.0,Glitch,11.0,9.0,4.0,0.0,HLV,1381.0,420.0,1431.0,9.12,8.1,9.5
S250201dg,False,98.0,0.0,0.0,2.0,Glitch,4.0,0.0,0.0,3.0,HLV,563.0,205.0,14423.0,9.02,4.0,0.3
S250201dd,False,92.0,8.0,0.0,0.0,Glitch,4.0,4.0,0.0,0.0,HLV,7379.0,2589.0,2599.0,11.65,5.2,3.0
S250201bv,False,93.0,0.0,4.0,3.0,Glitch,4.0,0.0,3.0,2.0,HLV,571.0,178.0,1681.0,8.06,7.7,8.4
S250201az,False,93.0,0.0,4.0,2.0,Glitch,4.0,0.0,3.0,2.0,HLV,568.0,177.0,1227.0,7.94,7.3,7.5
S250201aq,False,79.0,1.0,20.0,0.0,Glitch,11.0,2.0,10.0,0.0,HLV,885.0,274.0,1727.0,8.64,7.8,8.7
S250201i,False,19.0,3.0,77.0,0.0,NSBH,10.0,4.0,9.0,0.0,HLV,851.0,260.0,1624.0,8.52,7.8,12.1
S250201a,False,94.0,0.0,6.0,0.0,Glitch,5.0,0.0,5.0,0.0,LV,732.0,252.0,27026.0,9.33,1.8,0.4
S250131fd,False,92.0,0.0,7.0,1.0,Glitch,3.0,0.0,3.0,1.0,HLV,710.0,213.0,2352.0,8.48,6.8,6.7
S250131em,False,96.0,0.0,3.0,1.0,Glitch,3.0,0.0,2.0,1.0,LV,669.0,211.0,27253.0,9.16,1.9,0.3
S250131q,False,59.0,41.0,0.0,0.0,Glitch,9.0,9.0,0.0,0.0,HLV,4018.0,1229.0,1806.0,10.61,6.6,6.3
S250131l,False,84.0,0.0,14.0,2.0,Glitch,7.0,1.0,6.0,2.0,HLV,705.0,209.0,2609.0,8.51,7.3,8.7
S250130bj,False,93.0,5.0,2.0,0.0,Glitch,4.0,3.0,2.0,0.0,HL,1479.0,513.0,7281.0,9.99,3.2,5.8
S250130y,False,71.0,18.0,12.0,0.0,Glitch,14.0,9.0,7.0,0.0,HLV,1265.0,386.0,1433.0,9.03,7.5,9.2
S250129do,False,97.0,1.0,2.0,0.0,Glitch,3.0,2.0,2.0,0.0,HV,1251.0,307.0,34917.0,9.84,1.8,-1.8
S250129cz,False,45.0,55.0,0.0,0.0,BBH,30.0,30.0,0.0,0.0,HLV,17463.0,6543.0,3813.0,12.91,6.9,13.7
S250129ag,False,72.0,28.0,0.0,0.0,Glitch,9.0,9.0,0.0,0.0,HLV,5550.0,1684.0,3176.0,11.29,5.2,4.1
S250129p,False,68.0,32.0,0.0,0.0,Glitch,20.0,20.0,0.0,0.0,HL,13467.0,4345.0,6494.0,12.74,4.6,8.8
S250129a,False,84.0,0.0,11.0,4.0,Glitch,8.0,0.0,6.0,4.0,HL,537.0,181.0,1987.0,8.02,3.9,8.2
S250127eg,False,85.0,11.0,4.0,0.0,Glitch,9.0,8.0,3.0,0.0,HL,1410.0,443.0,3241.0,9.47,4.9,8.6
S250127ec,False,3.0,97.0,0.0,0.0,BBH,3.0,3.0,0.0,0.0,HL,2377.0,784.0,2183.0,9.98,3.2,10.7
S250127dw,False,3.0,97.0,0.0,0.0,BBH,3.0,3.0,0.0,0.0,HL,5918.0,2336.0,6180.0,11.66,0.4,14.9
S250127dv,False,92.0,8.0,0.0,0.0,Glitch,5.0,5.0,0.0,0.0,HL,7690.0,2546.0,4238.0,11.84,3.0,4.3
S250127dp,False,65.0,0.0,8.0,27.0,Glitch,15.0,0.0,4.0,12.0,HL,437.0,141.0,1870.0,7.74,3.6,9.3
S250127do,False,97.0,0.0,2.0,1.0,Glitch,4.0,0.0,4.0,1.0,HL,786.0,270.0,21702.0,9.42,0.6,-0.0
S250127cy,False,87.0,13.0,0.0,0.0,Glitch,6.0,6.0,0.0,0.0,HL,2880.0,1011.0,5223.0,10.68,2.8,4.8
S250127w,False,46.0,0.0,3.0,50.0,BNS,16.0,0.0,2.0,16.0,HLV,389.0,119.0,2012.0,7.63,4.5,10.2
S250127n,False,42.0,51.0,6.0,0.0,BBH,16.0,14.0,4.0,0.0,HLV,1419.0,449.0,1337.0,9.15,6.4,8.7
S250126dq,False,93.0,7.0,0.0,0.0,Glitch,4.0,4.0,0.0,0.0,HL,5300.0,1631.0,2586.0,11.1,3.7,4.4
S250126bh,False,93.0,0.0,7.0,1.0,Glitch,6.0,0.0,5.0,0.0,HL,800.0,271.0,16325.0,9.43,0.4,1.9
S250126aa,False,94.0,0.0,1.0,6.0,Glitch,3.0,0.0,1.0,3.0,HLV,452.0,130.0,848.0,7.45,7.8,7.3
S250126i,False,62.0,38.0,0.0,0.0,Glitch,12.0,12.0,0.0,0.0,HLV,5586.0,1735.0,2777.0,11.24,4.7,3.9
S250126h,False,90.0,2.0,9.0,0.0,Glitch,6.0,2.0,5.0,0.0,HLV,1132.0,402.0,4763.0,9.45,5.9,6.4
S250125bp,False,92.0,8.0,0.0,0.0,Glitch,4.0,4.0,0.0,0.0,HLV,8776.0,2322.0,2822.0,11.8,6.4,3.9
S250125h,False,93.0,7.0,0.0,0.0,Glitch,5.0,5.0,0.0,0.0,HLV,13106.0,4592.0,4441.0,12.6,5.5,4.6
S250125c,False,86.0,13.0,0.0,0.0,Glitch,6.0,6.0,0.0,0.0,HLV,2509.0,736.0,1364.0,9.88,7.2,5.3
S250125a,False,98.0,0.0,0.0,2.0,Glitch,2.0,0.0,0.0,2.0,HLV,259.0,78.0,657.0,6.62,5.3,6.9
S250124bf,False,84.0,0.0,1.0,15.0,Glitch,8.0,0.0,1.0,8.0,HL,364.0,153.0,5363.0,8.12,2.3,8.0
S250124ah,False,72.0,0.0,25.0,2.0,Glitch,9.0,1.0,8.0,2.0,HLV,664.0,201.0,1818.0,8.28,6.7,8.7
S250123x,False,77.0,23.0,0.0,0.0,Glitch,8.0,8.0,0.0,0.0,HLV,6926.0,1952.0,5305.0,11.77,6.6,5.7
S250123l,False,2.0,1.0,93.0,4.0,NSBH,3.0,1.0,5.0,4.0,HLV,601.0,179.0,2030.0,8.17,3.7,16.0
S250122ae,False,80.0,0.0,18.0,2.0,Glitch,8.0,1.0,7.0,2.0,HLV,652.0,198.0,1451.0,8.16,7.8,9.5
S250122x,False,29.0,71.0,0.0,0.0,BBH,26.0,26.0,0.0,0.0,HLV,6120.0,2425.0,4737.0,11.69,-1.3,22.5
S250122c,False,2.0,98.0,0.0,0.0,BBH,3.0,3.0,0.0,0.0,HV,1205.0,442.0,489.0,8.58,1.0,6.2
S250121n,False,66.0,0.0,25.0,9.0,Glitch,12.0,0.0,10.0,6.0,HLV,653.0,205.0,4368.0,8.66,6.9,10.7
S250121e,False,55.0,45.0,0.0,0.0,Glitch,10.0,10.0,0.0,0.0,HLV,3774.0,1344.0,3802.0,10.92,5.5,6.1
S250120cx,False,84.0,16.0,0.0,0.0,Glitch,13.0,13.0,0.0,0.0,HLV,16090.0,6187.0,5326.0,13.1,2.9,5.0
S250120be,False,95.0,5.0,0.0,0.0,Glitch,5.0,5.0,0.0,0.0,LV,9861.0,5010.0,8956.0,12.97,2.3,3.3
S250120bb,False,35.0,2.0,63.0,1.0,NSBH,16.0,2.0,15.0,1.0,LV,611.0,217.0,15819.0,9.11,1.5,6.1
S250120ah,False,24.0,76.0,0.0,0.0,BBH,10.0,10.0,0.0,0.0,HLV,3766.0,1253.0,2976.0,10.77,5.1,6.8
S250120x,False,82.0,0.0,1.0,17.0,Glitch,6.0,0.0,1.0,5.0,HLV,370.0,106.0,873.0,7.18,7.8,10.2
S250119dw,False,28.0,0.0,4.0,69.0,BNS,11.0,0.0,3.0,12.0,HL,331.0,103.0,1603.0,7.29,4.6,13.2
S250119cv,True,0.0,99.0,1.0,0.0,BBH,0.0,1.0,1.0,0.0,HLV,478.0,126.0,17.0,5.78,12.4,124.8
S250119bq,False,88.0,2.0,10.0,0.0,Glitch,6.0,2.0,5.0,0.0,HLV,1237.0,406.0,6143.0,9.65,6.1,6.9
S250119bk,False,95.0,0.0,1.0,3.0,Glitch,2.0,0.0,1.0,1.0,HLV,586.0,176.0,3275.0,8.35,6.7,6.4
S250119as,False,60.0,40.0,0.0,0.0,Glitch,13.0,13.0,0.0,0.0,HLV,2283.0,878.0,1606.0,9.95,3.9,3.8
S250119ag,True,0.0,100.0,0.0,0.0,BBH,0.0,0.0,0.0,0.0,HLV,2613.0,626.0,622.0,9.53,10.7,51.2
S250119ae,False,25.0,75.0,0.0,0.0,BBH,22.0,22.0,0.0,0.0,HLV,3854.0,1717.0,790.0,10.24,-0.8,12.4
S250118fl,False,59.0,14.0,27.0,0.0,Glitch,13.0,8.0,12.0,0.0,HL,1016.0,310.0,1250.0,8.63,5.8,10.8
S250118fb,False,97.0,3.0,0.0,0.0,Glitch,3.0,3.0,0.0,0.0,HLV,16312.0,4648.0,3383.0,12.7,6.1,3.6
S250118ex,False,40.0,9.0,50.0,0.0,NSBH,16.0,11.0,15.0,0.0,HL,753.0,435.0,13908.0,9.72,-2.2,5.7
S250118er,False,25.0,0.0,3.0,72.0,BNS,10.0,0.0,2.0,9.0,HLV,312.0,88.0,1304.0,7.15,7.0,15.4
S250118eq,False,79.0,1.0,2.0,17.0,Glitch,27.0,2.0,6.0,25.0,HLV,90.0,35.0,419.0,4.73,-8.4,106.7
S250118dp,True,0.0,100.0,0.0,0.0,BBH,0.0,0.0,0.0,0.0,HL,2125.0,569.0,1136.0,9.56,4.7,44.1
S250118az,True,2.0,88.0,9.0,0.0,BBH,2.0,4.0,3.0,0.0,HLV,1336.0,410.0,1219.0,8.99,7.2,14.6
S250118t,True,7.0,93.0,0.0,0.0,BBH,5.0,5.0,0.0,0.0,HLV,8129.0,2357.0,2393.0,11.64,7.7,11.9
S250117fv,False,34.0,7.0,59.0,0.0,NSBH,12.0,5.0,11.0,0.0,HL,858.0,269.0,1865.0,8.66,3.6,9.5
S250117ds,False,80.0,20.0,0.0,0.0,Glitch,6.0,6.0,0.0,0.0,HLV,4018.0,1364.0,2167.0,10.75,6.4,5.4
S250117do,False,81.0,2.0,17.0,0.0,Glitch,8.0,3.0,6.0,0.0,HLV,939.0,297.0,1358.0,8.63,7.5,8.5
S250117ci,False,80.0,20.0,0.0,0.0,Glitch,8.0,8.0,0.0,0.0,HL,4632.0,1461.0,4302.0,11.16,2.7,4.6
S250117an,False,52.0,48.0,0.0,0.0,Glitch,12.0,12.0,0.0,0.0,HLV,3148.0,974.0,8212.0,11.16,6.1,7.1
S250117y,False,88.0,0.0,11.0,1.0,Glitch,5.0,0.0,4.0,1.0,HLV,615.0,200.0,1340.0,8.09,6.6,7.4
S250117s,False,95.0,0.0,1.0,4.0,Glitch,5.0,0.0,1.0,5.0,HLV,509.0,204.0,13353.0,8.95,0.9,0.1
S250116ba,False,20.0,80.0,0.0,0.0,BBH,9.0,9.0,0.0,0.0,HL,6392.0,2031.0,5497.0,11.67,4.5,9.7
S250116n,False,69.0,31.0,0.0,0.0,Glitch,9.0,9.0,0.0,0.0,HLV,3894.0,1161.0,2523.0,10.71,7.3,6.9
S250116f,False,23.0,77.0,0.0,0.0,BBH,10.0,10.0,0.0,0.0,HLV,8080.0,2563.0,2449.0,11.71,5.6,8.1
S250115cm,False,54.0,46.0,0.0,0.0,Glitch,14.0,14.0,0.0,0.0,HLV,4139.0,1211.0,1298.0,10.51,5.2,4.4
S250115bo,False,55.0,45.0,0.0,0.0,Glitch,11.0,11.0,0.0,0.0,HLV,5565.0,1651.0,2889.0,11.25,5.7,5.5
S250115i,False,95.0,2.0,2.0,0.0,Glitch,3.0,1.0,2.0,0.0,HLV,1544.0,447.0,5622.0,9.86,6.3,4.9
S250115e,False,98.0,0.0,1.0,1.0,Glitch,2.0,0.0,2.0,1.0,LV,596.0,193.0,28344.0,9.02,1.9,-0.4
S250114da,False,94.0,0.0,3.0,3.0,Glitch,5.0,0.0,2.0,3.0,LV,390.0,202.0,17702.0,8.78,0.9,2.2
S250114cb,False,86.0,0.0,11.0,3.0,Glitch,8.0,1.0,7.0,3.0,HL,580.0,182.0,2020.0,8.11,5.0,9.1
S250114ax,True,0.0,97.0,3.0,0.0,BBH,0.0,3.0,3.0,0.0,HL,473.0,99.0,37.0,6.0,15.1,2173.1
S250114ai,False,82.0,0.0,17.0,1.0,Glitch,6.0,1.0,6.0,1.0,HLV,636.0,220.0,1298.0,8.11,6.4,7.6
S250114o,False,93.0,5.0,2.0,0.0,Glitch,3.0,2.0,2.0,0.0,HLV,1491.0,502.0,3060.0,9.6,7.1,6.7
S250112aa,False,47.0,0.0,31.0,22.0,Glitch,15.0,1.0,13.0,9.0,LV,441.0,158.0,16305.0,8.69,1.9,8.0
S250112u,False,68.0,32.0,0.0,0.0,Glitch,8.0,8.0,0.0,0.0,HLV,3840.0,1115.0,1524.0,10.47,7.4,6.7
S250112r,False,93.0,0.0,1.0,7.0,Glitch,4.0,0.0,1.0,3.0,HLV,422.0,140.0,1277.0,7.57,8.5,9.3
S250112l,False,63.0,1.0,36.0,1.0,Glitch,10.0,1.0,9.0,1.0,HLV,753.0,230.0,1853.0,8.46,7.4,9.5
S250111ba,False,60.0,1.0,38.0,1.0,Glitch,10.0,1.0,9.0,2.0,HLV,711.0,207.0,1319.0,8.21,7.5,9.4
S250111ap,False,48.0,51.0,1.0,0.0,BBH,14.0,13.0,1.0,0.0,HLV,1779.0,521.0,931.0,9.26,7.8,8.5
S250109bi,True,1.0,99.0,0.0,0.0,BBH,1.0,1.0,0.0,0.0,HV,1246.0,386.0,8841.0,9.96,1.7,28.7
S250109f,True,0.0,100.0,0.0,0.0,BBH,0.0,0.0,0.0,0.0,HLV,3259.0,876.0,614.0,9.85,8.0,31.3
S250108ha,True,92.0,0.0,1.0,6.0,Glitch,4.0,0.0,1.0,3.0,HLV,458.0,143.0,1021.0,7.61,7.7,8.2
S250108eo,True,0.0,100.0,0.0,0.0,BBH,0.0,0.0,0.0,0.0,HLV,2826.0,750.0,938.0,9.82,5.5,26.5
S250108ar,False,5.0,95.0,0.0,0.0,BBH,4.0,4.0,0.0,0.0,HL,8136.0,2672.0,6594.0,12.09,4.2,12.5
S250108ah,False,43.0,1.0,55.0,1.0,NSBH,11.0,1.0,10.0,1.0,HLV,693.0,211.0,1289.0,8.16,6.3,9.2
S250108ag,False,13.0,40.0,46.0,0.0,NSBH,16.0,18.0,22.0,0.0,HLV,1104.0,385.0,5004.0,9.4,0.9,13.3
S250108x,False,75.0,0.0,1.0,24.0,Glitch,17.0,0.0,2.0,16.0,HLV,155.0,95.0,63.0,4.96,1.3,6.9
S250106q,False,86.0,14.0,0.0,0.0,Glitch,10.0,10.0,0.0,0.0,HV,9462.0,4119.0,13337.0,12.81,2.2,4.8
S250106k,False,99.0,1.0,0.0,0.0,Glitch,0.0,0.0,0.0,0.0,HV,7122.0,4352.0,9759.0,12.69,2.3,0.7
S250106b,False,94.0,5.0,1.0,0.0,Glitch,5.0,4.0,1.0,0.0,HV,1056.0,428.0,16799.0,9.91,2.1,1.8
S250105dt,False,83.0,0.0,1.0,16.0,Glitch,9.0,0.0,1.0,8.0,HLV,450.0,143.0,3806.0,8.11,7.1,10.2
S250105dn,False,13.0,87.0,0.0,0.0,BBH,5.0,5.0,0.0,0.0,HLV,7412.0,2248.0,4160.0,11.77,5.9,8.7
S250105dc,False,84.0,1.0,15.0,0.0,Glitch,7.0,2.0,6.0,0.0,HLV,938.0,291.0,1607.0,8.68,7.5,8.1
S250105cy,False,100.0,0.0,0.0,0.0,Glitch,1.0,0.0,0.0,1.0,HLV,599.0,151.0,29389.0,8.89,3.2,-1.9
S250105br,False,96.0,4.0,0.0,0.0,Glitch,3.0,3.0,0.0,0.0,HLV,10266.0,3097.0,3582.0,12.15,5.9,3.1
S250105bn,False,64.0,0.0,2.0,34.0,Glitch,11.0,0.0,2.0,10.0,HLV,401.0,121.0,1666.0,7.58,6.7,10.8
S250105i,False,90.0,10.0,0.0,0.0,Glitch,9.0,9.0,0.0,0.0,HLV,21429.0,7162.0,7317.0,13.48,5.6,6.4
S250104ex,False,65.0,23.0,12.0,0.0,Glitch,14.0,11.0,7.0,0.0,HLV,1326.0,404.0,1710.0,9.18,7.6,9.5
S250104ec,False,88.0,0.0,7.0,6.0,Glitch,6.0,0.0,4.0,4.0,HLV,565.0,177.0,1929.0,8.1,7.1,8.8
S250104ay,False,88.0,0.0,1.0,11.0,Glitch,6.0,0.0,1.0,5.0,HLV,434.0,127.0,1052.0,7.49,8.5,9.5
S250104aa,False,56.0,44.0,0.0,0.0,Glitch,14.0,14.0,0.0,0.0,HLV,10090.0,3246.0,5714.0,12.34,5.8,6.8
S250104y,False,15.0,1.0,70.0,15.0,NSBH,7.0,1.0,14.0,11.0,HV,398.0,134.0,14121.0,8.52,1.5,9.9
S250104v,True,0.0,100.0,0.0,0.0,BBH,0.0,0.0,0.0,0.0,HLV,5423.0,1429.0,1621.0,10.91,9.1,28.1
S250104u,False,95.0,5.0,0.0,0.0,Glitch,4.0,4.0,0.0,0.0,HLV,14722.0,5261.0,4453.0,12.8,5.0,4.0
S250103hh,False,97.0,0.0,0.0,3.0,Glitch,2.0,0.0,0.0,2.0,HLV,235.0,71.0,357.0,6.22,5.0,6.5
S250103gs,False,68.0,32.0,0.0,0.0,Glitch,12.0,12.0,0.0,0.0,HL,5959.0,1842.0,3186.0,11.34,3.6,6.2
S250103gg,False,60.0,40.0,0.0,0.0,Glitch,14.0,14.0,0.0,0.0,HL,8439.0,2629.0,2743.0,11.72,4.3,7.6
S250103ek,False,85.0,15.0,0.0,0.0,Glitch,9.0,9.0,0.0,0.0,HL,10102.0,3341.0,3328.0,12.07,3.3,5.6
S250103ei,False,0.0,100.0,0.0,0.0,BBH,0.0,0.0,0.0,0.0,HL,5019.0,1536.0,7804.0,11.56,5.3,30.1
S250103ec,False,60.0,40.0,0.0,0.0,Glitch,11.0,11.0,0.0,0.0,HL,5375.0,1668.0,5360.0,11.43,3.4,6.7
S250103cz,False,82.0,0.0,17.0,1.0,Glitch,8.0,1.0,8.0,1.0,HL,724.0,238.0,3050.0,8.59,4.6,8.5
S250103au,False,1.0,99.0,0.0,0.0,BBH,1.0,1.0,0.0,0.0,HL,3888.0,1537.0,5090.0,10.99,0.4,37.7
S250103k,False,31.0,0.0,22.0,46.0,BNS,14.0,1.0,12.0,14.0,HL,457.0,143.0,1868.0,7.76,5.6,13.6
S250102dr,False,38.0,2.0,60.0,0.0,NSBH,13.0,3.0,12.0,1.0,HL,830.0,283.0,4374.0,8.96,4.0,10.3
S250102di,False,46.0,0.0,6.0,48.0,BNS,13.0,0.0,4.0,12.0,HL,420.0,135.0,2243.0,7.72,5.0,12.2
S250102ct,False,70.0,0.0,3.0,27.0,Glitch,10.0,0.0,2.0,9.0,HLV,440.0,129.0,1085.0,7.51,7.9,10.4
S250102bt,False,81.0,19.0,0.0,0.0,Glitch,9.0,9.0,0.0,0.0,HL,7584.0,2706.0,3934.0,11.83,2.3,4.6
S250102bg,False,76.0,0.0,19.0,6.0,Glitch,11.0,0.0,9.0,4.0,HLV,631.0,211.0,3530.0,8.5,5.9,8.9
S250102g,False,54.0,0.0,6.0,39.0,Glitch,17.0,0.0,5.0,16.0,HL,421.0,131.0,1695.0,7.61,5.9,12.4
S250101gb,False,92.0,7.0,1.0,0.0,Glitch,5.0,4.0,1.0,0.0,HL,1830.0,550.0,5962.0,10.09,3.9,5.9
S250101ec,False,81.0,0.0,4.0,15.0,Glitch,7.0,0.0,3.0,5.0,HLV,486.0,143.0,1272.0,7.71,7.6,9.6
S250101cs,False,66.0,34.0,0.0,0.0,Glitch,9.0,9.0,0.0,0.0,HLV,2719.0,811.0,1647.0,10.08,7.2,6.9
S250101bu,False,66.0,0.0,32.0,2.0,Glitch,10.0,1.0,9.0,2.0,HLV,659.0,197.0,1201.0,8.08,6.3,8.1
S250101af,False,16.0,84.0,0.0,0.0,BBH,19.0,19.0,1.0,0.0,HLV,1425.0,554.0,373.0,8.62,-0.8,13.6
S250101r,False,69.0,0.0,29.0,1.0,Glitch,10.0,1.0,10.0,1.0,HLV,681.0,225.0,1900.0,8.37,5.3,7.2
S250101k,True,1.0,99.0,0.0,0.0,BBH,1.0,1.0,0.0,0.0,HLV,3057.0,892.0,1126.0,10.07,6.3,13.2
S241231gu,False,89.0,11.0,0.0,0.0,Glitch,4.0,4.0,0.0,0.0,HLV,3226.0,1034.0,1398.0,10.25,6.5,4.4
S241231ei,False,95.0,5.0,0.0,0.0,Glitch,3.0,3.0,0.0,0.0,HLV,10993.0,3242.0,3428.0,12.21,5.9,3.5
S241231du,False,50.0,0.0,34.0,16.0,Glitch,10.0,0.0,10.0,7.0,HLV,578.0,184.0,2595.0,8.26,6.0,10.5
S241231bg,True,0.0,99.0,1.0,0.0,BBH,0.0,1.0,1.0,0.0,HLV,802.0,184.0,217.0,7.52,9.6,85.2
S241231ba,False,91.0,9.0,0.0,0.0,Glitch,5.0,5.0,0.0,0.0,HLV,6993.0,2089.0,2839.0,11.58,5.5,2.9
S241231k,False,79.0,21.0,0.0,0.0,Glitch,12.0,12.0,0.0,0.0,HLV,6556.0,2727.0,7692.0,12.24,2.4,1.7
S241230ev,True,8.0,92.0,0.0,0.0,BBH,9.0,9.0,0.0,0.0,HLV,5607.0,1725.0,1403.0,10.95,2.7,16.4
S241230en,False,86.0,0.0,2.0,11.0,Glitch,8.0,0.0,2.0,6.0,HL,443.0,137.0,1754.0,7.7,5.3,9.5
S241230dr,False,99.0,0.0,0.0,1.0,Glitch,1.0,0.0,0.0,1.0,HLV,281.0,91.0,2842.0,7.39,7.1,8.9
S241230do,False,66.0,34.0,0.0,0.0,Glitch,12.0,12.0,0.0,0.0,HLV,6298.0,2335.0,4846.0,11.73,4.4,4.2
S241230df,False,35.0,0.0,4.0,61.0,BNS,15.0,0.0,3.0,15.0,LV,283.0,98.0,14729.0,8.09,1.7,11.7
S241230dd,False,91.0,0.0,7.0,2.0,Glitch,6.0,0.0,5.0,2.0,HLV,645.0,191.0,1660.0,8.2,8.3,9.0
S241230bd,True,5.0,95.0,0.0,0.0,BBH,11.0,11.0,0.0,0.0,LV,2719.0,776.0,10806.0,10.93,0.9,36.4
S241230at,False,76.0,0.0,2.0,21.0,Glitch,9.0,0.0,2.0,8.0,HLV,446.0,132.0,1269.0,7.59,8.0,10.3
S241230as,False,95.0,0.0,5.0,0.0,Glitch,4.0,0.0,4.0,0.0,HLV,703.0,320.0,9957.0,9.45,4.8,4.6
S241230aq,False,90.0,10.0,0.0,0.0,Glitch,4.0,4.0,0.0,0.0,HLV,6011.0,1743.0,2837.0,11.34,6.3,4.1
S241230m,False,97.0,3.0,0.0,0.0,Glitch,3.0,3.0,0.0,0.0,LV,10109.0,3661.0,25058.0,12.78,1.3,-0.6
S241230k,False,86.0,0.0,11.0,3.0,Glitch,7.0,0.0,6.0,2.0,HLV,639.0,199.0,2069.0,8.29,7.8,9.4
S241229cr,False,93.0,0.0,0.0,7.0,Glitch,5.0,0.0,0.0,4.0,HLV,262.0,80.0,581.0,6.59,5.8,8.9
S241229ch,False,11.0,89.0,0.0,0.0,BBH,7.0,7.0,0.0,0.0,HLV,4808.0,1469.0,2948.0,11.07,7.5,10.1
S241229v,False,91.0,0.0,0.0,9.0,Glitch,4.0,0.0,0.0,4.0,HLV,344.0,101.0,1196.0,7.24,6.8,9.3
S241229q,False,75.0,18.0,7.0,0.0,Glitch,14.0,10.0,6.0,0.0,HLV,1231.0,402.0,1096.0,8.91,6.8,7.8
S241229j,False,24.0,9.0,66.0,0.0,NSBH,21.0,12.0,23.0,1.0,LV,177.0,124.0,272.0,7.98,0.3,6.6
S241229h,False,91.0,9.0,0.0,0.0,Glitch,5.0,5.0,0.0,0.0,HLV,7228.0,2062.0,1943.0,11.4,6.7,4.4
S241229e,False,61.0,39.0,0.0,0.0,Glitch,10.0,10.0,0.0,0.0,HLV,3233.0,1104.0,2459.0,10.53,5.2,5.0
S241228cg,False,67.0,0.0,1.0,32.0,Glitch,14.0,0.0,1.0,13.0,LV,249.0,88.0,15348.0,7.93,1.7,10.3
S241228be,False,30.0,70.0,0.0,0.0,BBH,10.0,10.0,0.0,0.0,HLV,3684.0,1214.0,2482.0,10.68,5.6,6.9
S241228ak,False,90.0,10.0,0.0,0.0,Glitch,6.0,6.0,0.0,0.0,HLV,7618.0,2336.0,2874.0,11.68,4.8,2.3
S241228q,False,91.0,0.0,8.0,1.0,Glitch,5.0,0.0,4.0,1.0,HLV,702.0,204.0,1867.0,8.35,8.0,8.3
S241228e,False,19.0,1.0,78.0,2.0,NSBH,12.0,2.0,11.0,2.0,LV,536.0,192.0,13581.0,8.94,1.9,8.7
S241227a,False,26.0,0.0,45.0,28.0,NSBH,13.0,1.0,15.0,12.0,LV,429.0,147.0,15257.0,8.62,1.5,9.7
S241226cy,False,31.0,0.0,10.0,58.0,BNS,17.0,0.0,5.0,18.0,LV,359.0,125.0,15853.0,8.4,1.6,9.6
S241226cc,False,45.0,55.0,0.0,0.0,BBH,14.0,14.0,0.0,0.0,HLV,6949.0,2234.0,2988.0,11.63,6.5,7.1
S241226bw,False,68.0,2.0,30.0,0.0,Glitch,12.0,3.0,11.0,0.0,HLV,949.0,281.0,2165.0,8.82,7.2,8.9
S241226bu,False,88.0,3.0,9.0,0.0,Glitch,7.0,3.0,5.0,0.0,HLV,1205.0,387.0,3550.0,9.38,6.8,7.6
S241226az,False,89.0,11.0,0.0,0.0,Glitch,6.0,6.0,0.0,0.0,HLV,9604.0,3376.0,3384.0,12.1,4.4,3.1
S241226aw,False,74.0,0.0,3.0,23.0,Glitch,10.0,0.0,3.0,8.0,HLV,479.0,143.0,1771.0,7.86,7.7,10.4
S241225bv,False,35.0,1.0,61.0,3.0,NSBH,15.0,1.0,15.0,3.0,LV,528.0,191.0,16662.0,8.93,1.6,7.5
S241225ae,False,90.0,10.0,0.0,0.0,Glitch,4.0,4.0,0.0,0.0,HLV,5038.0,1606.0,2307.0,11.05,5.5,3.1
S241225v,True,0.0,100.0,0.0,0.0,BBH,0.0,0.0,0.0,0.0,HL,2225.0,594.0,923.0,9.41,7.9,95.7
S241225e,False,34.0,1.0,60.0,5.0,NSBH,14.0,1.0,14.0,4.0,LV,494.0,186.0,15524.0,8.87,2.4,8.8
S241225c,True,4.0,94.0,3.0,0.0,BBH,5.0,5.0,3.0,0.0,LV,626.0,162.0,5489.0,8.55,1.1,80.8
S241224g,False,26.0,0.0,14.0,60.0,BNS,16.0,0.0,7.0,18.0,LV,365.0,125.0,15272.0,8.42,1.5,10.0
S241223bl,False,4.0,96.0,0.0,0.0,BBH,3.0,3.0,0.0,0.0,LV,3360.0,1282.0,16160.0,11.37,2.0,8.8
S241223av,False,65.0,0.0,4.0,30.0,Glitch,10.0,0.0,3.0,7.0,HL,417.0,144.0,3193.0,7.86,2.6,8.6
S241223as,False,90.0,10.0,0.0,0.0,Glitch,7.0,7.0,0.0,0.0,HL,2374.0,717.0,5452.0,10.37,3.8,5.6
S241222dv,False,88.0,0.0,1.0,11.0,Glitch,7.0,0.0,1.0,6.0,HLV,468.0,137.0,1481.0,7.71,7.9,9.0
S241222do,False,17.0,4.0,79.0,0.0,NSBH,12.0,3.0,11.0,0.0,HV,616.0,216.0,15677.0,9.11,1.4,7.7
S241222aa,False,91.0,0.0,4.0,4.0,Glitch,4.0,0.0,3.0,2.0,HLV,536.0,171.0,1495.0,7.95,7.5,8.8
S241221da,False,84.0,16.0,0.0,0.0,Glitch,11.0,11.0,0.0,0.0,HLV,15884.0,5986.0,6210.0,13.06,5.0,6.4
S241221ac,False,95.0,5.0,0.0,0.0,Glitch,4.0,4.0,0.0,0.0,HLV,14819.0,3898.0,3356.0,12.55,6.0,3.8
S241220ey,False,1.0,98.0,1.0,0.0,BBH,1.0,2.0,1.0,0.0,HL,2169.0,701.0,7684.0,10.5,5.2,15.7
S241220es,False,81.0,19.0,0.0,0.0,Glitch,6.0,6.0,0.0,0.0,HLV,4941.0,1420.0,2191.0,10.97,5.5,3.5
S241220eh,False,92.0,8.0,0.0,0.0,Glitch,6.0,6.0,0.0,0.0,HLV,15781.0,4540.0,3346.0,12.66,6.0,4.9
S241220dj,False,37.0,63.0,0.0,0.0,BBH,31.0,31.0,0.0,0.0,HLV,4512.0,1744.0,1443.0,10.73,-2.6,24.1
S241220cq,False,79.0,21.0,0.0,0.0,Glitch,9.0,9.0,0.0,0.0,HL,3209.0,1112.0,2374.0,10.45,3.1,5.3
S241220cg,False,4.0,96.0,1.0,0.0,BBH,3.0,3.0,1.0,0.0,HL,2108.0,703.0,6175.0,10.3,4.2,13.0
S241220bu,False,92.0,8.0,0.0,0.0,Glitch,4.0,4.0,0.0,0.0,HL,5112.0,1552.0,3892.0,11.24,3.2,4.1
S241220bi,False,65.0,1.0,31.0,4.0,Glitch,14.0,1.0,14.0,4.0,HL,572.0,175.0,1282.0,7.89,5.7,10.9
S241220bb,False,80.0,0.0,12.0,7.0,Glitch,13.0,0.0,7.0,7.0,HL,496.0,200.0,3636.0,8.34,2.6,7.9
S241220ar,False,86.0,0.0,1.0,13.0,Glitch,8.0,0.0,1.0,8.0,HL,360.0,109.0,976.0,7.18,5.9,9.9
S241220y,False,82.0,18.0,0.0,0.0,Glitch,8.0,8.0,0.0,0.0,HL,3845.0,1215.0,3109.0,10.76,3.9,6.0
S241220x,False,26.0,74.0,0.0,0.0,BBH,14.0,14.0,0.0,0.0,HL,2504.0,777.0,1344.0,9.84,5.5,10.2
S241220j,False,77.0,1.0,21.0,1.0,Glitch,9.0,1.0,9.0,1.0,HL,656.0,204.0,1549.0,8.17,5.2,9.1
S241219gz,False,2.0,98.0,0.0,0.0,BBH,1.0,1.0,0.0,0.0,HL,6070.0,2020.0,4366.0,11.49,3.2,11.8
S241219gj,False,8.0,41.0,51.0,0.0,NSBH,10.0,19.0,22.0,0.0,HLV,809.0,290.0,950.0,8.25,1.7,17.9
S241219ga,False,77.0,23.0,0.0,0.0,Glitch,9.0,9.0,0.0,0.0,HL,4651.0,1518.0,2697.0,10.96,3.1,5.2
S241219fi,False,23.0,77.0,0.0,0.0,BBH,8.0,8.0,0.0,0.0,HLV,3829.0,1178.0,2181.0,10.65,5.9,7.3
S241219fc,False,52.0,48.0,0.0,0.0,Glitch,11.0,11.0,0.0,0.0,HLV,3847.0,1124.0,2760.0,10.73,7.2,7.6
S241219eg,False,94.0,0.0,0.0,5.0,Glitch,3.0,0.0,0.0,2.0,HLV,370.0,119.0,1626.0,7.49,6.9,8.3
S241219ed,False,96.0,2.0,2.0,0.0,Glitch,3.0,1.0,2.0,0.0,HLV,1445.0,468.0,4882.0,9.74,6.5,5.5
S241219db,False,40.0,60.0,0.0,0.0,BBH,10.0,10.0,0.0,0.0,HLV,3352.0,981.0,1362.0,10.26,7.7,8.2
S241219cl,False,64.0,3.0,33.0,0.0,Glitch,12.0,4.0,11.0,0.0,HLV,947.0,276.0,1595.0,8.67,8.3,10.2
S241219f,False,87.0,0.0,1.0,11.0,Glitch,7.0,0.0,1.0,6.0,HLV,458.0,147.0,1589.0,7.78,6.6,7.8
S241218do,False,13.0,2.0,85.0,1.0,NSBH,10.0,2.0,9.0,1.0,LV,569.0,193.0,14360.0,8.99,1.4,9.1
S241218dn,False,83.0,17.0,0.0,0.0,Glitch,11.0,11.0,0.0,0.0,LV,6469.0,3689.0,9301.0,12.51,2.5,4.7
S241218at,False,62.0,5.0,26.0,6.0,Glitch,37.0,10.0,27.0,14.0,HLV,305.0,46.0,98.0,5.51,-6.7,98.3
S241218g,False,81.0,1.0,18.0,0.0,Glitch,10.0,2.0,9.0,0.0,HLV,858.0,252.0,1204.0,8.44,7.8,8.1
S241217as,False,59.0,41.0,0.0,0.0,Glitch,10.0,10.0,0.0,0.0,HL,3349.0,1094.0,3231.0,10.61,3.8,7.2
S241217ar,False,68.0,0.0,2.0,30.0,Glitch,9.0,0.0,2.0,9.0,HL,350.0,126.0,2135.0,7.58,3.6,9.9
S241217t,False,88.0,12.0,0.0,0.0,Glitch,14.0,14.0,0.0,0.0,HL,7714.0,3849.0,8845.0,12.64,-0.4,1.7
S241216fi,False,65.0,0.0,31.0,3.0,Glitch,9.0,1.0,8.0,3.0,HLV,626.0,182.0,1211.0,8.02,6.9,9.1
S241216cy,False,74.0,0.0,9.0,17.0,Glitch,11.0,0.0,6.0,8.0,HL,504.0,160.0,3001.0,8.1,5.1,11.0
S241216cj,False,52.0,1.0,44.0,3.0,Glitch,8.0,1.0,8.0,3.0,HL,601.0,196.0,2032.0,8.17,4.3,10.1
S241216bp,False,32.0,33.0,35.0,0.0,NSBH,12.0,9.0,12.0,0.0,HL,1059.0,376.0,2214.0,8.91,3.6,10.5
S241215em,False,74.0,0.0,1.0,24.0,Glitch,8.0,0.0,1.0,7.0,HLV,383.0,112.0,1104.0,7.32,7.9,11.0
S241215df,False,82.0,18.0,0.0,0.0,Glitch,6.0,6.0,0.0,0.0,HLV,4688.0,1421.0,2687.0,11.02,5.2,3.4
S241215cz,False,86.0,14.0,0.0,0.0,Glitch,5.0,5.0,0.0,0.0,HLV,5663.0,1806.0,2994.0,11.29,6.8,5.4
S241215ab,False,86.0,0.0,1.0,13.0,Glitch,5.0,0.0,1.0,5.0,HLV,387.0,118.0,1163.0,7.37,7.3,9.4
S241214da,False,89.0,0.0,4.0,7.0,Glitch,4.0,0.0,3.0,2.0,HLV,532.0,164.0,1772.0,7.98,7.5,9.0
S241214b,False,8.0,2.0,90.0,0.0,NSBH,6.0,2.0,6.0,1.0,HV,541.0,187.0,15528.0,8.93,1.6,9.5
S241213em,False,85.0,15.0,0.0,0.0,Glitch,8.0,8.0,0.0,0.0,HLV,6180.0,2253.0,3802.0,11.65,3.7,1.9
S241213au,False,90.0,10.0,0.0,0.0,Glitch,5.0,5.0,0.0,0.0,HLV,7186.0,2394.0,4144.0,11.8,5.5,3.7
S241213o,False,62.0,24.0,14.0,0.0,Glitch,14.0,11.0,8.0,0.0,HLV,1269.0,369.0,1136.0,8.9,8.4,10.2
S241213n,False,89.0,2.0,9.0,0.0,Glitch,5.0,2.0,4.0,0.0,HLV,981.0,289.0,987.0,8.51,8.0,7.9
S241212dz,False,51.0,49.0,0.0,0.0,Glitch,12.0,12.0,0.0,0.0,HLV,4113.0,1370.0,1641.0,10.65,5.8,5.8
S241212ce,False,94.0,6.0,0.0,0.0,Glitch,3.0,3.0,0.0,0.0,HLV,8776.0,2906.0,3536.0,12.0,4.8,2.2
S241212cb,False,18.0,82.0,0.0,0.0,BBH,14.0,13.0,0.0,0.0,HLV,2644.0,1029.0,2156.0,10.29,2.8,5.7
S241212ca,False,88.0,12.0,0.0,0.0,Glitch,4.0,4.0,0.0,0.0,HLV,5248.0,1737.0,2531.0,11.14,6.1,4.3
S241212bq,False,79.0,21.0,0.0,0.0,Glitch,7.0,7.0,0.0,0.0,HLV,4619.0,1575.0,2959.0,11.07,4.5,3.1
S241211ka,False,91.0,0.0,5.0,4.0,Glitch,5.0,0.0,3.0,3.0,HLV,585.0,176.0,2139.0,8.21,6.8,7.8
S241211jl,False,62.0,30.0,8.0,0.0,Glitch,13.0,11.0,5.0,0.0,HLV,1596.0,494.0,3564.0,9.7,7.1,9.4
S241211jh,False,3.0,2.0,94.0,0.0,NSBH,5.0,1.0,5.0,0.0,HLV,664.0,186.0,889.0,7.95,4.5,12.6
S241211hy,False,91.0,2.0,6.0,0.0,Glitch,5.0,3.0,4.0,0.0,HLV,1166.0,343.0,1860.0,9.01,8.0,8.0
S241211gv,False,21.0,0.0,5.0,75.0,BNS,13.0,0.0,3.0,13.0,HV,155.0,44.0,3981.0,6.71,0.7,20.1
S241211fl,False,6.0,5.0,88.0,0.0,NSBH,8.0,6.0,10.0,1.0,HLV,640.0,239.0,1924.0,8.53,1.2,14.4
S241211fi,False,0.0,100.0,0.0,0.0,BBH,0.0,0.0,0.0,0.0,HLV,2448.0,676.0,508.0,9.38,6.2,27.4
S241211en,False,1.0,99.0,0.0,0.0,BBH,1.0,1.0,0.0,0.0,HV,1866.0,705.0,6835.0,10.32,1.3,12.4
S241211do,False,70.0,1.0,3.0,26.0,Glitch,29.0,2.0,7.0,25.0,HLV,160.0,70.0,303.0,5.55,-6.5,16.6
S241211dl,False,1.0,2.0,95.0,2.0,NSBH,1.0,2.0,5.0,5.0,HLV,513.0,184.0,1227.0,7.89,3.2,20.6
S241211ae,False,6.0,94.0,0.0,0.0,BBH,5.0,5.0,0.0,0.0,HLV,2661.0,909.0,811.0,9.79,3.6,7.3
S241211y,False,32.0,68.0,0.0,0.0,BBH,28.0,28.0,1.0,0.0,HLV,1903.0,980.0,9323.0,10.84,-1.8,3.4
S241211o,False,94.0,4.0,2.0,0.0,Glitch,3.0,2.0,2.0,0.0,HLV,1547.0,450.0,3920.0,9.71,6.5,5.4
S241210in,False,7.0,93.0,0.0,0.0,BBH,5.0,5.0,0.0,0.0,LV,4577.0,1655.0,9472.0,11.74,2.6,16.5
S241210im,False,24.0,76.0,0.0,0.0,BBH,25.0,25.0,0.0,0.0,HLV,2321.0,1041.0,4594.0,10.65,-1.0,4.3
S241210ih,False,24.0,76.0,0.0,0.0,BBH,23.0,23.0,0.0,0.0,HLV,2180.0,685.0,644.0,9.38,-2.0,50.5
S241210ii,False,2.0,98.0,0.0,0.0,BBH,1.0,1.0,0.0,0.0,HLV,4143.0,1328.0,1264.0,10.56,4.8,11.6
S241210hf,False,3.0,97.0,0.0,0.0,BBH,4.0,4.0,0.0,0.0,HLV,1596.0,540.0,786.0,9.09,1.8,20.8
S241210gm,False,38.0,62.0,0.0,0.0,BBH,20.0,20.0,0.0,0.0,HL,11715.0,3840.0,6293.0,12.54,3.6,9.3
S241210gk,False,77.0,0.0,7.0,16.0,Glitch,12.0,0.0,5.0,9.0,HL,473.0,151.0,2044.0,7.86,5.3,10.8
S241210fu,True,2.0,98.0,0.0,0.0,BBH,1.0,1.0,0.0,0.0,HL,4856.0,1595.0,3102.0,11.05,4.1,12.2
S241210di,False,72.0,28.0,0.0,0.0,Glitch,13.0,13.0,0.0,0.0,HL,5395.0,1953.0,5283.0,11.55,2.0,4.6
S241210de,False,64.0,36.0,0.0,0.0,Glitch,14.0,14.0,0.0,0.0,HLV,5788.0,1733.0,10481.0,11.94,3.4,2.6
S241210cw,True,0.0,100.0,0.0,0.0,BBH,0.0,0.0,0.0,0.0,HLV,1910.0,521.0,1002.0,9.33,9.1,40.0
S241210bf,False,11.0,89.0,0.0,0.0,BBH,6.0,6.0,0.0,0.0,HLV,4412.0,1348.0,2677.0,10.94,6.0,8.4
S241210be,False,32.0,68.0,0.0,0.0,BBH,29.0,29.0,0.0,0.0,HLV,2234.0,1485.0,1730.0,9.66,-3.1,27.9
S241210bb,False,28.0,1.0,20.0,51.0,BNS,28.0,2.0,15.0,29.0,HLV,263.0,104.0,576.0,6.65,-1.6,24.8
S241210ba,False,26.0,74.0,0.0,0.0,BBH,26.0,26.0,0.0,0.0,HLV,1694.0,549.0,151.0,8.43,-2.2,39.1
S241210ad,False,5.0,95.0,0.0,0.0,BBH,3.0,3.0,0.0,0.0,HLV,5021.0,1611.0,2255.0,11.03,4.6,8.7
S241210d,True,23.0,77.0,0.0,0.0,BBH,9.0,9.0,0.0,0.0,HL,7530.0,2565.0,4583.0,11.82,3.4,8.6
S241209q,False,1.0,99.0,0.0,0.0,BBH,0.0,0.0,0.0,0.0,HV,2061.0,720.0,10171.0,10.68,2.3,15.4
S241209h,False,1.0,99.0,0.0,0.0,BBH,1.0,1.0,0.0,0.0,HV,3131.0,1086.0,8168.0,11.22,2.7,13.0
S241207do,False,96.0,0.0,0.0,4.0,Glitch,3.0,0.0,0.0,3.0,HLV,118.0,61.0,183.0,5.43,1.1,7.8
S241207c,False,92.0,2.0,6.0,0.0,Glitch,5.0,2.0,4.0,0.0,HLV,1268.0,387.0,3873.0,9.46,6.6,6.3
S241206ai,False,30.0,70.0,0.0,0.0,BBH,11.0,11.0,0.0,0.0,HL,2484.0,839.0,3590.0,10.27,3.5,8.3
S241206ah,False,12.0,86.0,1.0,0.0,BBH,10.0,10.0,1.0,0.0,HL,1771.0,554.0,1792.0,9.5,5.4,11.9
S241206ab,False,96.0,0.0,3.0,0.0,Glitch,3.0,1.0,2.0,0.0,HLV,1286.0,381.0,9864.0,9.97,4.9,1.4
S241206i,False,91.0,0.0,0.0,8.0,Glitch,4.0,0.0,0.0,4.0,HLV,338.0,105.0,1607.0,7.36,5.9,8.8
S241205ap,False,54.0,46.0,0.0,0.0,Glitch,18.0,18.0,0.0,0.0,HL,5526.0,1772.0,7409.0,11.73,1.0,4.0
S241205w,False,70.0,1.0,28.0,1.0,Glitch,9.0,1.0,9.0,1.0,HL,696.0,219.0,2131.0,8.37,4.4,8.7
S241205s,False,62.0,3.0,35.0,0.0,Glitch,14.0,3.0,13.0,1.0,HL,859.0,267.0,1840.0,8.59,5.3,9.9
S241204fr,False,49.0,0.0,3.0,48.0,Glitch,12.0,0.0,3.0,12.0,HL,356.0,113.0,1470.0,7.32,5.6,12.6
S241204fp,False,89.0,11.0,0.0,0.0,Glitch,7.0,7.0,0.0,0.0,HL,13213.0,4519.0,4707.0,12.57,2.7,5.2
S241204fo,False,46.0,3.0,51.0,0.0,NSBH,14.0,4.0,14.0,1.0,HL,823.0,252.0,1721.0,8.5,5.5,10.8
S241204eo,False,12.0,88.0,0.0,0.0,BBH,7.0,7.0,0.0,0.0,HL,2358.0,812.0,2270.0,10.02,2.0,7.5
S241204en,False,57.0,43.0,0.0,0.0,Glitch,13.0,13.0,0.0,0.0,HL,2641.0,822.0,1533.0,9.96,5.1,8.4
S241204eb,False,74.0,4.0,23.0,0.0,Glitch,10.0,4.0,8.0,0.0,HL,1024.0,344.0,5170.0,9.28,3.0,7.5
S241204di,False,82.0,1.0,17.0,0.0,Glitch,9.0,1.0,8.0,0.0,HL,813.0,273.0,2641.0,8.67,3.4,6.6
S241204dd,False,10.0,1.0,86.0,3.0,NSBH,6.0,1.0,7.0,2.0,HL,561.0,178.0,1406.0,7.9,3.8,12.0
S241204av,False,93.0,0.0,0.0,7.0,Glitch,4.0,0.0,0.0,4.0,HLV,348.0,100.0,984.0,7.16,8.4,10.2
S241203cg,False,89.0,0.0,5.0,6.0,Glitch,5.0,0.0,3.0,3.0,HLV,503.0,173.0,1453.0,7.87,4.4,5.2
S241203f,False,12.0,88.0,0.0,0.0,BBH,14.0,14.0,0.0,0.0,HLV,2726.0,1633.0,733.0,9.87,1.1,16.6
S241203b,False,78.0,0.0,16.0,6.0,Glitch,10.0,0.0,8.0,5.0,HLV,606.0,187.0,1987.0,8.19,7.7,10.2
S241202fk,False,48.0,52.0,0.0,0.0,BBH,16.0,16.0,0.0,0.0,HLV,10877.0,3477.0,3955.0,12.29,6.3,8.0
S241202el,False,9.0,57.0,34.0,0.0,BBH,7.0,8.0,7.0,0.0,HV,861.0,293.0,15938.0,9.53,1.6,9.9
S241202cb,False,80.0,0.0,18.0,1.0,Glitch,8.0,0.0,7.0,2.0,HLV,653.0,269.0,4045.0,8.78,2.3,3.7
S241202ca,False,5.0,95.0,0.0,0.0,BBH,4.0,4.0,0.0,0.0,HLV,3782.0,1194.0,3458.0,10.81,7.4,11.5
S241202bl,False,84.0,16.0,0.0,0.0,Glitch,6.0,6.0,0.0,0.0,HLV,3214.0,1250.0,3423.0,10.81,3.8,2.2
S241202bi,False,26.0,74.0,0.0,0.0,BBH,26.0,26.0,0.0,0.0,HLV,1482.0,454.0,96.0,8.04,-2.0,44.5
S241202at,False,82.0,0.0,5.0,14.0,Glitch,7.0,0.0,4.0,4.0,HLV,559.0,165.0,3217.0,8.28,6.8,9.2
S241202as,False,72.0,28.0,0.0,0.0,Glitch,11.0,11.0,0.0,0.0,HLV,10750.0,3886.0,3877.0,12.3,5.4,6.2
S241202e,False,92.0,0.0,4.0,4.0,Glitch,4.0,0.0,3.0,2.0,HLV,556.0,173.0,1844.0,8.06,7.5,8.7
S241201eh,False,87.0,13.0,0.0,0.0,Glitch,5.0,5.0,0.0,0.0,HLV,4983.0,1395.0,2685.0,11.08,5.6,3.2
S241201cq,False,73.0,27.0,0.0,0.0,Glitch,10.0,10.0,0.0,0.0,HLV,6866.0,2010.0,2916.0,11.51,7.2,6.4
S241201ca,False,81.0,0.0,7.0,13.0,Glitch,8.0,0.0,5.0,5.0,HLV,515.0,155.0,1353.0,7.79,8.5,10.9
S241201ac,True,24.0,76.0,0.0,0.0,BBH,11.0,11.0,0.0,0.0,HLV,9495.0,2984.0,3425.0,12.04,5.8,8.9
S241201n,False,47.0,53.0,0.0,0.0,BBH,15.0,15.0,0.0,0.0,HL,5877.0,1884.0,7327.0,11.75,2.2,5.8
S241130cf,False,93.0,0.0,3.0,4.0,Glitch,4.0,0.0,3.0,2.0,HLV,569.0,174.0,2100.0,8.13,7.9,9.0
S241130cc,False,61.0,39.0,0.0,0.0,Glitch,19.0,19.0,0.0,0.0,HV,2662.0,1898.0,1524.0,11.53,0.9,4.0
S241130by,False,2.0,97.0,1.0,0.0,BBH,2.0,2.0,1.0,0.0,LV,1362.0,437.0,15878.0,10.09,1.4,16.3
S241130br,False,97.0,0.0,0.0,3.0,Glitch,2.0,0.0,0.0,2.0,HLV,293.0,95.0,1483.0,7.14,5.3,7.7
S241130be,True,3.0,82.0,15.0,0.0,BBH,3.0,6.0,5.0,0.0,HLV,1350.0,388.0,1301.0,9.02,8.3,15.1
S241130z,False,77.0,14.0,9.0,0.0,Glitch,12.0,8.0,6.0,0.0,HLV,1280.0,387.0,1417.0,9.01,7.8,9.0
S241130q,False,75.0,21.0,4.0,0.0,Glitch,13.0,13.0,3.0,0.0,LV,1133.0,485.0,18621.0,10.03,2.1,4.1
S241130n,True,0.0,100.0,0.0,0.0,BBH,0.0,0.0,0.0,0.0,HLV,2052.0,550.0,543.0,9.19,8.0,41.9
S241129co,False,77.0,0.0,5.0,18.0,Glitch,12.0,0.0,4.0,9.0,HL,457.0,140.0,1710.0,7.72,5.5,10.6
S241129cn,False,35.0,65.0,0.0,0.0,BBH,12.0,12.0,0.0,0.0,HL,8288.0,2601.0,5318.0,11.99,3.4,7.8
S241129ci,False,13.0,85.0,2.0,0.0,BBH,9.0,10.0,1.0,0.0,HL,1678.0,540.0,1835.0,9.44,4.7,11.1
S241129ac,False,88.0,0.0,0.0,12.0,Glitch,6.0,0.0,1.0,6.0,HLV,312.0,92.0,1152.0,7.11,6.4,10.1
S241129aa,True,0.0,100.0,0.0,0.0,BBH,0.0,0.0,0.0,0.0,HLV,2287.0,548.0,502.0,9.25,11.2,69.9
S241129h,False,85.0,4.0,11.0,0.0,Glitch,7.0,4.0,5.0,0.0,HLV,1202.0,375.0,2947.0,9.25,7.3,8.4
S241128dk,False,75.0,25.0,0.0,0.0,Glitch,6.0,6.0,0.0,0.0,HLV,3234.0,1024.0,1884.0,10.36,6.5,5.7
S241128dg,False,70.0,0.0,8.0,22.0,Glitch,22.0,0.0,13.0,19.0,HLV,157.0,147.0,706.0,8.08,-3.1,4.0
S241128dc,False,78.0,1.0,3.0,18.0,Glitch,30.0,2.0,6.0,27.0,HLV,90.0,35.0,116.0,4.28,-9.2,185.5
S241128cf,False,63.0,37.0,0.0,0.0,Glitch,15.0,15.0,0.0,0.0,HLV,6122.0,3139.0,5001.0,11.81,3.1,4.3
S241128bo,False,90.0,0.0,1.0,9.0,Glitch,5.0,0.0,1.0,4.0,HLV,454.0,135.0,1561.0,7.7,8.2,9.3
S241128av,False,72.0,26.0,2.0,0.0,Glitch,24.0,23.0,4.0,0.0,HLV,770.0,1005.0,4571.0,10.47,-3.9,0.4
S241128ar,False,95.0,0.0,0.0,5.0,Glitch,3.0,0.0,0.0,3.0,HLV,314.0,100.0,2239.0,7.42,6.8,10.1
S241128an,False,32.0,19.0,49.0,0.0,NSBH,11.0,8.0,12.0,0.0,HLV,1197.0,418.0,6426.0,9.64,3.8,8.7
S241128ab,False,88.0,0.0,1.0,11.0,Glitch,6.0,0.0,1.0,5.0,HLV,433.0,130.0,1840.0,7.75,7.7,9.4
S241128aa,False,94.0,6.0,0.0,0.0,Glitch,3.0,3.0,0.0,0.0,HLV,4647.0,1569.0,2476.0,11.0,5.5,2.4
S241128v,False,88.0,0.0,3.0,9.0,Glitch,5.0,0.0,2.0,4.0,HLV,501.0,147.0,1302.0,7.74,8.4,9.8
S241127eh,False,79.0,21.0,0.0,0.0,Glitch,10.0,10.0,0.0,0.0,HLV,6443.0,2153.0,2093.0,11.35,4.8,3.4
S241127dx,False,63.0,37.0,0.0,0.0,Glitch,12.0,12.0,0.0,0.0,HLV,5116.0,1685.0,5286.0,11.41,4.2,3.7
S241127de,False,41.0,0.0,17.0,42.0,BNS,17.0,0.0,8.0,17.0,LV,396.0,138.0,15611.0,8.53,1.5,8.1
S241127az,False,2.0,1.0,82.0,14.0,NSBH,2.0,2.0,18.0,18.0,HLV,418.0,134.0,876.0,7.37,2.4,25.3
S241127ax,False,95.0,5.0,0.0,0.0,Glitch,5.0,5.0,0.0,0.0,HLV,8895.0,4392.0,15828.0,12.82,2.6,0.6
S241127aj,True,0.0,100.0,0.0,0.0,BBH,0.0,0.0,0.0,0.0,HLV,729.0,181.0,80.0,6.97,14.3,313.0
S241127ah,False,83.0,0.0,4.0,13.0,Glitch,6.0,0.0,3.0,4.0,HLV,522.0,154.0,1849.0,7.96,8.0,10.2
S241127s,False,72.0,5.0,16.0,8.0,Glitch,36.0,8.0,21.0,19.0,HLV,398.0,33.0,84.0,5.55,-12.7,181.9
S241127k,False,70.0,0.0,27.0,3.0,Glitch,8.0,1.0,8.0,2.0,HL,597.0,194.0,2122.0,8.17,4.0,9.1
S241127c,False,16.0,84.0,0.0,0.0,BBH,7.0,7.0,0.0,0.0,HL,5916.0,2056.0,3230.0,11.37,2.2,7.3
S241126dp,False,74.0,0.0,6.0,20.0,Glitch,8.0,0.0,4.0,6.0,HLV,491.0,150.0,1592.0,7.82,7.3,10.0
S241126dm,True,75.0,7.0,16.0,2.0,Glitch,37.0,13.0,30.0,7.0,HLV,460.0,68.0,28.0,5.48,-15.2,69.7
S241126cm,False,64.0,36.0,0.0,0.0,Glitch,10.0,10.0,0.0,0.0,HL,2836.0,915.0,2017.0,10.18,4.6,7.7
S241126cg,False,2.0,98.0,0.0,0.0,BBH,3.0,3.0,0.0,0.0,HL,2033.0,1281.0,9868.0,11.08,-0.8,58.6
S241126bi,False,18.0,45.0,37.0,0.0,BBH,10.0,21.0,19.0,0.0,HL,925.0,425.0,4680.0,9.29,-1.4,7.6
S241126an,False,51.0,49.0,0.0,0.0,Glitch,14.0,14.0,0.0,0.0,HLV,8089.0,2585.0,2805.0,11.72,5.9,6.4
S241126s,False,4.0,96.0,0.0,0.0,BBH,3.0,3.0,0.0,0.0,LV,1541.0,579.0,280.0,8.6,0.5,9.8
S241125fb,False,32.0,68.0,0.0,0.0,BBH,12.0,12.0,0.0,0.0,HLV,4349.0,1408.0,2386.0,10.89,4.0,4.7
S241125eh,False,96.0,0.0,0.0,4.0,Glitch,2.0,0.0,0.0,2.0,HLV,366.0,115.0,976.0,7.26,8.0,8.4
S241125dy,False,97.0,0.0,0.0,3.0,Glitch,2.0,0.0,0.0,2.0,HLV,545.0,182.0,4369.0,8.47,6.5,5.3
S241125cj,False,89.0,0.0,7.0,4.0,Glitch,6.0,0.0,4.0,3.0,HLV,578.0,174.0,1412.0,7.99,7.8,9.0
S241125cb,False,8.0,92.0,0.0,0.0,BBH,5.0,5.0,0.0,0.0,HLV,4268.0,1331.0,2136.0,10.77,5.7,8.4
S241125bz,False,74.0,1.0,25.0,0.0,Glitch,8.0,1.0,7.0,1.0,HLV,714.0,248.0,1806.0,8.42,5.7,7.1
S241125by,False,59.0,25.0,15.0,0.0,Glitch,37.0,27.0,26.0,0.0,HLV,559.0,173.0,71.0,6.55,-5.9,29.5
S241125n,True,0.0,100.0,0.0,0.0,BBH,0.0,0.0,0.0,0.0,HLV,6423.0,1740.0,2367.0,11.3,9.2,23.4
S241124gj,False,92.0,4.0,5.0,0.0,Glitch,6.0,3.0,4.0,0.0,HLV,1107.0,385.0,1562.0,9.01,7.2,7.4
S241124fi,False,88.0,12.0,0.0,0.0,Glitch,5.0,5.0,0.0,0.0,HLV,4806.0,1695.0,2992.0,11.17,4.4,2.2
S241124er,False,89.0,0.0,6.0,5.0,Glitch,6.0,0.0,4.0,3.0,HLV,538.0,162.0,1043.0,7.76,8.3,9.5
S241124dl,False,88.0,12.0,0.0,0.0,Glitch,5.0,5.0,0.0,0.0,HLV,4598.0,1612.0,2715.0,11.1,4.5,2.2
S241124dk,False,41.0,1.0,38.0,21.0,Glitch,29.0,1.0,23.0,25.0,HLV,278.0,129.0,57.0,5.7,-1.3,5.2
S241124cy,False,2.0,98.0,0.0,0.0,BBH,1.0,1.0,0.0,0.0,HL,5191.0,1924.0,7670.0,11.65,1.0,11.3
S241124cx,False,85.0,0.0,13.0,2.0,Glitch,6.0,1.0,6.0,2.0,HL,586.0,202.0,2448.0,8.27,3.9,8.0
S241124co,False,70.0,0.0,25.0,5.0,Glitch,10.0,1.0,9.0,4.0,HLV,648.0,193.0,2383.0,8.33,7.2,10.0
S241124ci,False,93.0,1.0,6.0,0.0,Glitch,4.0,1.0,4.0,0.0,HLV,1064.0,392.0,4646.0,9.39,5.1,4.6
S241124w,False,12.0,88.0,0.0,0.0,BBH,6.0,6.0,0.0,0.0,HLV,5450.0,1844.0,2980.0,11.27,5.3,7.9
S241123cl,False,48.0,52.0,0.0,0.0,BBH,36.0,36.0,0.0,0.0,HLV,951.0,275.0,75.0,7.22,-3.7,156.8
S241123ba,False,93.0,7.0,0.0,0.0,Glitch,8.0,8.0,0.0,0.0,LV,7283.0,4600.0,2320.0,12.06,1.3,2.8
S241123av,False,82.0,1.0,17.0,0.0,Glitch,9.0,1.0,9.0,0.0,HL,927.0,320.0,7383.0,9.39,3.5,7.3
S241123y,False,69.0,0.0,17.0,14.0,Glitch,14.0,0.0,8.0,9.0,HL,502.0,162.0,2091.0,7.96,4.0,9.6
S241119bz,False,2.0,98.0,0.0,0.0,BBH,3.0,3.0,0.0,0.0,HL,1799.0,583.0,915.0,9.27,2.3,10.0
S241119by,False,30.0,1.0,53.0,16.0,NSBH,15.0,1.0,19.0,11.0,HL,504.0,156.0,1140.0,7.66,6.0,13.4
S241118w,False,82.0,0.0,1.0,17.0,Glitch,6.0,0.0,1.0,6.0,HL,330.0,107.0,2286.0,7.41,4.0,10.2
S241118l,False,96.0,3.0,1.0,0.0,Glitch,6.0,5.0,1.0,0.0,LV,1362.0,493.0,29022.0,10.16,1.9,-0.2
S241118f,False,94.0,1.0,6.0,0.0,Glitch,8.0,2.0,7.0,0.0,LV,872.0,283.0,31692.0,9.52,1.8,-0.7
S241118d,False,87.0,9.0,3.0,0.0,Glitch,11.0,10.0,3.0,0.0,LV,1299.0,439.0,24679.0,10.06,1.9,1.8
S241118c,False,38.0,1.0,59.0,2.0,NSBH,16.0,1.0,15.0,2.0,LV,550.0,198.0,17046.0,8.98,1.7,7.1
S241117ae,False,98.0,0.0,0.0,2.0,Glitch,2.0,0.0,0.0,2.0,HLV,297.0,95.0,1718.0,7.25,6.6,8.6
S241117aa,False,94.0,0.0,0.0,6.0,Glitch,3.0,0.0,0.0,3.0,HLV,411.0,119.0,1014.0,7.4,8.0,8.1
S241116dp,False,14.0,86.0,0.0,0.0,BBH,17.0,17.0,0.0,0.0,HLV,4888.0,1723.0,3166.0,11.11,0.2,25.4
S241116cz,False,64.0,0.0,3.0,33.0,Glitch,11.0,0.0,2.0,10.0,HLV,406.0,121.0,804.0,7.32,8.6,11.5
S241116cw,False,91.0,9.0,0.0,0.0,Glitch,4.0,4.0,0.0,0.0,HLV,4519.0,1307.0,2902.0,10.98,6.5,4.1
S241116cq,True,0.0,100.0,0.0,0.0,BBH,0.0,0.0,0.0,0.0,HLV,4374.0,1228.0,2222.0,10.79,6.2,19.9
S241116bs,False,99.0,1.0,0.0,0.0,Glitch,2.0,2.0,0.0,0.0,HLV,10675.0,7195.0,9536.0,13.3,2.3,-0.1
S241116aq,False,70.0,30.0,0.0,0.0,Glitch,11.0,11.0,0.0,0.0,HLV,6396.0,2183.0,3541.0,11.59,5.2,4.6
S241116al,False,94.0,4.0,2.0,0.0,Glitch,3.0,2.0,2.0,0.0,HLV,1467.0,451.0,3135.0,9.55,7.1,6.4
S241116v,False,91.0,0.0,0.0,9.0,Glitch,5.0,0.0,0.0,4.0,HLV,322.0,103.0,1418.0,7.25,5.6,8.8
S241115di,False,82.0,17.0,1.0,0.0,Glitch,8.0,7.0,1.0,0.0,HLV,1652.0,494.0,1268.0,9.31,7.7,7.4
S241115cn,False,67.0,33.0,0.0,0.0,Glitch,10.0,10.0,0.0,0.0,HLV,6783.0,1936.0,4043.0,11.64,6.5,6.0
S241115cf,False,79.0,0.0,20.0,0.0,Glitch,7.0,1.0,6.0,1.0,HLV,809.0,264.0,3904.0,8.9,5.1,5.9
S241115bx,False,94.0,2.0,4.0,0.0,Glitch,4.0,2.0,3.0,0.0,HL,1269.0,444.0,7308.0,9.79,3.4,6.2
S241115ae,False,82.0,18.0,0.0,0.0,Glitch,7.0,7.0,0.0,0.0,HL,5182.0,1598.0,4448.0,11.3,3.0,4.8
S241115y,False,11.0,89.0,0.0,0.0,BBH,6.0,6.0,0.0,0.0,HL,5872.0,1974.0,3862.0,11.43,2.0,7.5
S241115q,False,93.0,7.0,0.0,0.0,Glitch,4.0,4.0,0.0,0.0,HLV,10230.0,2831.0,2624.0,11.97,6.1,3.8
S241115a,False,98.0,2.0,0.0,0.0,Glitch,2.0,2.0,0.0,0.0,LV,12224.0,6185.0,19263.0,13.25,1.9,1.4
S241114bi,True,2.0,85.0,12.0,0.0,BBH,4.0,7.0,8.0,0.0,LV,782.0,219.0,9934.0,9.29,1.7,36.8
S241114y,True,0.0,100.0,0.0,0.0,BBH,0.0,0.0,0.0,0.0,HLV,3539.0,992.0,538.0,9.99,10.0,21.5
S241113u,False,96.0,1.0,3.0,0.0,Glitch,3.0,2.0,2.0,0.0,LV,755.0,379.0,20596.0,9.62,2.2,1.0
S241113p,True,2.0,97.0,0.0,0.0,BBH,5.0,5.0,0.0,0.0,LV,1400.0,402.0,11072.0,10.07,1.0,36.4
S241113o,False,93.0,5.0,2.0,0.0,Glitch,6.0,6.0,1.0,0.0,LV,758.0,431.0,7550.0,9.71,3.0,3.5
S241111cl,False,94.0,3.0,3.0,0.0,Glitch,6.0,4.0,3.0,0.0,LV,1132.0,420.0,24140.0,9.94,1.9,0.9
S241111ck,False,92.0,0.0,7.0,0.0,Glitch,7.0,1.0,7.0,0.0,LV,671.0,303.0,25196.0,9.39,1.0,0.4
S241111bn,True,0.0,100.0,0.0,0.0,BBH,0.0,0.0,0.0,0.0,HL,1401.0,367.0,472.0,8.58,6.1,71.9
S241111bj,False,40.0,1.0,57.0,2.0,NSBH,16.0,1.0,16.0,2.0,LV,550.0,198.0,16548.0,8.98,1.6,6.8
S241111ao,False,73.0,0.0,10.0,17.0,Glitch,8.0,0.0,4.0,5.0,HLV,496.0,148.0,1182.0,7.72,6.1,8.7
S241111am,False,78.0,22.0,0.0,0.0,Glitch,6.0,6.0,0.0,0.0,HLV,4616.0,1400.0,3056.0,11.04,5.5,4.1
S241111u,False,42.0,31.0,27.0,0.0,Glitch,35.0,28.0,27.0,0.0,HLV,806.0,338.0,1412.0,8.44,-3.8,18.1
S241111r,False,94.0,6.0,0.0,0.0,Glitch,4.0,4.0,0.0,0.0,HLV,13559.0,3775.0,2970.0,12.4,6.4,4.2
S241110cs,False,95.0,5.0,0.0,0.0,Glitch,5.0,5.0,0.0,0.0,LV,13282.0,5285.0,19354.0,13.19,2.0,2.5
S241110br,True,4.0,34.0,62.0,0.0,NSBH,2.0,12.0,13.0,0.0,HLV,795.0,214.0,244.0,7.61,5.5,12.6
S241110bk,False,93.0,0.0,0.0,7.0,Glitch,4.0,0.0,0.0,4.0,HLV,366.0,109.0,1627.0,7.44,7.9,10.1
S241110bc,False,59.0,40.0,1.0,0.0,Glitch,12.0,11.0,1.0,0.0,HLV,2128.0,659.0,3061.0,10.04,7.0,7.9
S241110ay,False,81.0,19.0,0.0,0.0,Glitch,6.0,6.0,0.0,0.0,HLV,4636.0,1470.0,1582.0,10.78,6.4,4.9
S241110ap,False,93.0,0.0,7.0,0.0,Glitch,5.0,0.0,5.0,0.0,LV,656.0,261.0,24045.0,9.27,1.6,1.3
S241110am,False,63.0,0.0,2.0,35.0,Glitch,14.0,0.0,1.0,14.0,LV,277.0,96.0,15161.0,8.06,1.6,9.1
S241109dd,False,81.0,4.0,14.0,0.0,Glitch,8.0,4.0,6.0,0.0,HLV,1152.0,367.0,3148.0,9.3,7.0,8.5
S241109cw,False,72.0,0.0,21.0,6.0,Glitch,14.0,0.0,13.0,6.0,HLV,561.0,202.0,2408.0,8.24,2.7,5.2
S241109bo,False,89.0,0.0,1.0,10.0,Glitch,5.0,0.0,1.0,4.0,HLV,421.0,124.0,1233.0,7.51,8.1,9.4
S241109bn,True,2.0,40.0,58.0,0.0,NSBH,1.0,12.0,12.0,0.0,HV,583.0,171.0,10353.0,8.94,1.1,31.9
S241109bg,False,92.0,0.0,6.0,2.0,Glitch,5.0,0.0,4.0,2.0,HL,644.0,216.0,7131.0,8.87,2.7,6.1
S241109ay,False,91.0,0.0,1.0,8.0,Glitch,10.0,0.0,1.0,9.0,HLV,103.0,85.0,216.0,7.42,-2.3,2.2
S241109p,True,2.0,98.0,0.0,0.0,BBH,2.0,2.0,0.0,0.0,LV,2807.0,1011.0,6741.0,10.73,2.3,24.3
S241109f,False,50.0,50.0,0.0,0.0,Glitch,35.0,35.0,0.0,0.0,HLV,5408.0,2570.0,2276.0,11.24,-3.8,18.5
S241108bv,False,30.0,0.0,24.0,46.0,BNS,22.0,0.0,20.0,25.0,HV,99.0,64.0,354.0,7.17,-1.5,6.0
S241108bu,False,21.0,1.0,77.0,1.0,NSBH,11.0,2.0,11.0,1.0,HV,525.0,187.0,16572.0,8.91,1.6,7.8
S241108av,False,78.0,0.0,11.0,11.0,Glitch,12.0,0.0,8.0,7.0,HL,489.0,156.0,1475.0,7.75,5.3,10.4
S241108ad,False,79.0,21.0,0.0,0.0,Glitch,6.0,6.0,0.0,0.0,HLV,2854.0,930.0,2421.0,10.32,5.6,4.4
S241108r,False,73.0,27.0,0.0,0.0,Glitch,9.0,9.0,0.0,0.0,HLV,5953.0,1999.0,3238.0,11.4,5.2,4.4
S241108d,False,88.0,0.0,0.0,11.0,Glitch,5.0,0.0,1.0,4.0,HLV,355.0,108.0,1310.0,7.31,7.3,10.0
S241107z,False,59.0,0.0,3.0,37.0,Glitch,24.0,0.0,3.0,23.0,HLV,247.0,138.0,4332.0,7.81,-1.6,10.3
S241107b,False,42.0,1.0,54.0,2.0,NSBH,16.0,1.0,16.0,2.0,LV,537.0,200.0,15725.0,8.97,1.7,6.8
S241106ba,False,95.0,0.0,1.0,4.0,Glitch,3.0,0.0,1.0,2.0,LV,245.0,143.0,1660.0,7.23,2.7,3.6
S241106ah,False,84.0,0.0,14.0,2.0,Glitch,8.0,1.0,7.0,2.0,HLV,749.0,221.0,3579.0,8.71,7.5,9.0
S241106af,False,83.0,17.0,0.0,0.0,Glitch,11.0,11.0,0.0,0.0,HLV,15270.0,5151.0,7450.0,13.04,3.1,4.1
S241106ae,False,14.0,86.0,0.0,0.0,BBH,17.0,17.0,0.0,0.0,HLV,7998.0,2443.0,2450.0,11.66,3.1,16.6
S241106x,False,87.0,13.0,0.0,0.0,Glitch,7.0,7.0,0.0,0.0,HLV,7148.0,1955.0,3315.0,11.6,5.9,3.8
S241106w,False,85.0,0.0,1.0,13.0,Glitch,7.0,0.0,1.0,6.0,HLV,459.0,139.0,1477.0,7.71,7.4,8.8
S241106j,False,31.0,69.0,0.0,0.0,BBH,12.0,12.0,0.0,0.0,HLV,2168.0,656.0,1617.0,9.76,7.1,8.5
S241106e,False,90.0,10.0,0.0,0.0,Glitch,4.0,4.0,0.0,0.0,HLV,4630.0,1723.0,2633.0,11.08,4.4,2.1
S241105k,False,98.0,0.0,0.0,2.0,Glitch,2.0,0.0,0.0,2.0,HL,237.0,81.0,2184.0,6.99,4.5,9.8
S241105i,False,31.0,0.0,35.0,33.0,NSBH,15.0,0.0,13.0,14.0,LV,417.0,147.0,15334.0,8.61,1.6,9.2
S241105f,False,56.0,44.0,0.0,0.0,Glitch,16.0,16.0,0.0,0.0,LV,1692.0,882.0,1144.0,9.44,2.6,3.4
S241105b,False,88.0,12.0,0.0,0.0,Glitch,9.0,9.0,0.0,0.0,LV,3035.0,1601.0,9966.0,11.47,2.4,2.0
S241104r,False,94.0,6.0,0.0,0.0,Glitch,6.0,6.0,0.0,0.0,LV,12177.0,4598.0,17677.0,13.05,2.1,2.7
S241104h,False,98.0,0.0,1.0,1.0,Glitch,2.0,0.0,1.0,1.0,LV,357.0,222.0,17781.0,8.8,2.1,2.2
S241104d,False,94.0,6.0,0.0,0.0,Glitch,9.0,9.0,0.0,0.0,LV,10297.0,5895.0,2877.0,12.73,1.0,4.1
S241104a,True,83.0,5.0,13.0,0.0,Glitch,9.0,4.0,6.0,0.0,LV,771.0,364.0,15281.0,9.6,2.2,4.1
S241103c,False,88.0,12.0,0.0,0.0,Glitch,7.0,7.0,0.0,0.0,HLV,12158.0,3737.0,3980.0,12.41,4.5,3.4
S241102en,False,79.0,5.0,16.0,0.0,Glitch,13.0,6.0,12.0,0.0,HLV,1205.0,483.0,15335.0,10.07,0.0,1.2
S241102df,False,93.0,7.0,0.0,0.0,Glitch,4.0,4.0,0.0,0.0,LV,6139.0,2938.0,12653.0,12.31,2.3,2.0
S241102cy,True,0.0,100.0,0.0,0.0,BBH,0.0,0.0,0.0,0.0,HLV,2815.0,704.0,1069.0,9.86,10.0,35.3
S241102cb,False,72.0,28.0,0.0,0.0,Glitch,7.0,7.0,0.0,0.0,HLV,3473.0,1058.0,2982.0,10.64,5.5,4.7
S241102br,True,0.0,43.0,57.0,0.0,NSBH,1.0,18.0,18.0,0.0,HLV,354.0,63.0,45.0,5.68,13.9,145.5
S241102be,False,96.0,0.0,0.0,4.0,Glitch,2.0,0.0,0.0,2.0,HLV,305.0,94.0,1196.0,7.12,6.4,8.5
S241102av,False,33.0,41.0,26.0,0.0,BBH,14.0,11.0,11.0,0.0,HLV,1265.0,387.0,1795.0,9.1,6.5,10.1
S241102ap,False,87.0,13.0,0.0,0.0,Glitch,7.0,7.0,0.0,0.0,HLV,11079.0,3444.0,3992.0,12.31,6.1,5.1
S241102an,False,79.0,21.0,0.0,0.0,Glitch,10.0,10.0,0.0,0.0,HLV,12525.0,3918.0,3176.0,12.37,5.5,5.6
S241102o,False,89.0,0.0,4.0,7.0,Glitch,5.0,0.0,3.0,3.0,HLV,545.0,157.0,1614.0,7.97,8.2,9.7
S241102n,False,69.0,2.0,29.0,0.0,Glitch,14.0,3.0,13.0,0.0,HLV,893.0,264.0,1619.0,8.59,8.3,9.7
S241102d,False,1.0,99.0,0.0,0.0,BBH,1.0,1.0,0.0,0.0,LV,2154.0,735.0,12614.0,10.73,2.3,13.9
S241101ef,False,96.0,0.0,1.0,3.0,Glitch,3.0,0.0,1.0,2.0,LV,421.0,174.0,19383.0,8.72,1.9,1.8
S241101ee,True,1.0,99.0,0.0,0.0,BBH,1.0,1.0,0.0,0.0,LV,2003.0,601.0,9938.0,10.56,1.7,23.1
S241101dv,False,87.0,13.0,0.0,0.0,Glitch,7.0,7.0,0.0,0.0,LV,2432.0,1348.0,2106.0,10.81,1.9,1.2
S241101du,False,92.0,0.0,5.0,3.0,Glitch,5.0,0.0,3.0,2.0,LV,266.0,139.0,874.0,6.92,2.5,3.6
S241101s,False,63.0,37.0,0.0,0.0,Glitch,11.0,11.0,0.0,0.0,HLV,6259.0,1867.0,2636.0,11.37,6.7,6.3
S241101n,False,94.0,1.0,5.0,0.0,Glitch,3.0,1.0,3.0,0.0,HLV,1126.0,406.0,4806.0,9.46,6.1,5.7
S241031cn,False,79.0,1.0,20.0,0.0,Glitch,11.0,2.0,10.0,0.0,HL,964.0,301.0,6199.0,9.27,3.7,7.5
S241031ci,False,49.0,51.0,0.0,0.0,BBH,14.0,14.0,0.0,0.0,HL,8647.0,2955.0,5443.0,12.1,3.2,7.5
S241031bj,False,4.0,96.0,0.0,0.0,BBH,4.0,4.0,0.0,0.0,HL,2224.0,723.0,1817.0,9.81,4.2,11.3
S241031j,False,93.0,0.0,6.0,1.0,Glitch,4.0,0.0,3.0,1.0,HLV,643.0,186.0,1106.0,8.02,7.9,7.5
S241031d,False,95.0,0.0,1.0,4.0,Glitch,3.0,0.0,1.0,3.0,LV,303.0,153.0,9767.0,8.43,2.3,3.2
S241030cl,False,35.0,65.0,0.0,0.0,BBH,11.0,11.0,0.0,0.0,HL,2819.0,972.0,3435.0,10.47,3.4,7.8
S241030bk,False,28.0,0.0,38.0,33.0,NSBH,22.0,1.0,21.0,23.0,HLV,462.0,190.0,2691.0,8.09,1.8,9.4
S241030al,False,93.0,7.0,0.0,0.0,Glitch,6.0,6.0,0.0,0.0,HLV,18547.0,5482.0,4703.0,13.03,5.1,4.2
S241030v,False,88.0,0.0,3.0,9.0,Glitch,7.0,0.0,2.0,5.0,HLV,502.0,188.0,3563.0,8.3,4.8,6.5
S241022a,False,60.0,0.0,3.0,37.0,Glitch,15.0,0.0,2.0,14.0,HV,193.0,75.0,810.0,6.45,4.2,8.0
S241020k,False,14.0,1.0,84.0,1.0,NSBH,8.0,2.0,7.0,1.0,HV,497.0,170.0,14305.0,8.82,1.4,8.4
S241020d,False,98.0,2.0,0.0,0.0,Glitch,2.0,2.0,0.0,0.0,HV,899.0,493.0,17255.0,9.91,1.7,0.6
S241020b,False,60.0,0.0,9.0,31.0,Glitch,13.0,0.0,5.0,11.0,HV,249.0,109.0,5864.0,8.08,2.8,8.1
S241019k,False,6.0,94.0,0.0,0.0,BBH,4.0,4.0,0.0,0.0,HV,3232.0,1155.0,15307.0,11.28,1.5,6.8
S241018f,False,94.0,0.0,6.0,1.0,Glitch,4.0,0.0,4.0,0.0,HV,418.0,189.0,14142.0,8.77,2.2,4.0
S241017j,False,91.0,9.0,0.0,0.0,Glitch,8.0,8.0,0.0,0.0,HV,12349.0,4927.0,16936.0,13.1,1.9,4.2
S241017b,False,16.0,84.0,0.0,0.0,BBH,9.0,9.0,0.0,0.0,HV,1474.0,899.0,1508.0,10.63,-0.1,4.2
S241013c,False,98.0,0.0,1.0,1.0,Glitch,2.0,0.0,1.0,1.0,HV,275.0,154.0,8452.0,8.38,2.7,2.8
S241013a,False,97.0,0.0,3.0,0.0,Glitch,4.0,0.0,4.0,0.0,HV,652.0,212.0,28369.0,9.14,1.6,-0.9
S241011k,True,1.0,89.0,10.0,0.0,BBH,1.0,7.0,7.0,0.0,HV,232.0,51.0,76.0,5.4,8.8,428.5
S241009em,True,5.0,95.0,0.0,0.0,BBH,8.0,8.0,0.0,0.0,HLV,3831.0,1633.0,813.0,10.49,8.3,12.9
S241009du,False,92.0,1.0,7.0,0.0,Glitch,6.0,1.0,5.0,0.0,LV,471.0,354.0,11976.0,9.32,1.7,2.8
S241009cq,False,95.0,0.0,0.0,5.0,Glitch,3.0,0.0,0.0,3.0,HLV,409.0,120.0,1032.0,7.39,8.2,8.2
S241009cp,False,93.0,7.0,0.0,0.0,Glitch,4.0,4.0,0.0,0.0,HLV,8410.0,2351.0,1772.0,11.55,6.6,3.9
S241009cn,False,79.0,0.0,14.0,7.0,Glitch,11.0,0.0,7.0,5.0,HLV,602.0,179.0,2092.0,8.19,6.4,8.6
S241009cl,False,53.0,1.0,44.0,2.0,Glitch,10.0,1.0,9.0,2.0,HLV,711.0,206.0,1477.0,8.26,8.0,10.5
S241009bk,False,95.0,0.0,0.0,4.0,Glitch,3.0,0.0,1.0,2.0,HLV,519.0,167.0,10727.0,8.84,5.7,6.3
S241009an,True,0.0,98.0,2.0,0.0,BBH,0.0,1.0,1.0,0.0,HLV,1208.0,365.0,542.0,8.55,10.9,30.7
S241009l,True,7.0,93.0,0.0,0.0,BBH,4.0,4.0,0.0,0.0,HLV,6642.0,2029.0,2544.0,11.43,5.6,9.5
S241008bf,False,92.0,8.0,0.0,0.0,Glitch,5.0,5.0,0.0,0.0,HL,2866.0,981.0,2879.0,10.38,3.8,5.2
S241008bb,False,85.0,15.0,0.0,0.0,Glitch,7.0,7.0,0.0,0.0,HL,4148.0,1435.0,3941.0,11.03,3.0,5.0
S241008at,False,75.0,23.0,2.0,0.0,Glitch,10.0,9.0,1.0,0.0,HL,1766.0,568.0,5386.0,9.99,3.9,7.9
S241008as,False,7.0,4.0,87.0,1.0,NSBH,12.0,5.0,12.0,2.0,HL,520.0,338.0,10896.0,9.33,-2.9,10.7
S241007ei,False,36.0,64.0,0.0,0.0,BBH,14.0,14.0,0.0,0.0,HLV,9214.0,3233.0,5109.0,12.22,3.2,6.9
S241007db,False,75.0,25.0,0.0,0.0,Glitch,14.0,14.0,0.0,0.0,HLV,8166.0,3278.0,7617.0,12.56,1.2,1.6
S241007bw,True,1.0,99.0,0.0,0.0,BBH,1.0,1.0,0.0,0.0,HLV,4355.0,1289.0,967.0,10.44,5.9,14.6
S241007br,False,92.0,8.0,0.0,0.0,Glitch,5.0,5.0,0.0,0.0,HLV,6036.0,1858.0,3224.0,11.44,4.9,2.1
S241007bq,False,91.0,9.0,0.0,0.0,Glitch,7.0,7.0,0.0,0.0,HLV,16011.0,5006.0,7064.0,13.07,3.4,2.5
S241007bl,False,73.0,27.0,0.0,0.0,Glitch,8.0,8.0,0.0,0.0,HLV,4470.0,1374.0,1472.0,10.66,7.3,6.3
S241007bj,False,45.0,1.0,53.0,0.0,NSBH,13.0,2.0,13.0,0.0,HLV,782.0,244.0,1760.0,8.47,5.6,8.2
S241006cn,False,93.0,5.0,2.0,0.0,Glitch,10.0,8.0,2.0,0.0,LV,1623.0,443.0,32660.0,10.23,1.7,-0.8
S241006bx,False,61.0,1.0,37.0,2.0,Glitch,9.0,1.0,8.0,2.0,HLV,683.0,204.0,1408.0,8.18,8.0,10.4
S241006k,True,0.0,100.0,0.0,0.0,BBH,0.0,0.0,0.0,0.0,HLV,1899.0,441.0,263.0,8.7,11.3,79.7
S241005eq,False,79.0,0.0,9.0,12.0,Glitch,9.0,0.0,5.0,6.0,HLV,494.0,167.0,1508.0,7.91,7.0,9.8
S241005en,False,58.0,1.0,41.0,1.0,Glitch,11.0,2.0,11.0,1.0,HLV,735.0,233.0,1292.0,8.28,7.9,10.0
S241005du,False,84.0,0.0,1.0,15.0,Glitch,7.0,0.0,1.0,6.0,HLV,375.0,114.0,1508.0,7.47,5.9,8.8
S241005dq,False,89.0,11.0,0.0,0.0,Glitch,5.0,5.0,0.0,0.0,HLV,4723.0,1312.0,3210.0,11.06,6.0,3.6
S241005cj,False,52.0,47.0,1.0,0.0,Glitch,16.0,16.0,1.0,0.0,HLV,1800.0,564.0,1512.0,9.52,5.3,5.8
S241005cd,False,90.0,7.0,3.0,0.0,Glitch,5.0,4.0,2.0,0.0,HLV,1432.0,431.0,2091.0,9.32,7.0,6.8
S241005bq,False,63.0,3.0,34.0,0.0,Glitch,12.0,2.0,12.0,0.0,HLV,959.0,312.0,3261.0,9.04,2.8,4.9
S241005bo,True,99.0,0.0,0.0,1.0,Glitch,4.0,0.0,0.0,4.0,HL,88.0,32.0,6790.0,6.27,3.5,10.8
S241005bd,False,61.0,39.0,0.0,0.0,Glitch,17.0,17.0,0.0,0.0,HLV,3085.0,996.0,8240.0,11.16,3.1,2.7
S241005ay,False,40.0,0.0,22.0,37.0,Glitch,32.0,1.0,19.0,28.0,HLV,401.0,407.0,2562.0,6.38,-1.1,11.3
S241005t,False,98.0,0.0,2.0,1.0,Glitch,3.0,0.0,2.0,1.0,LV,603.0,221.0,30610.0,9.11,1.8,-0.5
S241005h,False,96.0,0.0,1.0,3.0,Glitch,5.0,0.0,1.0,4.0,HLV,580.0,242.0,18659.0,9.14,2.0,-0.1
S241005e,False,89.0,11.0,0.0,0.0,Glitch,5.0,5.0,0.0,0.0,HLV,4916.0,1934.0,9339.0,11.89,3.5,1.5
S241004bp,False,97.0,0.0,1.0,2.0,Glitch,2.0,0.0,1.0,1.0,LV,391.0,203.0,17753.0,8.78,2.2,2.6
S241004bm,False,96.0,4.0,0.0,0.0,Glitch,3.0,3.0,0.0,0.0,HLV,14659.0,5061.0,18941.0,13.23,3.0,0.3
S241004ba,False,86.0,14.0,0.0,0.0,Glitch,7.0,7.0,0.0,0.0,HLV,6831.0,1980.0,2318.0,11.42,5.7,3.6
S241004as,False,66.0,0.0,3.0,31.0,Glitch,11.0,0.0,2.0,9.0,HLV,442.0,131.0,1370.0,7.63,8.4,11.5
S241004ab,False,89.0,11.0,0.0,0.0,Glitch,6.0,6.0,0.0,0.0,HLV,2643.0,801.0,4404.0,10.46,6.4,4.4
S241004e,False,94.0,6.0,0.0,0.0,Glitch,4.0,4.0,0.0,0.0,HL,4600.0,1393.0,3414.0,11.04,4.1,4.9
S241003df,False,96.0,0.0,1.0,3.0,Glitch,3.0,0.0,1.0,3.0,LV,474.0,171.0,22026.0,8.79,1.7,1.3
S241003dc,False,93.0,2.0,5.0,0.0,Glitch,6.0,3.0,4.0,0.0,LV,1044.0,372.0,26195.0,9.81,1.8,0.6
S241003bx,False,81.0,0.0,14.0,5.0,Glitch,10.0,0.0,8.0,3.0,HLV,621.0,201.0,2853.0,8.39,5.9,8.2
S241003bg,False,80.0,20.0,0.0,0.0,Glitch,6.0,6.0,0.0,0.0,HLV,4172.0,1203.0,2384.0,10.78,5.6,3.9
S241003s,False,94.0,6.0,0.0,0.0,Glitch,6.0,6.0,0.0,0.0,HLV,19496.0,6120.0,15222.0,13.55,2.6,1.1
S241002dt,False,85.0,15.0,0.0,0.0,Glitch,6.0,6.0,0.0,0.0,HLV,3090.0,1217.0,2446.0,10.6,3.5,1.5
S241002cu,False,91.0,9.0,0.0,0.0,Glitch,4.0,4.0,0.0,0.0,HLV,3883.0,1427.0,5584.0,11.23,4.1,1.7
S241002bh,False,96.0,0.0,4.0,0.0,Glitch,2.0,0.0,2.0,0.0,LV,530.0,234.0,19220.0,9.06,2.0,1.9
S241002av,False,95.0,5.0,0.0,0.0,Glitch,3.0,3.0,0.0,0.0,HLV,8313.0,2493.0,2638.0,11.73,6.4,3.4
S241002q,False,89.0,11.0,0.0,0.0,Glitch,4.0,4.0,0.0,0.0,HLV,2560.0,856.0,2689.0,10.24,6.3,4.5
S241002n,False,55.0,45.0,0.0,0.0,Glitch,14.0,14.0,0.0,0.0,LV,3569.0,1464.0,16966.0,11.5,2.0,3.2
S241002e,True,0.0,100.0,0.0,0.0,BBH,0.0,0.0,0.0,0.0,LV,1607.0,557.0,1237.0,9.29,4.0,27.9
S241001cu,False,87.0,13.0,0.0,0.0,Glitch,5.0,5.0,0.0,0.0,HLV,5209.0,1535.0,2855.0,11.15,6.8,5.0
S241001bb,False,94.0,6.0,0.0,0.0,Glitch,3.0,3.0,0.0,0.0,HLV,5858.0,1708.0,2097.0,11.19,6.5,3.5
S241001ax,False,92.0,8.0,0.0,0.0,Glitch,5.0,5.0,0.0,0.0,HLV,11748.0,3770.0,3110.0,12.28,5.8,4.4
S241001as,False,86.0,14.0,0.0,0.0,Glitch,5.0,5.0,0.0,0.0,HLV,3550.0,1017.0,3012.0,10.69,5.5,3.2
S241001v,False,45.0,55.0,0.0,0.0,BBH,16.0,16.0,0.0,0.0,HLV,3890.0,1485.0,7850.0,11.47,2.6,3.7
S241001e,False,67.0,0.0,30.0,3.0,Glitch,14.0,0.0,13.0,3.0,HLV,653.0,208.0,2413.0,8.39,4.8,7.3
S240930df,False,95.0,0.0,0.0,5.0,Glitch,3.0,0.0,0.0,2.0,HLV,394.0,120.0,2123.0,7.67,7.1,8.3
S240930cv,False,3.0,97.0,0.0,0.0,BBH,3.0,3.0,0.0,0.0,HLV,2021.0,853.0,1422.0,9.76,2.4,12.7
S240930cj,False,67.0,33.0,0.0,0.0,Glitch,12.0,12.0,0.0,0.0,HV,2851.0,1635.0,2084.0,10.61,1.9,3.1
S240930cc,False,59.0,41.0,0.0,0.0,Glitch,9.0,9.0,0.0,0.0,HLV,2720.0,835.0,1365.0,9.99,7.1,7.0
S240930bb,False,72.0,0.0,2.0,26.0,Glitch,10.0,0.0,2.0,8.0,HLV,442.0,134.0,1546.0,7.68,7.0,9.8
S240930ax,False,85.0,15.0,0.0,0.0,Glitch,5.0,5.0,0.0,0.0,HLV,3525.0,1156.0,5332.0,10.94,5.9,4.7
S240930ak,False,72.0,28.0,0.0,0.0,Glitch,8.0,8.0,0.0,0.0,HLV,3440.0,1231.0,3614.0,10.78,4.4,3.7
S240930aa,True,0.0,100.0,0.0,0.0,BBH,0.0,0.0,0.0,0.0,HLV,1400.0,323.0,457.0,8.56,10.7,61.7
S240930w,False,92.0,0.0,0.0,8.0,Glitch,5.0,0.0,0.0,5.0,HLV,293.0,102.0,1635.0,7.33,4.0,7.7
S240928do,False,96.0,4.0,0.0,0.0,Glitch,2.0,2.0,0.0,0.0,HL,5546.0,1950.0,2898.0,11.33,2.6,2.7
S240927bg,False,71.0,29.0,0.0,0.0,Glitch,20.0,20.0,0.0,0.0,HL,13172.0,4865.0,3891.0,12.57,1.9,6.3
S240927ar,False,92.0,8.0,0.0,0.0,Glitch,5.0,5.0,0.0,0.0,HL,6741.0,2670.0,2776.0,11.63,1.5,2.5
S240927ah,False,73.0,0.0,20.0,7.0,Glitch,14.0,0.0,10.0,5.0,HL,518.0,186.0,2853.0,8.19,2.3,7.4
S240926b,False,95.0,3.0,2.0,0.0,Glitch,5.0,4.0,1.0,0.0,LV,906.0,505.0,21064.0,9.93,1.1,1.0
S240925bn,False,70.0,0.0,1.0,29.0,Glitch,13.0,0.0,1.0,12.0,LV,219.0,76.0,13861.0,7.76,1.8,11.7
S240925aw,False,96.0,0.0,0.0,4.0,Glitch,2.0,0.0,0.0,2.0,LV,278.0,153.0,12138.0,8.38,2.5,3.8
S240925al,False,94.0,6.0,0.0,0.0,Glitch,3.0,3.0,0.0,0.0,HLV,3694.0,1237.0,3029.0,10.78,5.6,2.8
S240925ab,False,33.0,0.0,8.0,59.0,BNS,16.0,0.0,4.0,17.0,LV,344.0,119.0,15441.0,8.34,1.8,9.7
S240925v,False,44.0,56.0,0.0,0.0,BBH,19.0,19.0,0.0,0.0,LV,8249.0,3358.0,15405.0,12.59,2.6,9.1
S240925p,False,67.0,7.0,26.0,0.0,Glitch,10.0,6.0,7.0,0.0,HLV,1032.0,309.0,1339.0,8.71,7.7,9.7
S240925n,True,0.0,49.0,51.0,0.0,NSBH,1.0,15.0,15.0,0.0,HLV,329.0,76.0,40.0,5.54,12.9,306.5
S240925b,False,33.0,67.0,0.0,0.0,BBH,13.0,13.0,0.0,0.0,HLV,3019.0,892.0,2209.0,10.34,5.0,5.7
S240924dc,False,59.0,1.0,39.0,1.0,Glitch,12.0,1.0,11.0,1.0,HLV,839.0,248.0,2860.0,8.79,7.1,9.3
S240924an,False,93.0,0.0,3.0,4.0,Glitch,7.0,0.0,4.0,5.0,HL,547.0,240.0,14675.0,9.1,-0.4,2.0
S240924x,False,89.0,11.0,0.0,0.0,Glitch,4.0,4.0,0.0,0.0,HLV,5535.0,1591.0,1834.0,11.02,6.6,4.2
S240924a,True,0.0,100.0,0.0,0.0,BBH,0.0,0.0,0.0,0.0,HLV,4741.0,1332.0,1326.0,10.7,8.1,19.7
S240923ct,True,0.0,100.0,0.0,0.0,BBH,0.0,0.0,0.0,0.0,HLV,4814.0,1191.0,523.0,10.27,8.5,34.1
S240923cj,False,85.0,10.0,5.0,0.0,Glitch,7.0,5.0,3.0,0.0,HLV,1458.0,442.0,2862.0,9.51,7.0,7.7
S240923l,False,82.0,3.0,15.0,0.0,Glitch,10.0,3.0,8.0,0.0,HLV,599.0,235.0,121.0,7.01,5.6,5.8
S240923b,False,29.0,71.0,0.0,0.0,BBH,30.0,30.0,0.0,0.0,HLV,1843.0,768.0,1672.0,9.45,-3.4,20.6
S240922fe,False,2.0,98.0,0.0,0.0,BBH,1.0,1.0,0.0,0.0,LV,3016.0,1074.0,15680.0,11.19,1.7,13.1
S240922fd,False,23.0,1.0,74.0,2.0,NSBH,13.0,1.0,13.0,2.0,LV,547.0,195.0,16614.0,8.97,1.7,8.5
S240922fc,False,95.0,4.0,1.0,0.0,Glitch,7.0,7.0,1.0,0.0,LV,1497.0,580.0,30974.0,10.33,1.8,-0.6
S240922ei,False,90.0,10.0,0.0,0.0,Glitch,4.0,4.0,0.0,0.0,HLV,5642.0,1564.0,2042.0,11.1,6.3,3.6
S240922df,True,0.0,97.0,3.0,0.0,BBH,0.0,2.0,2.0,0.0,HLV,1169.0,306.0,487.0,8.39,9.3,33.0
S240922ca,False,81.0,19.0,0.0,0.0,Glitch,11.0,11.0,0.0,0.0,LV,2474.0,1626.0,704.0,9.9,1.6,1.6
S240922aj,False,90.0,4.0,6.0,0.0,Glitch,6.0,3.0,4.0,0.0,HLV,1185.0,342.0,1295.0,8.89,7.9,7.9
S240921cw,True,1.0,99.0,0.0,0.0,BBH,1.0,1.0,0.0,0.0,LV,1149.0,439.0,5012.0,9.59,2.8,26.6
S240921cs,False,75.0,25.0,0.0,0.0,Glitch,11.0,11.0,0.0,0.0,HLV,12081.0,3390.0,2666.0,12.2,5.1,5.0
S240921ae,False,58.0,42.0,0.0,0.0,Glitch,13.0,13.0,0.0,0.0,HLV,8183.0,2415.0,1810.0,11.54,6.0,5.8
S240921s,False,92.0,8.0,0.0,0.0,Glitch,5.0,5.0,0.0,0.0,HLV,12491.0,3935.0,6044.0,12.64,5.8,4.4
S240921o,False,35.0,65.0,0.0,0.0,BBH,15.0,15.0,0.0,0.0,HLV,6211.0,3133.0,9095.0,12.37,0.3,5.6
S240921l,False,93.0,0.0,0.0,7.0,Glitch,3.0,0.0,1.0,3.0,HLV,407.0,123.0,1412.0,7.53,7.1,8.0
S240921b,False,72.0,0.0,3.0,26.0,Glitch,11.0,0.0,2.0,11.0,HL,400.0,128.0,1586.0,7.52,5.2,10.7
S240920ic,False,31.0,0.0,3.0,67.0,BNS,14.0,0.0,2.0,13.0,HL,280.0,79.0,939.0,6.85,3.6,12.6
S240920he,False,96.0,1.0,3.0,0.0,Glitch,3.0,1.0,3.0,0.0,HLV,1375.0,416.0,4936.0,9.67,6.2,4.6
S240920gt,False,68.0,32.0,0.0,0.0,Glitch,10.0,10.0,0.0,0.0,HLV,6961.0,1901.0,4113.0,11.65,5.9,5.0
S240920gl,False,80.0,8.0,12.0,0.0,Glitch,9.0,5.0,6.0,0.0,HLV,1240.0,374.0,2318.0,9.22,7.2,8.5
S240920fm,False,79.0,21.0,0.0,0.0,Glitch,8.0,8.0,0.0,0.0,HL,3266.0,1058.0,2457.0,10.46,4.0,6.3
S240920fg,False,68.0,0.0,30.0,2.0,Glitch,12.0,1.0,11.0,2.0,HL,569.0,212.0,2634.0,8.33,2.2,7.1
S240920eh,False,50.0,50.0,0.0,0.0,Glitch,18.0,18.0,0.0,0.0,HL,6105.0,2043.0,3962.0,11.52,1.9,5.1
S240920eg,False,48.0,52.0,0.0,0.0,BBH,16.0,16.0,0.0,0.0,HL,5208.0,1671.0,2761.0,11.11,2.6,5.8
S240920dw,True,0.0,100.0,0.0,0.0,BBH,0.0,0.0,0.0,0.0,HL,950.0,211.0,189.0,7.61,12.1,453.7
S240920db,False,80.0,20.0,0.0,0.0,Glitch,9.0,9.0,0.0,0.0,HL,5132.0,1611.0,1784.0,10.89,4.2,6.0
S240920cr,False,34.0,5.0,61.0,0.0,NSBH,12.0,5.0,11.0,0.0,HL,931.0,301.0,3425.0,8.94,4.9,11.5
S240920cq,False,84.0,16.0,0.0,0.0,Glitch,8.0,8.0,0.0,0.0,HL,9115.0,2704.0,3825.0,11.96,4.0,6.0
S240920ce,False,12.0,88.0,0.0,0.0,BBH,16.0,15.0,0.0,0.0,HLV,2546.0,980.0,3833.0,10.34,-0.3,8.5
S240920bz,True,0.0,100.0,0.0,0.0,BBH,0.0,0.0,0.0,0.0,HLV,1660.0,401.0,545.0,8.87,10.6,46.2
S240920bn,False,48.0,0.0,31.0,21.0,Glitch,11.0,0.0,10.0,9.0,HLV,542.0,159.0,1429.0,7.89,7.0,11.2
S240920bi,False,28.0,72.0,0.0,0.0,BBH,14.0,14.0,0.0,0.0,HLV,3530.0,1095.0,2540.0,10.6,3.3,4.4
S240920d,False,89.0,0.0,3.0,9.0,Glitch,5.0,0.0,2.0,4.0,HLV,476.0,150.0,1263.0,7.75,5.9,6.8
S240919dy,False,96.0,2.0,1.0,0.0,Glitch,3.0,2.0,1.0,0.0,HLV,1607.0,519.0,7215.0,10.11,4.8,2.1
S240919bn,True,0.0,100.0,0.0,0.0,BBH,0.0,0.0,0.0,0.0,HLV,1828.0,383.0,21.0,7.55,15.1,73.6
S240919ao,False,95.0,5.0,0.0,0.0,Glitch,4.0,4.0,0.0,0.0,HLV,12944.0,3602.0,2607.0,12.28,6.4,4.0
S240918fq,False,94.0,0.0,0.0,6.0,Glitch,3.0,0.0,0.0,3.0,HLV,395.0,115.0,1133.0,7.39,7.9,8.6
S240918fb,False,51.0,48.0,1.0,0.0,Glitch,23.0,22.0,2.0,0.0,HLV,2095.0,856.0,14007.0,10.8,0.5,2.3
S240918dk,False,37.0,4.0,59.0,0.0,NSBH,11.0,4.0,10.0,0.0,HLV,913.0,278.0,1839.0,8.69,6.9,10.2
S240917cx,False,87.0,4.0,9.0,0.0,Glitch,6.0,2.0,6.0,0.0,HLV,883.0,370.0,990.0,8.52,2.7,3.2
S240917cs,False,15.0,82.0,3.0,0.0,BBH,10.0,11.0,2.0,0.0,HL,1537.0,510.0,1864.0,9.33,4.9,11.5
S240917cb,True,37.0,63.0,0.0,0.0,BBH,14.0,14.0,0.0,0.0,HL,8510.0,2727.0,3663.0,11.86,4.5,9.0
S240917bs,False,24.0,45.0,31.0,0.0,BBH,11.0,9.0,10.0,0.0,HL,1140.0,381.0,3029.0,9.18,2.4,9.6
S240917bq,False,70.0,30.0,0.0,0.0,Glitch,10.0,10.0,0.0,0.0,HL,2159.0,714.0,1773.0,9.76,4.1,7.0
S240917bk,False,57.0,2.0,41.0,0.0,Glitch,14.0,3.0,13.0,1.0,HL,812.0,258.0,2045.0,8.56,5.1,10.0
S240917bb,False,7.0,93.0,0.0,0.0,BBH,5.0,5.0,0.0,0.0,HL,3143.0,1028.0,5001.0,10.69,3.6,10.2
S240917ai,False,91.0,0.0,6.0,3.0,Glitch,6.0,0.0,4.0,3.0,HLV,606.0,176.0,1719.0,8.12,8.0,9.1
S240917z,False,66.0,0.0,30.0,3.0,Glitch,9.0,1.0,8.0,3.0,HLV,631.0,204.0,1779.0,8.22,6.8,9.5
S240916bt,False,89.0,0.0,8.0,3.0,Glitch,7.0,0.0,5.0,3.0,HLV,612.0,178.0,1333.0,8.03,8.0,8.9
S240916ar,True,31.0,64.0,5.0,0.0,BBH,13.0,12.0,3.0,0.0,HLV,1496.0,462.0,1192.0,9.13,7.5,10.2
S240915da,False,92.0,0.0,2.0,7.0,Glitch,4.0,0.0,2.0,3.0,HLV,503.0,146.0,1400.0,7.79,7.5,8.0
S240915cg,False,93.0,7.0,0.0,0.0,Glitch,4.0,4.0,0.0,0.0,HLV,6900.0,2718.0,2559.0,11.62,4.2,1.9
S240915bd,True,2.0,92.0,6.0,0.0,BBH,1.0,4.0,3.0,0.0,HV,659.0,176.0,5115.0,8.7,1.7,50.1
S240915aw,False,32.0,68.0,0.0,0.0,BBH,12.0,12.0,0.0,0.0,HLV,2629.0,897.0,2360.0,10.22,5.4,6.7
S240915ao,False,88.0,12.0,0.0,0.0,Glitch,6.0,6.0,0.0,0.0,HLV,7531.0,2290.0,1653.0,11.42,6.3,4.3
S240915aa,False,85.0,0.0,14.0,0.0,Glitch,6.0,1.0,6.0,1.0,HLV,815.0,239.0,1593.0,8.48,7.5,7.3
S240915b,True,0.0,99.0,0.0,0.0,BBH,0.0,1.0,0.0,0.0,HLV,865.0,185.0,71.0,7.1,11.9,71.5
S240914fr,False,95.0,0.0,0.0,4.0,Glitch,2.0,0.0,0.0,2.0,HLV,348.0,110.0,1467.0,7.36,7.3,9.0
S240914el,False,80.0,20.0,0.0,0.0,Glitch,8.0,8.0,0.0,0.0,HLV,2266.0,697.0,1352.0,9.75,7.6,6.7
S240914db,False,17.0,83.0,0.0,0.0,BBH,21.0,21.0,0.0,0.0,HLV,6741.0,2160.0,1547.0,11.19,2.6,27.7
S240914cr,False,57.0,0.0,9.0,34.0,Glitch,10.0,0.0,5.0,8.0,HLV,506.0,163.0,3018.0,8.2,6.8,11.2
S240914bz,False,90.0,10.0,0.0,0.0,Glitch,4.0,4.0,0.0,0.0,HLV,5226.0,1552.0,2276.0,11.09,6.8,4.6
S240914bp,False,65.0,0.0,3.0,32.0,Glitch,11.0,0.0,2.0,10.0,HLV,408.0,127.0,1085.0,7.44,6.0,9.2
S240914q,False,22.0,77.0,1.0,0.0,BBH,18.0,18.0,1.0,0.0,HLV,1936.0,681.0,4074.0,10.1,2.9,6.3
S240913ds,False,48.0,52.0,0.0,0.0,BBH,13.0,13.0,0.0,0.0,LV,5891.0,2442.0,15102.0,12.16,2.4,5.2
S240913bs,False,63.0,37.0,0.0,0.0,Glitch,13.0,13.0,0.0,0.0,HLV,10102.0,3534.0,3998.0,12.22,4.5,5.7
S240912d,False,15.0,85.0,0.0,0.0,BBH,10.0,10.0,0.0,0.0,HV,4505.0,1793.0,14206.0,11.78,1.8,7.6
S240911c,False,22.0,1.0,67.0,10.0,NSBH,9.0,1.0,12.0,9.0,HV,412.0,140.0,13598.0,8.57,1.4,8.6
S240910ci,True,0.0,99.0,1.0,0.0,BBH,0.0,1.0,1.0,0.0,HL,641.0,169.0,370.0,7.43,9.9,95.3
S240910bx,False,19.0,1.0,78.0,1.0,NSBH,8.0,2.0,8.0,1.0,HL,703.0,241.0,3534.0,8.6,2.7,9.9
S240910bq,False,54.0,1.0,39.0,6.0,Glitch,10.0,1.0,9.0,4.0,HL,574.0,190.0,2493.0,8.18,4.2,10.5
S240910bh,False,53.0,47.0,0.0,0.0,Glitch,16.0,16.0,0.0,0.0,HL,6182.0,2251.0,4270.0,11.62,2.6,6.3
S240910at,False,69.0,31.0,0.0,0.0,Glitch,10.0,10.0,0.0,0.0,HLV,3921.0,1440.0,2423.0,10.82,4.2,3.4
S240910w,False,86.0,3.0,11.0,0.0,Glitch,6.0,4.0,5.0,0.0,HLV,1103.0,338.0,1962.0,8.97,8.3,9.2
S240910l,False,80.0,20.0,0.0,0.0,Glitch,6.0,6.0,0.0,0.0,HLV,3245.0,1009.0,2075.0,10.4,6.9,5.9
S240909dg,False,83.0,17.0,0.0,0.0,Glitch,5.0,5.0,0.0,0.0,HLV,2901.0,1017.0,2484.0,10.39,5.2,3.8
S240909cx,False,80.0,18.0,2.0,0.0,Glitch,9.0,8.0,3.0,0.0,HLV,1330.0,455.0,962.0,8.96,4.5,4.2
S240909ca,False,6.0,94.0,0.0,0.0,BBH,5.0,5.0,0.0,0.0,HLV,5195.0,1991.0,4195.0,11.46,3.0,10.6
S240909bk,False,63.0,37.0,0.0,0.0,Glitch,19.0,19.0,0.0,0.0,HL,5101.0,2142.0,3310.0,11.28,1.8,5.0
S240908fe,False,3.0,97.0,0.0,0.0,BBH,2.0,2.0,0.0,0.0,LV,3672.0,1227.0,14387.0,11.41,1.8,15.2
S240908eo,False,93.0,7.0,0.0,0.0,Glitch,4.0,4.0,0.0,0.0,HLV,8709.0,2680.0,2655.0,11.82,5.5,3.1
S240908ej,False,55.0,13.0,32.0,0.0,Glitch,12.0,10.0,9.0,0.0,HLV,1054.0,303.0,1015.0,8.62,8.5,10.8
S240908dg,True,8.0,92.0,0.0,0.0,BBH,5.0,5.0,0.0,0.0,HLV,4225.0,1351.0,2191.0,10.81,6.0,8.7
S240908cw,False,94.0,6.0,0.0,0.0,Glitch,4.0,4.0,0.0,0.0,HLV,7290.0,2236.0,5807.0,11.93,5.3,2.3
S240908cs,False,71.0,28.0,0.0,0.0,Glitch,7.0,7.0,0.0,0.0,HLV,2936.0,942.0,1259.0,10.07,6.7,6.0
S240908cj,False,62.0,38.0,0.0,0.0,Glitch,9.0,9.0,0.0,0.0,HLV,3570.0,1179.0,1351.0,10.38,6.1,5.7
S240908ca,False,17.0,83.0,0.0,0.0,BBH,15.0,15.0,0.0,0.0,HLV,5171.0,2097.0,3773.0,11.37,-0.1,12.5
S240908bs,True,0.0,100.0,0.0,0.0,BBH,0.0,0.0,0.0,0.0,HLV,4173.0,1382.0,780.0,10.33,9.4,21.0
S240907dm,False,33.0,0.0,5.0,63.0,BNS,15.0,0.0,3.0,15.0,LV,303.0,104.0,13939.0,8.18,2.1,11.1
S240907cg,True,1.0,99.0,0.0,0.0,BBH,1.0,1.0,0.0,0.0,HLV,5301.0,1503.0,1769.0,10.94,6.1,14.0
S240907br,False,88.0,0.0,9.0,3.0,Glitch,7.0,0.0,5.0,3.0,HLV,609.0,181.0,1536.0,8.09,7.5,8.6
S240907bq,False,75.0,0.0,23.0,1.0,Glitch,7.0,1.0,7.0,1.0,HLV,679.0,222.0,1776.0,8.36,6.6,8.2
S240907bl,False,18.0,69.0,13.0,0.0,BBH,16.0,16.0,9.0,0.0,HLV,1418.0,481.0,3920.0,9.63,2.5,8.1
S240907au,False,68.0,32.0,0.0,0.0,Glitch,12.0,12.0,0.0,0.0,HLV,4884.0,1832.0,2713.0,11.17,3.6,2.9
S240907ap,False,94.0,6.0,0.0,0.0,Glitch,3.0,3.0,0.0,0.0,HLV,11345.0,4035.0,3614.0,12.37,5.3,3.7
S240907ah,False,59.0,41.0,0.0,0.0,Glitch,13.0,13.0,0.0,0.0,HLV,7299.0,2152.0,1856.0,11.39,7.2,6.9
S240907ad,False,92.0,8.0,0.0,0.0,Glitch,4.0,4.0,0.0,0.0,HLV,5740.0,1610.0,2087.0,11.13,6.7,3.9
S240907k,False,88.0,0.0,12.0,0.0,Glitch,6.0,1.0,5.0,1.0,HLV,804.0,239.0,1252.0,8.38,7.0,6.3
S240906es,False,90.0,10.0,0.0,0.0,Glitch,4.0,4.0,0.0,0.0,HLV,4817.0,1424.0,1670.0,10.83,6.9,4.6
S240906dc,False,35.0,1.0,63.0,1.0,NSBH,16.0,1.0,16.0,1.0,HLV,636.0,235.0,1750.0,8.32,3.4,7.5
S240906cs,False,79.0,0.0,19.0,2.0,Glitch,8.0,0.0,7.0,2.0,HLV,640.0,201.0,1602.0,8.21,5.8,7.2
S240906am,False,54.0,46.0,0.0,0.0,Glitch,14.0,14.0,0.0,0.0,HLV,8817.0,2477.0,3289.0,11.89,6.1,6.2
S240904dh,False,73.0,27.0,0.0,0.0,Glitch,10.0,10.0,0.0,0.0,HLV,4917.0,2098.0,6957.0,11.7,2.9,2.4
S240904db,False,14.0,86.0,0.0,0.0,BBH,12.0,12.0,0.0,0.0,HLV,3943.0,1307.0,4051.0,10.99,3.0,5.8
S240904ce,False,69.0,4.0,27.0,0.0,Glitch,11.0,4.0,9.0,0.0,HLV,1028.0,312.0,2305.0,8.95,6.2,8.0
S240904bk,False,85.0,15.0,0.0,0.0,Glitch,4.0,4.0,0.0,0.0,HLV,3709.0,1219.0,3597.0,10.86,5.5,4.0
S240903cz,False,90.0,0.0,8.0,2.0,Glitch,6.0,0.0,5.0,2.0,HLV,661.0,198.0,2338.0,8.37,7.0,7.7
S240903cm,False,86.0,14.0,0.0,0.0,Glitch,6.0,6.0,0.0,0.0,HLV,5831.0,1743.0,1692.0,11.07,5.6,3.2
S240903aq,False,85.0,0.0,1.0,14.0,Glitch,6.0,0.0,1.0,6.0,HL,373.0,128.0,1874.0,7.55,4.6,9.3
S240903x,False,56.0,1.0,41.0,2.0,Glitch,9.0,1.0,8.0,2.0,HLV,668.0,206.0,1382.0,8.18,7.5,10.1
S240902dz,False,81.0,2.0,17.0,0.0,Glitch,8.0,3.0,7.0,0.0,HLV,947.0,292.0,1349.0,8.64,6.6,7.4
S240902cy,False,90.0,10.0,0.0,0.0,Glitch,5.0,5.0,0.0,0.0,HLV,2095.0,719.0,3535.0,10.13,5.7,3.7
S240902ch,False,87.0,13.0,0.0,0.0,Glitch,4.0,4.0,0.0,0.0,HLV,2931.0,1044.0,2214.0,10.39,4.9,2.9
S240902bq,True,0.0,100.0,0.0,0.0,BBH,0.0,0.0,0.0,0.0,HLV,3445.0,921.0,923.0,10.09,8.1,21.6
S240901ew,False,63.0,37.0,0.0,0.0,Glitch,14.0,14.0,0.0,0.0,HLV,10581.0,3213.0,2287.0,11.99,6.3,6.7
S240901el,False,94.0,0.0,0.0,6.0,Glitch,3.0,0.0,0.0,3.0,HLV,395.0,117.0,1497.0,7.52,8.1,9.1
S240901ds,False,98.0,0.0,0.0,2.0,Glitch,2.0,0.0,0.0,2.0,HLV,299.0,97.0,1190.0,7.09,8.4,10.0
S240901dl,False,73.0,0.0,23.0,3.0,Glitch,8.0,1.0,7.0,3.0,HLV,599.0,182.0,1147.0,7.95,6.6,8.6
S240901cm,False,99.0,0.0,0.0,1.0,Glitch,2.0,0.0,0.0,2.0,HLV,199.0,63.0,1407.0,6.64,6.6,9.6
S240901bi,False,86.0,0.0,8.0,6.0,Glitch,7.0,0.0,5.0,4.0,HLV,553.0,173.0,1495.0,7.97,8.0,10.1
S240901aw,False,81.0,0.0,15.0,4.0,Glitch,9.0,0.0,7.0,3.0,HLV,564.0,196.0,1875.0,8.18,5.4,7.6
S240831fr,False,60.0,40.0,0.0,0.0,Glitch,12.0,12.0,0.0,0.0,HLV,6528.0,1863.0,3436.0,11.52,5.2,4.5
S240831bl,False,80.0,0.0,2.0,19.0,Glitch,10.0,0.0,1.0,10.0,HLV,370.0,130.0,797.0,7.21,3.5,5.7
S240831as,False,78.0,0.0,3.0,19.0,Glitch,9.0,0.0,3.0,7.0,HLV,503.0,156.0,2605.0,8.09,8.1,11.0
S240830he,False,31.0,1.0,63.0,5.0,NSBH,15.0,1.0,15.0,4.0,LV,502.0,174.0,14997.0,8.84,1.5,7.9
S240830gn,True,0.0,94.0,6.0,0.0,BBH,0.0,3.0,3.0,0.0,HLV,1236.0,337.0,825.0,8.72,7.0,21.6
S240830fr,False,73.0,27.0,0.0,0.0,Glitch,9.0,9.0,0.0,0.0,HLV,2329.0,684.0,1462.0,9.81,6.4,5.5
S240830ev,False,66.0,0.0,30.0,4.0,Glitch,9.0,1.0,8.0,3.0,HLV,682.0,203.0,2392.0,8.42,7.8,10.8
S240830dp,False,6.0,93.0,0.0,0.0,BBH,8.0,8.0,0.0,0.0,HLV,3718.0,1194.0,2467.0,10.67,0.9,22.8
S240830bx,False,89.0,11.0,0.0,0.0,Glitch,9.0,9.0,0.0,0.0,HLV,16971.0,4941.0,3745.0,12.81,6.7,6.0
S240830bv,False,76.0,0.0,19.0,5.0,Glitch,10.0,0.0,8.0,3.0,HLV,590.0,181.0,1543.0,8.07,5.8,8.0
S240830au,False,84.0,16.0,0.0,0.0,Glitch,6.0,6.0,0.0,0.0,HLV,4808.0,1760.0,2810.0,11.18,4.4,2.7
S240830at,False,91.0,9.0,0.0,0.0,Glitch,4.0,4.0,0.0,0.0,HLV,4706.0,1596.0,3141.0,11.12,5.6,3.3
S240829ep,False,83.0,17.0,0.0,0.0,Glitch,7.0,7.0,0.0,0.0,HLV,7307.0,2134.0,3542.0,11.69,6.1,4.5
S240829dj,False,90.0,10.0,0.0,0.0,Glitch,5.0,5.0,1.0,0.0,HLV,1755.0,670.0,2936.0,9.9,7.1,6.5
S240829bl,False,98.0,2.0,0.0,0.0,Glitch,2.0,2.0,0.0,0.0,HLV,11308.0,4439.0,2441.0,12.28,6.3,4.0
S240829bc,False,95.0,0.0,0.0,4.0,Glitch,2.0,0.0,0.0,2.0,HLV,302.0,97.0,712.0,6.99,7.3,8.7
S240829h,False,70.0,30.0,0.0,0.0,Glitch,8.0,8.0,0.0,0.0,HLV,3840.0,1344.0,2385.0,10.76,5.8,5.4
S240828hl,False,47.0,53.0,0.0,0.0,BBH,13.0,13.0,0.0,0.0,HLV,2805.0,1032.0,5484.0,10.71,4.9,6.1
S240828ga,False,91.0,9.0,0.0,0.0,Glitch,4.0,4.0,0.0,0.0,HLV,5929.0,1746.0,1404.0,11.01,6.4,3.7
S240828ft,False,85.0,15.0,0.0,0.0,Glitch,5.0,5.0,0.0,0.0,HLV,3445.0,1155.0,1307.0,10.37,6.9,5.4
S240828er,False,95.0,0.0,4.0,1.0,Glitch,2.0,0.0,2.0,1.0,HLV,599.0,196.0,1217.0,8.05,6.9,6.1
S240828dh,False,60.0,40.0,0.0,0.0,Glitch,14.0,14.0,0.0,0.0,HLV,8394.0,2961.0,3125.0,11.88,5.6,6.2
S240828br,False,70.0,20.0,10.0,0.0,Glitch,16.0,10.0,8.0,0.0,HL,1111.0,415.0,1750.0,8.95,3.9,8.6
S240828bm,False,91.0,9.0,0.0,0.0,Glitch,5.0,5.0,0.0,0.0,HLV,6917.0,2249.0,3758.0,11.67,5.7,3.6
S240828bl,False,85.0,15.0,0.0,0.0,Glitch,6.0,6.0,0.0,0.0,HLV,2807.0,947.0,1803.0,10.22,7.0,5.9
S240828m,False,82.0,18.0,0.0,0.0,Glitch,5.0,5.0,0.0,0.0,HLV,3418.0,1137.0,3021.0,10.7,4.9,3.4
S240828k,False,72.0,28.0,0.0,0.0,Glitch,8.0,8.0,0.0,0.0,HLV,4108.0,1314.0,1892.0,10.72,6.5,5.8
S240827ct,False,38.0,0.0,10.0,51.0,BNS,18.0,0.0,6.0,18.0,LV,369.0,129.0,15279.0,8.44,1.6,8.5
S240827cm,False,65.0,24.0,11.0,0.0,Glitch,18.0,12.0,9.0,0.0,HLV,1314.0,406.0,1596.0,9.13,6.3,7.9
S240827bf,False,5.0,94.0,0.0,0.0,BBH,4.0,4.0,0.0,0.0,HL,2841.0,1047.0,6307.0,10.74,2.8,10.0
S240827af,False,76.0,24.0,0.0,0.0,Glitch,8.0,8.0,0.0,0.0,HLV,3589.0,1541.0,4771.0,11.27,2.8,2.1
S240827u,False,86.0,14.0,0.0,0.0,Glitch,6.0,6.0,0.0,0.0,HLV,6812.0,2200.0,4056.0,11.69,6.3,4.9
S240826aq,False,49.0,45.0,6.0,0.0,Glitch,16.0,14.0,5.0,0.0,HLV,1459.0,469.0,2162.0,9.44,4.4,6.6
S240826o,False,92.0,0.0,0.0,7.0,Glitch,4.0,0.0,1.0,3.0,HLV,412.0,123.0,1212.0,7.49,7.7,8.5
S240825cu,False,91.0,0.0,7.0,2.0,Glitch,5.0,0.0,4.0,2.0,HLV,609.0,178.0,1108.0,7.95,8.0,8.3
S240825bn,False,85.0,0.0,14.0,0.0,Glitch,6.0,1.0,6.0,1.0,HLV,800.0,255.0,1902.0,8.56,8.0,8.4
S240825ar,True,2.0,85.0,12.0,0.0,BBH,2.0,5.0,4.0,0.0,HLV,1342.0,380.0,1203.0,8.98,7.9,15.2
S240825ac,False,84.0,16.0,0.0,0.0,Glitch,10.0,10.0,0.0,0.0,HLV,4146.0,1463.0,12926.0,11.6,2.6,0.5
S240824y,False,94.0,6.0,0.0,0.0,Glitch,6.0,6.0,0.0,0.0,LV,13751.0,5620.0,18671.0,13.26,2.1,3.2
S240824w,False,9.0,91.0,0.0,0.0,BBH,6.0,6.0,0.0,0.0,HLV,5534.0,1781.0,3480.0,11.31,7.1,10.2
S240824s,False,76.0,24.0,0.0,0.0,Glitch,11.0,11.0,0.0,0.0,LV,4286.0,2097.0,11905.0,11.86,2.4,3.3
S240824k,False,97.0,3.0,0.0,0.0,Glitch,3.0,3.0,0.0,0.0,LV,6785.0,4263.0,1826.0,12.11,1.7,1.5
S240824g,False,43.0,1.0,50.0,6.0,NSBH,15.0,1.0,15.0,4.0,LV,491.0,179.0,15626.0,8.84,1.9,7.7
S240824f,False,24.0,1.0,70.0,5.0,NSBH,13.0,1.0,14.0,4.0,LV,499.0,175.0,15157.0,8.84,1.6,8.9
S240824c,False,97.0,3.0,0.0,0.0,Glitch,2.0,2.0,0.0,0.0,LV,4732.0,3000.0,3517.0,12.19,1.9,1.0
S240824b,False,42.0,58.0,0.0,0.0,BBH,15.0,15.0,0.0,0.0,LV,1233.0,916.0,634.0,10.56,0.6,3.0
S240823c,False,75.0,0.0,1.0,25.0,Glitch,12.0,0.0,1.0,11.0,LV,214.0,71.0,13816.0,7.7,1.5,11.4
S240819f,False,36.0,1.0,61.0,1.0,NSBH,16.0,2.0,15.0,1.0,LV,571.0,205.0,15945.0,9.03,1.6,6.6
S240816g,False,85.0,15.0,0.0,0.0,Glitch,11.0,11.0,0.0,0.0,LV,9846.0,4110.0,16641.0,12.83,2.1,4.0
S240814l,False,6.0,86.0,8.0,0.0,BBH,5.0,6.0,3.0,0.0,LV,754.0,297.0,1478.0,8.54,3.8,10.5
S240814h,False,51.0,49.0,0.0,0.0,Glitch,14.0,14.0,0.0,0.0,LV,2671.0,1180.0,15914.0,11.17,2.1,3.7
S240814f,False,84.0,0.0,0.0,16.0,Glitch,9.0,0.0,0.0,9.0,LV,227.0,80.0,14340.0,7.81,1.7,9.1
S240814b,False,61.0,0.0,2.0,37.0,Glitch,14.0,0.0,1.0,14.0,LV,267.0,90.0,14654.0,8.0,1.5,9.6
S240813d,True,1.0,99.0,0.0,0.0,BBH,2.0,2.0,0.0,0.0,LV,1065.0,259.0,1776.0,8.77,2.7,115.0
S240813c,True,2.0,96.0,2.0,0.0,BBH,2.0,3.0,1.0,0.0,LV,1240.0,392.0,13782.0,9.96,1.2,15.3
S240813b,False,10.0,90.0,0.0,0.0,BBH,6.0,6.0,0.0,0.0,LV,4908.0,1737.0,15788.0,11.82,1.6,8.6
S240812e,False,92.0,8.0,0.0,0.0,Glitch,5.0,5.0,0.0,0.0,LV,9539.0,3554.0,20264.0,12.72,1.9,1.6
S240810u,False,94.0,6.0,0.0,0.0,Glitch,5.0,5.0,0.0,0.0,LV,9310.0,4825.0,12839.0,12.91,2.2,3.2
S240810r,False,80.0,20.0,0.0,0.0,Glitch,14.0,14.0,0.0,0.0,LV,9522.0,4107.0,14189.0,12.81,2.0,4.9
S240810l,False,20.0,1.0,64.0,15.0,NSBH,12.0,1.0,15.0,8.0,LV,443.0,149.0,13633.0,8.66,1.4,10.3
S240810f,False,64.0,36.0,0.0,0.0,Glitch,13.0,13.0,0.0,0.0,LV,4371.0,1921.0,17790.0,11.81,2.0,3.1
S240807h,True,3.0,91.0,7.0,0.0,BBH,3.0,5.0,4.0,0.0,LV,1051.0,326.0,13079.0,9.74,1.4,17.7
S240807b,False,79.0,21.0,0.0,0.0,Glitch,9.0,9.0,0.0,0.0,LV,8073.0,3060.0,17102.0,12.51,2.0,3.0
S240721w,False,17.0,1.0,6.0,77.0,BNS,16.0,2.0,6.0,14.0,LV,162.0,46.0,8768.0,7.24,1.4,38.9
S240718m,False,4.0,0.0,22.0,73.0,BNS,6.0,1.0,11.0,13.0,LV,232.0,63.0,7525.0,7.51,1.0,45.5
S240718j,False,12.0,0.0,7.0,80.0,BNS,12.0,1.0,5.0,10.0,LV,206.0,61.0,9603.0,7.58,1.4,27.1
S240717t,False,68.0,0.0,1.0,31.0,Glitch,15.0,0.0,1.0,15.0,LV,188.0,59.0,12682.0,7.51,1.6,14.9
S240716b,True,3.0,97.0,0.0,0.0,BBH,7.0,7.0,0.0,0.0,LV,2420.0,677.0,8872.0,10.77,1.5,37.4
S240714d,False,27.0,1.0,68.0,5.0,NSBH,14.0,1.0,14.0,3.0,LV,508.0,178.0,15429.0,8.86,1.5,8.3
S240713d,False,34.0,1.0,61.0,4.0,NSBH,15.0,1.0,15.0,3.0,LV,518.0,182.0,15865.0,8.89,1.6,7.6
S240711aa,False,41.0,3.0,57.0,0.0,NSBH,13.0,3.0,12.0,0.0,HLV,890.0,269.0,2050.0,8.72,6.5,9.5
S240711r,False,64.0,1.0,35.0,0.0,Glitch,12.0,2.0,11.0,1.0,HLV,808.0,251.0,2174.0,8.62,7.4,9.4
S240710do,False,90.0,0.0,9.0,1.0,Glitch,5.0,1.0,4.0,1.0,HLV,713.0,207.0,1294.0,8.22,8.0,7.7
S240710dn,False,81.0,19.0,0.0,0.0,Glitch,10.0,10.0,0.0,0.0,HLV,10788.0,3878.0,3131.0,12.24,4.3,4.4
S240710cj,False,94.0,0.0,0.0,5.0,Glitch,3.0,0.0,1.0,2.0,HLV,422.0,129.0,1181.0,7.51,8.1,8.1
S240710bu,False,88.0,12.0,0.0,0.0,Glitch,6.0,6.0,0.0,0.0,HLV,6148.0,1739.0,1927.0,11.19,5.8,3.3
S240710bl,False,55.0,45.0,0.0,0.0,Glitch,11.0,11.0,0.0,0.0,HLV,2881.0,889.0,2513.0,10.34,7.0,7.4
S240710au,False,95.0,0.0,0.0,5.0,Glitch,3.0,0.0,0.0,3.0,HLV,306.0,93.0,991.0,7.03,7.0,9.3
S240710ap,False,77.0,23.0,0.0,0.0,Glitch,9.0,9.0,0.0,0.0,HLV,8842.0,2480.0,2808.0,11.82,6.8,5.7
S240709bm,False,85.0,0.0,3.0,13.0,Glitch,7.0,0.0,2.0,5.0,HLV,489.0,141.0,1303.0,7.73,8.2,9.8
S240708ex,False,86.0,14.0,0.0,0.0,Glitch,5.0,5.0,0.0,0.0,HLV,2706.0,831.0,2263.0,10.2,6.8,5.3
S240708dl,False,90.0,0.0,1.0,9.0,Glitch,5.0,0.0,1.0,4.0,HLV,438.0,126.0,1152.0,7.54,8.2,8.9
S240708cn,False,91.0,0.0,0.0,9.0,Glitch,4.0,0.0,1.0,4.0,HLV,399.0,120.0,1693.0,7.57,7.6,9.5
S240708ce,False,97.0,0.0,0.0,3.0,Glitch,2.0,0.0,0.0,2.0,HLV,311.0,97.0,1413.0,7.21,6.2,7.9
S240708by,False,24.0,1.0,73.0,2.0,NSBH,15.0,1.0,15.0,2.0,HLV,660.0,204.0,1789.0,8.28,4.3,9.0
S240708bf,False,81.0,15.0,3.0,0.0,Glitch,8.0,6.0,3.0,0.0,HLV,1680.0,501.0,3909.0,9.82,6.4,6.9
S240708be,False,94.0,6.0,0.0,0.0,Glitch,4.0,4.0,0.0,0.0,HLV,9869.0,2639.0,2056.0,11.82,6.4,3.6
S240708ae,False,76.0,17.0,7.0,0.0,Glitch,14.0,9.0,6.0,0.0,HLV,1252.0,406.0,1263.0,9.0,5.4,6.2
S240708r,False,66.0,34.0,0.0,0.0,Glitch,13.0,13.0,0.0,0.0,HLV,10703.0,3397.0,3525.0,12.22,6.0,6.5
S240707cb,False,81.0,19.0,0.0,0.0,Glitch,9.0,9.0,0.0,0.0,HL,5409.0,1666.0,2751.0,11.15,3.2,4.9
S240707ar,False,69.0,31.0,0.0,0.0,Glitch,14.0,14.0,0.0,0.0,HLV,9960.0,2923.0,2106.0,11.86,7.1,6.9
S240706ad,False,92.0,0.0,2.0,6.0,Glitch,4.0,0.0,2.0,3.0,HLV,485.0,152.0,1437.0,7.81,7.5,8.2
S240706z,False,92.0,8.0,0.0,0.0,Glitch,4.0,4.0,0.0,0.0,HLV,2574.0,825.0,1660.0,10.02,6.8,4.4
S240705cw,False,84.0,0.0,1.0,15.0,Glitch,6.0,0.0,1.0,5.0,HLV,408.0,117.0,1033.0,7.4,8.5,10.3
S240705at,True,0.0,100.0,0.0,0.0,BBH,0.0,0.0,0.0,0.0,HLV,3564.0,851.0,724.0,9.98,10.1,58.9
S240703ad,True,1.0,99.0,0.0,0.0,BBH,1.0,1.0,0.0,0.0,LV,2724.0,923.0,11463.0,11.03,2.2,16.7
S240701ce,False,88.0,12.0,0.0,0.0,Glitch,4.0,4.0,0.0,0.0,HLV,4144.0,1352.0,2831.0,10.9,5.3,3.2
S240701bn,False,88.0,12.0,0.0,0.0,Glitch,9.0,9.0,0.0,0.0,HLV,14453.0,4211.0,3743.0,12.58,6.8,6.0
S240630cn,False,90.0,10.0,0.0,0.0,Glitch,4.0,4.0,0.0,0.0,HLV,4021.0,1235.0,2607.0,10.78,6.7,4.7
S240630bt,False,92.0,0.0,1.0,8.0,Glitch,4.0,0.0,1.0,4.0,HLV,427.0,148.0,3013.0,8.02,5.9,7.4
S240630bn,False,88.0,12.0,0.0,0.0,Glitch,6.0,6.0,0.0,0.0,HLV,7408.0,2558.0,2849.0,11.69,4.9,3.3
S240630az,False,87.0,13.0,0.0,0.0,Glitch,5.0,5.0,0.0,0.0,HLV,4513.0,1278.0,1944.0,10.78,6.9,4.8
S240630ay,False,93.0,0.0,0.0,7.0,Glitch,4.0,0.0,0.0,4.0,HLV,375.0,114.0,1388.0,7.42,8.0,9.7
S240630ai,False,81.0,19.0,0.0,0.0,Glitch,5.0,5.0,0.0,0.0,HLV,2932.0,1020.0,2399.0,10.41,5.9,4.9
S240630t,True,0.0,100.0,0.0,0.0,BBH,0.0,0.0,0.0,0.0,HLV,3026.0,834.0,1033.0,9.99,8.1,18.4
S240630p,False,92.0,0.0,0.0,8.0,Glitch,4.0,0.0,1.0,4.0,HLV,374.0,116.0,1235.0,7.36,8.2,10.0
S240629dd,False,53.0,1.0,45.0,0.0,Glitch,13.0,2.0,12.0,0.0,HLV,780.0,242.0,1382.0,8.42,6.7,8.8
S240629cz,False,72.0,28.0,0.0,0.0,Glitch,11.0,11.0,0.0,0.0,HLV,7527.0,2166.0,3324.0,11.72,5.1,3.9
S240629cj,False,94.0,0.0,1.0,6.0,Glitch,3.0,0.0,1.0,3.0,HLV,447.0,131.0,1145.0,7.55,8.3,8.1
S240629by,True,0.0,99.0,1.0,0.0,BBH,0.0,1.0,0.0,0.0,HLV,1205.0,287.0,221.0,8.07,9.2,37.0
S240629bt,False,94.0,6.0,0.0,0.0,Glitch,4.0,4.0,0.0,0.0,HLV,10850.0,3062.0,3434.0,12.17,5.7,3.2
S240629bq,False,61.0,39.0,0.0,0.0,Glitch,13.0,13.0,0.0,0.0,HLV,8022.0,2528.0,4615.0,11.95,6.4,6.7
S240629bc,False,55.0,2.0,43.0,0.0,Glitch,14.0,2.0,13.0,0.0,HLV,883.0,277.0,2480.0,8.79,7.1,9.5
S240629ao,False,86.0,0.0,9.0,5.0,Glitch,8.0,0.0,5.0,5.0,HLV,599.0,192.0,2632.0,8.31,6.6,8.6
S240629ad,False,87.0,13.0,0.0,0.0,Glitch,6.0,6.0,0.0,0.0,HLV,2410.0,705.0,3347.0,10.23,7.0,5.4
S240628bz,False,62.0,0.0,12.0,26.0,Glitch,12.0,0.0,5.0,9.0,HLV,440.0,128.0,573.0,7.24,5.4,8.1
S240628ar,False,43.0,0.0,31.0,25.0,Glitch,15.0,0.0,13.0,11.0,LV,422.0,150.0,14290.0,8.63,1.8,8.2
S240627co,False,67.0,33.0,0.0,0.0,Glitch,12.0,12.0,0.0,0.0,HLV,10773.0,3402.0,5065.0,12.35,5.7,6.2
S240627by,True,15.0,79.0,6.0,0.0,BBH,9.0,9.0,3.0,0.0,HLV,1479.0,420.0,934.0,9.03,8.7,12.2
S240627ax,False,92.0,0.0,8.0,1.0,Glitch,3.0,0.0,3.0,1.0,HLV,728.0,218.0,1997.0,8.43,7.0,6.6
S240627ag,False,88.0,11.0,1.0,0.0,Glitch,7.0,5.0,1.0,0.0,HLV,1833.0,537.0,3094.0,9.83,7.4,6.9
S240626cn,False,87.0,0.0,0.0,12.0,Glitch,7.0,0.0,1.0,7.0,HLV,310.0,94.0,1430.0,7.19,6.5,10.8
S240626bz,False,85.0,0.0,5.0,10.0,Glitch,6.0,0.0,3.0,4.0,HLV,497.0,159.0,1389.0,7.78,7.2,9.3
S240626bt,False,87.0,1.0,2.0,10.0,Glitch,22.0,2.0,6.0,18.0,HLV,98.0,44.0,696.0,5.28,-9.0,41.0
S240626r,False,73.0,27.0,0.0,0.0,Glitch,9.0,9.0,0.0,0.0,HLV,6057.0,1906.0,2300.0,11.27,6.3,5.5
S240626j,False,95.0,0.0,0.0,5.0,Glitch,3.0,0.0,0.0,2.0,HLV,396.0,123.0,1357.0,7.48,7.7,8.2
S240625bg,False,88.0,0.0,0.0,12.0,Glitch,7.0,0.0,1.0,7.0,HLV,305.0,89.0,1568.0,7.21,8.2,12.4
S240625ae,False,92.0,0.0,2.0,5.0,Glitch,4.0,0.0,2.0,3.0,HLV,505.0,162.0,1589.0,7.89,6.1,6.4
S240625v,False,94.0,6.0,0.0,0.0,Glitch,4.0,4.0,0.0,0.0,HLV,7812.0,2219.0,2967.0,11.68,6.5,3.7
S240624cc,False,88.0,12.0,0.0,0.0,Glitch,4.0,4.0,0.0,0.0,HLV,3043.0,1065.0,3029.0,10.58,5.1,3.1
S240624bu,False,13.0,87.0,0.0,0.0,BBH,7.0,7.0,0.0,0.0,HLV,5066.0,1580.0,3342.0,11.19,5.0,7.2
S240624bf,False,45.0,1.0,52.0,2.0,NSBH,10.0,1.0,9.0,2.0,HLV,635.0,192.0,1222.0,8.08,6.3,9.5
S240624bb,False,92.0,8.0,0.0,0.0,Glitch,4.0,4.0,0.0,0.0,HLV,8212.0,2412.0,2053.0,11.6,6.8,4.6
S240624an,False,94.0,6.0,0.0,0.0,Glitch,3.0,3.0,0.0,0.0,HLV,8010.0,2381.0,2302.0,11.63,7.0,4.4
S240623dg,True,70.0,0.0,1.0,29.0,Glitch,37.0,0.0,2.0,36.0,HL,55.0,17.0,3398.0,5.19,6.2,39.4
S240623cw,False,84.0,0.0,8.0,9.0,Glitch,7.0,0.0,5.0,4.0,HLV,546.0,162.0,1497.0,7.91,7.9,10.0
S240623ak,False,98.0,0.0,0.0,2.0,Glitch,2.0,0.0,0.0,2.0,HLV,285.0,83.0,904.0,6.88,8.6,9.9
S240623n,False,92.0,8.0,0.0,0.0,Glitch,4.0,4.0,0.0,0.0,HLV,7939.0,2623.0,4023.0,11.9,5.3,3.0
S240622cf,False,73.0,26.0,1.0,0.0,Glitch,10.0,10.0,1.0,0.0,HLV,2061.0,628.0,4055.0,10.1,6.9,7.4
S240622bs,False,19.0,81.0,0.0,0.0,BBH,7.0,7.0,0.0,0.0,HLV,7946.0,2886.0,8280.0,12.47,5.4,9.0
S240622be,False,94.0,6.0,0.0,0.0,Glitch,3.0,3.0,0.0,0.0,HLV,12232.0,4250.0,4001.0,12.46,5.6,4.0
S240622ba,False,86.0,14.0,0.0,0.0,Glitch,6.0,6.0,0.0,0.0,HLV,5121.0,1398.0,2810.0,11.12,5.1,2.5
S240622aj,False,88.0,2.0,11.0,0.0,Glitch,6.0,2.0,5.0,0.0,HLV,983.0,293.0,1370.0,8.67,7.5,7.7
S240622af,False,83.0,17.0,0.0,0.0,Glitch,7.0,7.0,0.0,0.0,HLV,8724.0,2570.0,2018.0,11.67,6.0,4.7
S240622h,True,0.0,100.0,0.0,0.0,BBH,0.0,0.0,0.0,0.0,HLV,1655.0,399.0,271.0,8.6,10.4,37.5
S240621em,True,58.0,42.0,0.0,0.0,Glitch,14.0,14.0,0.0,0.0,HLV,8682.0,2510.0,3223.0,11.86,6.6,6.7
S240621eb,True,0.0,100.0,0.0,0.0,BBH,0.0,0.0,0.0,0.0,HLV,4433.0,1299.0,1777.0,10.72,6.6,18.2
S240621dy,True,0.0,100.0,0.0,0.0,BBH,0.0,0.0,0.0,0.0,HLV,1181.0,249.0,34.0,7.2,12.7,237.3
S240621di,False,32.0,1.0,65.0,2.0,NSBH,15.0,2.0,14.0,2.0,LV,564.0,200.0,16034.0,9.0,1.6,7.1
S240621de,False,37.0,0.0,3.0,59.0,BNS,15.0,0.0,3.0,15.0,LV,254.0,83.0,13745.0,7.92,1.5,13.1
S240621ch,False,31.0,69.0,0.0,0.0,BBH,12.0,12.0,0.0,0.0,HLV,6661.0,1906.0,2929.0,11.5,6.2,6.9
S240621cf,False,88.0,0.0,1.0,12.0,Glitch,6.0,0.0,1.0,5.0,HLV,408.0,119.0,1420.0,7.54,8.1,10.0
S240621ca,False,40.0,60.0,0.0,0.0,BBH,13.0,13.0,0.0,0.0,HLV,2421.0,695.0,1302.0,9.81,8.0,8.7
S240621ay,False,93.0,5.0,2.0,0.0,Glitch,4.0,3.0,2.0,0.0,HLV,1727.0,483.0,4430.0,9.89,6.6,5.5
S240621w,False,92.0,8.0,0.0,0.0,Glitch,4.0,4.0,0.0,0.0,HLV,9004.0,2451.0,2135.0,11.71,6.6,4.2
S240620bu,False,79.0,21.0,0.0,0.0,Glitch,7.0,7.0,0.0,0.0,HLV,3844.0,1055.0,4426.0,10.92,6.3,5.1
S240620bh,False,96.0,0.0,0.0,4.0,Glitch,2.0,0.0,0.0,2.0,HLV,354.0,112.0,2031.0,7.53,6.7,8.4
S240620bf,False,21.0,79.0,1.0,0.0,BBH,11.0,11.0,1.0,0.0,HLV,2313.0,692.0,3660.0,10.2,6.4,9.0
S240620bd,False,47.0,53.0,0.0,0.0,BBH,10.0,10.0,0.0,0.0,HLV,5073.0,1449.0,4954.0,11.35,5.8,6.2
S240620y,False,93.0,0.0,2.0,5.0,Glitch,4.0,0.0,2.0,2.0,HLV,536.0,161.0,1930.0,8.02,7.5,8.2
S240620o,False,83.0,17.0,0.0,0.0,Glitch,6.0,6.0,0.0,0.0,HLV,3935.0,1156.0,4018.0,10.94,5.6,4.0
S240619do,False,82.0,1.0,17.0,0.0,Glitch,10.0,1.0,9.0,0.0,HLV,879.0,264.0,1824.0,8.64,8.0,8.5
S240619dd,False,47.0,9.0,43.0,1.0,Glitch,36.0,14.0,35.0,2.0,HLV,575.0,256.0,1311.0,7.95,-5.2,20.9
S240619ch,False,55.0,2.0,43.0,0.0,Glitch,12.0,3.0,11.0,0.0,HLV,829.0,242.0,1073.0,8.35,6.3,8.1
S240619ar,False,67.0,0.0,11.0,22.0,Glitch,9.0,0.0,6.0,7.0,HLV,542.0,157.0,2085.0,8.07,8.2,11.6
S240619ab,False,87.0,0.0,12.0,1.0,Glitch,6.0,1.0,6.0,1.0,HLV,662.0,227.0,2093.0,8.41,7.5,8.8
S240619z,False,24.0,76.0,0.0,0.0,BBH,11.0,11.0,0.0,0.0,HLV,3110.0,1113.0,1831.0,10.38,7.1,9.0
S240618ah,True,13.0,87.0,0.0,0.0,BBH,6.0,6.0,0.0,0.0,HL,7841.0,2600.0,5360.0,11.93,4.0,10.2
S240618d,False,87.0,13.0,0.0,0.0,Glitch,10.0,10.0,0.0,0.0,HLV,9506.0,3201.0,14135.0,12.65,2.6,0.6
S240617ct,False,98.0,0.0,0.0,2.0,Glitch,2.0,0.0,0.0,2.0,HLV,294.0,90.0,1269.0,7.08,6.5,8.1
S240617ao,False,77.0,0.0,2.0,21.0,Glitch,9.0,0.0,2.0,8.0,HLV,441.0,128.0,1260.0,7.57,8.6,10.9
S240617o,False,93.0,0.0,1.0,7.0,Glitch,4.0,0.0,1.0,3.0,HLV,439.0,131.0,1167.0,7.57,8.0,8.3
S240616en,False,19.0,81.0,0.0,0.0,BBH,10.0,9.0,0.0,0.0,HLV,2371.0,700.0,2848.0,10.13,7.5,10.0
S240616dm,False,84.0,16.0,0.0,0.0,Glitch,7.0,7.0,0.0,0.0,HLV,6035.0,1895.0,2241.0,11.28,5.3,3.4
S240616cs,False,61.0,39.0,0.0,0.0,Glitch,16.0,16.0,0.0,0.0,HLV,6167.0,1811.0,7676.0,11.87,2.9,2.0
S240616cn,False,74.0,26.0,0.0,0.0,Glitch,9.0,9.0,0.0,0.0,HLV,5923.0,1908.0,3056.0,11.38,5.6,4.7
S240616cm,False,29.0,71.0,0.0,0.0,BBH,27.0,27.0,1.0,0.0,HLV,900.0,358.0,339.0,7.9,-1.0,64.2
S240616bd,False,29.0,0.0,18.0,53.0,BNS,11.0,0.0,6.0,10.0,HLV,446.0,129.0,838.0,7.42,7.3,12.2
S240615eg,False,86.0,0.0,11.0,3.0,Glitch,9.0,1.0,7.0,3.0,HLV,619.0,190.0,1782.0,8.18,8.3,10.1
S240615ea,True,0.0,100.0,0.0,0.0,BBH,0.0,0.0,0.0,0.0,HLV,3420.0,894.0,974.0,10.09,9.2,24.3
S240615dg,True,0.0,100.0,0.0,0.0,BBH,0.0,0.0,0.0,0.0,HLV,1321.0,238.0,8.0,6.65,18.8,219.7
S240615cu,False,81.0,12.0,6.0,0.0,Glitch,9.0,7.0,4.0,0.0,HLV,1292.0,407.0,1463.0,9.08,7.9,8.9
S240615be,False,88.0,12.0,0.0,0.0,Glitch,4.0,4.0,0.0,0.0,HLV,4514.0,1592.0,3385.0,11.15,4.7,2.7
S240615bd,False,71.0,0.0,15.0,14.0,Glitch,10.0,0.0,7.0,6.0,HLV,547.0,168.0,2074.0,8.09,5.2,8.2
S240615aj,False,49.0,51.0,0.0,0.0,BBH,12.0,12.0,0.0,0.0,HLV,2124.0,620.0,1032.0,9.55,7.1,7.2
S240615k,False,92.0,8.0,0.0,0.0,Glitch,5.0,5.0,0.0,0.0,HLV,13536.0,3808.0,3757.0,12.51,5.6,4.0
S240614cy,False,12.0,88.0,0.0,0.0,BBH,6.0,6.0,0.0,0.0,HLV,6809.0,2123.0,4725.0,11.73,6.0,8.7
S240614bq,False,2.0,6.0,92.0,0.0,NSBH,2.0,4.0,4.0,0.0,HLV,741.0,226.0,1179.0,8.23,4.4,14.7
S240614bd,False,27.0,0.0,14.0,59.0,BNS,16.0,0.0,7.0,18.0,LV,367.0,126.0,15507.0,8.42,1.5,9.9
S240614au,False,59.0,0.0,2.0,39.0,Glitch,14.0,0.0,2.0,13.0,HV,231.0,78.0,14363.0,7.81,1.4,9.2
S240614ai,False,78.0,0.0,17.0,5.0,Glitch,10.0,0.0,8.0,4.0,HLV,600.0,181.0,1664.0,8.11,6.4,8.4
S240613eg,False,91.0,9.0,0.0,0.0,Glitch,4.0,4.0,0.0,0.0,HLV,5448.0,1650.0,3223.0,11.27,6.4,4.1
S240613ec,False,87.0,9.0,4.0,0.0,Glitch,7.0,5.0,3.0,0.0,HLV,1249.0,458.0,1773.0,9.17,7.2,8.1
S240613dv,False,43.0,0.0,6.0,51.0,BNS,19.0,0.0,8.0,18.0,HL,264.0,138.0,4078.0,7.78,-2.3,8.1
S240613dd,False,22.0,77.0,0.0,0.0,BBH,11.0,11.0,0.0,0.0,HLV,2147.0,719.0,1771.0,9.89,6.3,8.3
S240613cv,False,60.0,39.0,1.0,0.0,Glitch,12.0,11.0,1.0,0.0,HLV,1827.0,604.0,1878.0,9.63,6.5,7.2
S240613bx,False,51.0,49.0,0.0,0.0,Glitch,12.0,12.0,0.0,0.0,HLV,5745.0,1672.0,3284.0,11.34,5.7,5.6
S240613ay,False,92.0,0.0,5.0,3.0,Glitch,5.0,0.0,4.0,2.0,HLV,607.0,178.0,1674.0,8.14,8.0,8.8
S240613z,False,33.0,67.0,0.0,0.0,BBH,11.0,11.0,0.0,0.0,HLV,4382.0,1371.0,2216.0,10.83,5.0,5.7
S240613t,False,64.0,36.0,0.0,0.0,Glitch,10.0,10.0,0.0,0.0,HLV,3390.0,1093.0,1802.0,10.44,5.3,4.6
S240612eg,False,80.0,20.0,0.0,0.0,Glitch,6.0,6.0,0.0,0.0,HLV,5517.0,1667.0,3763.0,11.37,5.7,4.4
S240612dy,False,54.0,0.0,23.0,22.0,Glitch,20.0,0.0,14.0,16.0,HLV,382.0,155.0,425.0,6.97,2.0,5.8
S240612do,False,88.0,0.0,1.0,11.0,Glitch,7.0,0.0,1.0,6.0,HLV,464.0,139.0,1509.0,7.73,8.2,9.6
S240612dj,False,37.0,62.0,1.0,0.0,BBH,13.0,13.0,1.0,0.0,HLV,2052.0,615.0,2358.0,9.87,8.1,10.0
S240612cy,False,85.0,0.0,1.0,14.0,Glitch,7.0,0.0,1.0,6.0,HLV,361.0,113.0,1634.0,7.5,5.8,9.0
S240612ch,False,93.0,0.0,0.0,7.0,Glitch,3.0,0.0,1.0,3.0,HLV,432.0,144.0,2429.0,7.89,6.3,7.3
S240612ax,False,8.0,92.0,0.0,0.0,BBH,5.0,5.0,0.0,0.0,HLV,3557.0,1165.0,3306.0,10.74,5.8,9.0
S240611es,False,6.0,94.0,0.0,0.0,BBH,4.0,4.0,0.0,0.0,HLV,4657.0,1575.0,3158.0,11.09,4.4,8.2
S240611ek,False,89.0,0.0,7.0,4.0,Glitch,7.0,0.0,5.0,3.0,HLV,576.0,164.0,1204.0,7.91,8.2,9.3
S240610bs,False,93.0,7.0,0.0,0.0,Glitch,4.0,4.0,0.0,0.0,HLV,5380.0,1729.0,4364.0,11.45,5.2,2.3
S240610bp,False,91.0,9.0,0.0,0.0,Glitch,4.0,4.0,0.0,0.0,HLV,4888.0,1450.0,2424.0,11.02,6.2,3.7
S240610aq,False,78.0,22.0,0.0,0.0,Glitch,15.0,15.0,0.0,0.0,HL,4616.0,1860.0,3051.0,11.21,0.9,2.8
S240610e,False,7.0,93.0,0.0,0.0,BBH,10.0,10.0,0.0,0.0,HLV,2581.0,989.0,2083.0,10.27,1.4,8.4
S240609c,False,33.0,0.0,31.0,35.0,BNS,15.0,0.0,12.0,15.0,LV,408.0,144.0,14639.0,8.58,1.6,8.9
S240606l,False,70.0,0.0,7.0,23.0,Glitch,15.0,0.0,6.0,12.0,HL,452.0,140.0,1737.0,7.72,5.8,11.6
S240605a,False,22.0,1.0,72.0,5.0,NSBH,8.0,1.0,8.0,5.0,HV,430.0,157.0,13689.0,8.67,2.0,8.9
S240604bw,False,16.0,84.0,0.0,0.0,BBH,7.0,7.0,0.0,0.0,HL,3597.0,1272.0,2519.0,10.64,2.2,7.1
S240604x,False,95.0,5.0,0.0,0.0,Glitch,3.0,3.0,0.0,0.0,HL,2049.0,816.0,4099.0,10.23,2.6,3.7
S240603cm,False,75.0,25.0,0.0,0.0,Glitch,9.0,9.0,0.0,0.0,HLV,4250.0,1525.0,2388.0,10.91,4.6,3.5
S240603au,False,94.0,6.0,0.0,0.0,Glitch,3.0,3.0,0.0,0.0,HLV,4054.0,1298.0,3600.0,10.97,6.3,3.6
S240603ar,False,94.0,6.0,0.0,0.0,Glitch,3.0,3.0,0.0,0.0,HLV,5820.0,2098.0,2536.0,11.35,5.4,2.6
S240602ed,False,40.0,59.0,1.0,0.0,BBH,13.0,13.0,1.0,0.0,HLV,1958.0,572.0,2233.0,9.77,8.1,10.0
S240602dd,False,79.0,18.0,3.0,0.0,Glitch,12.0,9.0,4.0,0.0,HLV,1481.0,496.0,2174.0,9.43,5.0,5.3
S240602at,False,85.0,15.0,0.0,0.0,Glitch,4.0,4.0,0.0,0.0,HLV,2987.0,1017.0,1773.0,10.3,5.8,4.3
S240601co,True,1.0,91.0,8.0,0.0,BBH,1.0,4.0,3.0,0.0,HLV,1376.0,385.0,1080.0,8.97,8.7,17.0
S240601ck,False,61.0,37.0,2.0,0.0,Glitch,13.0,13.0,1.0,0.0,HL,1814.0,579.0,4264.0,9.93,4.5,9.0
S240601ak,False,92.0,8.0,0.0,0.0,Glitch,5.0,5.0,0.0,0.0,HLV,9891.0,2796.0,2980.0,12.0,6.5,4.4
S240531dv,False,31.0,69.0,0.0,0.0,BBH,11.0,11.0,0.0,0.0,HLV,7666.0,3025.0,6754.0,12.19,2.4,6.2
S240531dg,False,65.0,35.0,0.0,0.0,Glitch,19.0,19.0,0.0,0.0,HLV,6314.0,2800.0,18161.0,12.3,0.0,0.4
S240531cq,False,78.0,22.0,0.0,0.0,Glitch,7.0,7.0,0.0,0.0,HLV,2434.0,761.0,1103.0,9.78,6.7,5.5
S240531cg,False,82.0,1.0,17.0,0.0,Glitch,6.0,1.0,6.0,0.0,HLV,898.0,323.0,2614.0,8.89,5.8,6.7
S240531cc,False,80.0,0.0,1.0,19.0,Glitch,9.0,0.0,1.0,8.0,HLV,388.0,122.0,2048.0,7.62,6.1,9.7
S240531bw,False,91.0,0.0,1.0,8.0,Glitch,4.0,0.0,1.0,4.0,HLV,425.0,133.0,1654.0,7.66,7.6,8.8
S240531bp,True,1.0,99.0,0.0,0.0,BBH,1.0,1.0,0.0,0.0,HLV,4357.0,1294.0,1648.0,10.66,6.8,12.9
S240531bb,False,92.0,8.0,0.0,0.0,Glitch,4.0,4.0,0.0,0.0,HLV,6906.0,2435.0,3897.0,11.75,5.2,3.0
S240531ba,False,95.0,5.0,0.0,0.0,Glitch,3.0,3.0,0.0,0.0,HLV,8050.0,2997.0,3770.0,11.99,4.5,1.8
S240531ae,False,96.0,2.0,2.0,0.0,Glitch,2.0,1.0,2.0,0.0,HLV,1529.0,473.0,5832.0,9.87,6.2,4.5
S240531aa,False,3.0,97.0,0.0,0.0,BBH,3.0,3.0,0.0,0.0,HLV,3554.0,1073.0,1078.0,10.24,5.8,9.6
S240530cu,False,33.0,1.0,55.0,12.0,NSBH,14.0,1.0,15.0,6.0,LV,466.0,163.0,15259.0,8.75,1.6,8.5
S240530cg,False,61.0,1.0,37.0,1.0,Glitch,9.0,1.0,9.0,2.0,HLV,722.0,217.0,1656.0,8.34,6.9,9.0
S240530d,False,55.0,45.0,0.0,0.0,Glitch,15.0,15.0,0.0,0.0,HLV,7426.0,2107.0,2400.0,11.54,4.4,4.1
S240530a,True,0.0,96.0,3.0,0.0,BBH,0.0,2.0,2.0,0.0,HLV,1229.0,393.0,984.0,8.89,6.6,23.8
S240529bd,False,73.0,0.0,26.0,1.0,Glitch,14.0,0.0,14.0,1.0,HLV,864.0,292.0,10432.0,9.53,2.0,3.1
S240528y,False,73.0,0.0,6.0,21.0,Glitch,9.0,0.0,4.0,5.0,HLV,508.0,155.0,2158.0,8.02,6.9,9.9
S240528h,False,92.0,3.0,5.0,0.0,Glitch,6.0,3.0,4.0,0.0,HLV,1344.0,412.0,3177.0,9.45,6.9,6.8
S240527fv,True,0.0,100.0,0.0,0.0,BBH,0.0,0.0,0.0,0.0,HLV,1131.0,312.0,26.0,7.01,10.5,20.6
S240527en,True,1.0,99.0,0.0,0.0,BBH,1.0,1.0,0.0,0.0,HLV,7238.0,2059.0,1779.0,11.37,7.4,17.7
S240527ei,False,84.0,16.0,0.0,0.0,Glitch,5.0,5.0,0.0,0.0,HLV,4499.0,1332.0,2855.0,10.98,5.5,3.5
S240527ed,False,89.0,0.0,1.0,9.0,Glitch,6.0,0.0,1.0,5.0,HLV,444.0,138.0,970.0,7.5,8.5,9.4
S240527dh,False,10.0,90.0,0.0,0.0,BBH,9.0,9.0,0.0,0.0,HLV,9001.0,2868.0,3021.0,11.86,4.8,13.6
S240527cc,False,82.0,18.0,0.0,0.0,Glitch,12.0,12.0,0.0,0.0,HLV,6744.0,2581.0,17662.0,12.28,2.0,0.5
S240527cb,False,48.0,51.0,1.0,0.0,BBH,12.0,11.0,1.0,0.0,HLV,2205.0,639.0,2654.0,10.01,7.6,8.8
S240527bj,False,32.0,67.0,0.0,0.0,BBH,11.0,11.0,0.0,0.0,HLV,2585.0,768.0,3548.0,10.34,6.4,7.9
S240527as,False,96.0,4.0,0.0,0.0,Glitch,3.0,3.0,0.0,0.0,HLV,11260.0,3408.0,3689.0,12.27,5.9,3.3
S240526aw,False,80.0,20.0,0.0,0.0,Glitch,7.0,7.0,0.0,0.0,HLV,3800.0,1094.0,4576.0,10.93,6.5,5.5
S240526ap,False,80.0,20.0,0.0,0.0,Glitch,6.0,6.0,0.0,0.0,HLV,4601.0,1329.0,1432.0,10.69,6.6,4.9
S240526ak,False,6.0,94.0,0.0,0.0,BBH,6.0,6.0,0.0,0.0,HLV,2398.0,803.0,1305.0,9.85,4.3,8.1
S240525dy,False,8.0,92.0,0.0,0.0,BBH,4.0,4.0,0.0,0.0,HLV,5842.0,1799.0,1320.0,10.99,5.8,9.0
S240525dp,False,88.0,12.0,0.0,0.0,Glitch,6.0,6.0,0.0,0.0,HL,5475.0,1652.0,3519.0,11.27,2.8,3.9
S240525at,False,83.0,9.0,8.0,0.0,Glitch,9.0,6.0,6.0,0.0,HLV,1263.0,383.0,1537.0,9.05,7.8,8.7
S240525as,False,21.0,79.0,0.0,0.0,BBH,12.0,12.0,0.0,0.0,HLV,2412.0,709.0,1393.0,9.83,5.4,6.7
S240525am,False,92.0,8.0,0.0,0.0,Glitch,5.0,5.0,0.0,0.0,HLV,13404.0,3777.0,3334.0,12.43,5.8,4.1
S240525af,False,95.0,5.0,0.0,0.0,Glitch,3.0,3.0,0.0,0.0,HLV,12351.0,3756.0,3543.0,12.38,5.6,3.4
S240525p,True,8.0,92.0,0.0,0.0,BBH,5.0,5.0,0.0,0.0,HLV,5318.0,1637.0,1910.0,11.01,6.6,9.2
S240524k,False,82.0,0.0,2.0,16.0,Glitch,9.0,0.0,1.0,8.0,HLV,446.0,144.0,1405.0,7.67,5.8,7.5
S240523cb,False,91.0,0.0,5.0,4.0,Glitch,6.0,0.0,3.0,3.0,HLV,552.0,182.0,1763.0,8.07,5.5,6.1
S240523bw,False,89.0,11.0,0.0,0.0,Glitch,5.0,5.0,0.0,0.0,HLV,4459.0,2035.0,5266.0,11.49,4.3,3.1
S240523bp,False,79.0,0.0,1.0,20.0,Glitch,8.0,0.0,1.0,7.0,HL,359.0,123.0,1599.0,7.41,4.7,9.9
S240523aq,False,95.0,1.0,4.0,0.0,Glitch,3.0,1.0,3.0,0.0,HLV,1333.0,377.0,4575.0,9.56,6.5,5.1
S240523ah,False,95.0,5.0,0.0,0.0,Glitch,3.0,3.0,0.0,0.0,HLV,13467.0,3964.0,3389.0,12.45,5.7,3.6
S240523ae,False,78.0,3.0,20.0,0.0,Glitch,9.0,3.0,8.0,0.0,HLV,989.0,289.0,1567.0,8.73,8.1,9.3
S240523x,False,87.0,13.0,0.0,0.0,Glitch,6.0,6.0,0.0,0.0,HLV,6204.0,1996.0,3688.0,11.54,5.1,3.2
S240523t,False,76.0,24.0,0.0,0.0,Glitch,6.0,6.0,0.0,0.0,HLV,3394.0,1094.0,2265.0,10.54,5.4,4.2
S240523d,False,69.0,30.0,1.0,0.0,Glitch,12.0,11.0,1.0,0.0,HLV,1959.0,624.0,3332.0,9.97,5.9,6.2
S240522es,False,93.0,0.0,0.0,6.0,Glitch,3.0,0.0,0.0,3.0,HLV,377.0,121.0,1887.0,7.57,7.2,9.1
S240522eg,False,77.0,23.0,0.0,0.0,Glitch,6.0,6.0,0.0,0.0,HLV,3185.0,1009.0,1485.0,10.27,6.5,5.5
S240522ci,False,66.0,1.0,33.0,1.0,Glitch,11.0,1.0,10.0,1.0,HLV,725.0,236.0,2009.0,8.45,5.3,7.2
S240522bh,False,78.0,7.0,15.0,0.0,Glitch,9.0,6.0,7.0,0.0,HLV,1092.0,339.0,1400.0,8.84,7.5,8.9
S240522av,False,93.0,0.0,6.0,1.0,Glitch,3.0,0.0,3.0,1.0,HLV,669.0,207.0,1964.0,8.36,6.3,5.8
S240521bq,False,22.0,78.0,0.0,0.0,BBH,18.0,18.0,0.0,0.0,HL,10251.0,3515.0,2980.0,12.04,3.0,10.5
S240521ax,False,1.0,99.0,0.0,0.0,BBH,2.0,2.0,0.0,0.0,HL,1593.0,826.0,3709.0,10.61,-0.3,10.7
S240521ac,False,24.0,76.0,0.0,0.0,BBH,11.0,11.0,0.0,0.0,HL,3602.0,1337.0,2608.0,10.73,1.9,6.5
S240521t,False,87.0,8.0,5.0,0.0,Glitch,7.0,5.0,4.0,0.0,HLV,1329.0,399.0,1630.0,9.12,7.9,8.3
S240521q,False,68.0,0.0,22.0,10.0,Glitch,12.0,0.0,8.0,7.0,HLV,596.0,178.0,2067.0,8.18,6.9,10.0
S240520dg,False,98.0,0.0,0.0,2.0,Glitch,1.0,0.0,0.0,1.0,HLV,317.0,102.0,1246.0,7.16,7.0,7.6
S240520df,False,58.0,0.0,5.0,37.0,Glitch,13.0,0.0,2.0,12.0,HLV,447.0,140.0,1723.0,7.76,5.3,9.2
S240520cv,True,0.0,98.0,1.0,0.0,BBH,0.0,1.0,1.0,0.0,HLV,1289.0,332.0,370.0,8.45,10.0,26.6
S240520ca,False,91.0,0.0,0.0,9.0,Glitch,8.0,0.0,0.0,7.0,HLV,324.0,106.0,4068.0,7.71,3.5,8.2
S240520bf,False,37.0,63.0,0.0,0.0,BBH,13.0,13.0,0.0,0.0,HLV,3316.0,1000.0,1728.0,10.36,4.6,4.8
S240520ar,False,92.0,0.0,0.0,8.0,Glitch,4.0,0.0,1.0,3.0,HLV,377.0,121.0,1458.0,7.48,6.7,8.4
S240520ad,False,88.0,12.0,0.0,0.0,Glitch,7.0,7.0,0.0,0.0,HLV,6246.0,2092.0,15445.0,12.1,3.1,0.7
S240520s,False,81.0,11.0,8.0,0.0,Glitch,13.0,6.0,7.0,0.0,HLV,1315.0,455.0,2885.0,9.43,5.2,6.2
S240519l,False,84.0,16.0,0.0,0.0,Glitch,6.0,6.0,0.0,0.0,HLV,4926.0,1703.0,6203.0,11.47,5.6,4.7
S240519a,False,26.0,0.0,27.0,47.0,BNS,14.0,0.0,11.0,17.0,LV,393.0,136.0,14610.0,8.52,1.8,10.2
S240518ca,False,30.0,1.0,53.0,16.0,NSBH,13.0,1.0,15.0,8.0,LV,448.0,157.0,14916.0,8.7,1.8,9.2
S240518bb,False,86.0,14.0,0.0,0.0,Glitch,5.0,5.0,0.0,0.0,HLV,2709.0,824.0,1552.0,10.04,7.2,5.6
S240518am,False,18.0,6.0,76.0,0.0,NSBH,18.0,6.0,20.0,0.0,HLV,733.0,274.0,2173.0,8.5,0.1,8.7
S240518x,False,41.0,1.0,56.0,2.0,NSBH,16.0,2.0,15.0,2.0,LV,544.0,205.0,15102.0,8.99,1.9,6.8
S240516eb,False,35.0,2.0,62.0,0.0,NSBH,11.0,3.0,10.0,1.0,HL,799.0,266.0,3067.0,8.74,4.1,10.3
S240516dg,False,89.0,0.0,1.0,10.0,Glitch,5.0,0.0,1.0,5.0,HLV,399.0,127.0,1501.0,7.56,7.8,9.7
S240516co,False,82.0,18.0,0.0,0.0,Glitch,7.0,7.0,0.0,0.0,HL,5449.0,1636.0,4515.0,11.37,3.3,5.3
S240516ca,False,75.0,0.0,1.0,23.0,Glitch,10.0,0.0,1.0,10.0,HL,364.0,114.0,1370.0,7.33,5.5,10.9
S240516ak,False,55.0,4.0,40.0,0.0,Glitch,11.0,3.0,10.0,0.0,HLV,1004.0,343.0,3677.0,9.16,5.4,8.4
S240516ah,False,21.0,79.0,0.0,0.0,BBH,25.0,25.0,0.0,0.0,HLV,2815.0,1294.0,6262.0,10.87,-2.7,11.8
S240515ak,False,87.0,13.0,0.0,0.0,Glitch,5.0,5.0,0.0,0.0,HLV,3673.0,1040.0,3454.0,10.77,6.2,4.2
S240515m,True,0.0,100.0,0.0,0.0,BBH,0.0,0.0,0.0,0.0,HLV,3559.0,976.0,978.0,10.16,9.1,25.1
S240514at,False,17.0,1.0,80.0,1.0,NSBH,9.0,2.0,8.0,2.0,HV,485.0,169.0,13590.0,8.8,1.4,8.0
S240514x,True,0.0,100.0,0.0,0.0,BBH,0.0,0.0,0.0,0.0,HLV,2453.0,566.0,271.0,9.04,9.4,66.3
S240513fc,False,85.0,15.0,0.0,0.0,Glitch,8.0,8.0,0.0,0.0,HLV,9299.0,2689.0,3925.0,12.02,4.2,2.3
S240513ep,False,42.0,56.0,2.0,0.0,BBH,13.0,13.0,2.0,0.0,HLV,1705.0,511.0,1247.0,9.32,7.8,9.4
S240513ei,True,0.0,100.0,0.0,0.0,BBH,0.0,0.0,0.0,0.0,HLV,2299.0,544.0,362.0,9.09,10.6,44.6
S240513ef,False,92.0,8.0,0.0,0.0,Glitch,4.0,4.0,0.0,0.0,HLV,5842.0,1922.0,5389.0,11.65,5.1,2.7
S240513dw,False,78.0,22.0,0.0,0.0,Glitch,8.0,8.0,0.0,0.0,HLV,2284.0,707.0,1737.0,9.86,6.3,5.2
S240513cx,False,18.0,82.0,0.0,0.0,BBH,11.0,11.0,0.0,0.0,HLV,2018.0,579.0,892.0,9.42,8.6,10.7
S240513ck,False,67.0,2.0,31.0,0.0,Glitch,11.0,3.0,10.0,0.0,HLV,972.0,319.0,3164.0,9.06,6.0,8.1
S240513bj,False,65.0,25.0,9.0,0.0,Glitch,14.0,10.0,11.0,0.0,HLV,982.0,507.0,1649.0,9.02,0.4,3.4
S240513an,False,88.0,12.0,0.0,0.0,Glitch,4.0,4.0,0.0,0.0,HLV,3021.0,1169.0,1989.0,10.47,4.3,2.1
S240513af,False,94.0,0.0,0.0,6.0,Glitch,3.0,0.0,0.0,3.0,HLV,377.0,112.0,1514.0,7.47,7.5,9.1
S240512bo,False,79.0,0.0,18.0,3.0,Glitch,9.0,1.0,8.0,3.0,HLV,643.0,191.0,1695.0,8.19,8.1,10.1
S240512av,False,94.0,6.0,0.0,0.0,Glitch,3.0,3.0,0.0,0.0,HLV,4524.0,1494.0,1950.0,10.87,6.5,3.8
S240512r,True,0.0,92.0,8.0,0.0,BBH,0.0,3.0,3.0,0.0,HLV,1077.0,289.0,362.0,8.12,9.3,24.5
S240511cj,False,89.0,11.0,0.0,0.0,Glitch,5.0,5.0,0.0,0.0,HLV,6239.0,1916.0,2555.0,11.35,6.2,4.2
S240511bf,False,51.0,49.0,0.0,0.0,Glitch,20.0,20.0,0.0,0.0,HL,2586.0,1099.0,1171.0,9.96,0.4,3.4
S240511an,False,87.0,0.0,4.0,9.0,Glitch,6.0,0.0,3.0,3.0,HLV,516.0,168.0,2107.0,8.04,6.5,8.2
S240511y,False,91.0,0.0,6.0,3.0,Glitch,5.0,0.0,4.0,2.0,HLV,598.0,177.0,1899.0,8.17,7.5,8.6
S240511i,True,0.0,100.0,0.0,0.0,BBH,0.0,0.0,0.0,0.0,HLV,1921.0,445.0,117.0,8.33,15.0,72.9
S240511d,False,65.0,35.0,0.0,0.0,Glitch,10.0,10.0,0.0,0.0,HLV,4288.0,1445.0,2996.0,10.95,6.6,6.6
S240509ao,False,18.0,0.0,19.0,63.0,BNS,11.0,0.0,10.0,14.0,HV,315.0,109.0,13411.0,8.23,1.6,10.1
S240508al,False,38.0,61.0,0.0,0.0,BBH,14.0,14.0,0.0,0.0,HLV,2695.0,814.0,2988.0,10.33,5.0,5.7
S240508u,False,85.0,1.0,14.0,0.0,Glitch,8.0,1.0,7.0,1.0,HLV,814.0,241.0,1212.0,8.37,8.0,7.9
S240507bv,False,72.0,0.0,2.0,26.0,Glitch,9.0,0.0,2.0,8.0,HL,361.0,118.0,1557.0,7.44,2.4,7.6
S240507bt,False,67.0,1.0,31.0,1.0,Glitch,12.0,2.0,12.0,2.0,HL,692.0,213.0,2141.0,8.37,5.4,10.2
S240507p,True,1.0,95.0,4.0,0.0,BBH,1.0,2.0,2.0,0.0,HLV,1395.0,460.0,1237.0,9.12,8.1,17.1
S240506cu,False,78.0,2.0,20.0,0.0,Glitch,10.0,3.0,9.0,0.0,HLV,1006.0,294.0,2218.0,8.9,8.1,9.2
S240506br,False,79.0,2.0,19.0,0.0,Glitch,9.0,2.0,8.0,0.0,HLV,921.0,275.0,1545.0,8.63,7.4,8.2
S240506w,False,90.0,10.0,0.0,0.0,Glitch,6.0,6.0,0.0,0.0,HLV,13737.0,3862.0,4023.0,12.55,5.3,4.0
S240506n,False,55.0,45.0,0.0,0.0,Glitch,14.0,14.0,0.0,0.0,HLV,3036.0,919.0,1607.0,10.22,4.6,3.9
S240505bl,False,77.0,1.0,22.0,1.0,Glitch,9.0,1.0,9.0,1.0,HLV,737.0,219.0,1289.0,8.26,8.2,9.2
S240505av,True,9.0,91.0,0.0,0.0,BBH,6.0,6.0,0.0,0.0,HLV,4050.0,1190.0,1782.0,10.61,7.6,10.1
S240504ec,False,87.0,0.0,6.0,8.0,Glitch,6.0,0.0,4.0,4.0,HLV,521.0,160.0,1300.0,7.83,7.9,9.7
S240504dm,False,91.0,9.0,1.0,0.0,Glitch,6.0,5.0,1.0,0.0,HLV,1912.0,566.0,3130.0,9.88,7.3,6.2
S240504bv,False,62.0,38.0,0.0,0.0,Glitch,9.0,9.0,0.0,0.0,HLV,4055.0,1214.0,1996.0,10.66,7.2,7.0
S240503ff,False,76.0,24.0,0.0,0.0,Glitch,11.0,11.0,0.0,0.0,HLV,4980.0,2053.0,10374.0,11.94,2.0,1.1
S240503cx,False,83.0,10.0,7.0,0.0,Glitch,11.0,6.0,6.0,0.0,HLV,1290.0,379.0,1599.0,9.11,6.8,7.3
S240503bp,False,81.0,6.0,13.0,0.0,Glitch,9.0,5.0,6.0,0.0,HLV,1152.0,347.0,1741.0,8.99,7.4,8.7
S240502bb,False,35.0,0.0,28.0,37.0,BNS,18.0,0.0,15.0,18.0,HLV,474.0,149.0,1272.0,7.67,3.3,8.4
S240501dr,False,91.0,0.0,0.0,8.0,Glitch,4.0,0.0,1.0,4.0,HLV,386.0,127.0,1765.0,7.57,7.5,9.6
S240501dc,False,93.0,0.0,6.0,1.0,Glitch,4.0,0.0,4.0,1.0,HLV,638.0,192.0,1104.0,8.02,8.1,8.0
S240501an,True,0.0,100.0,0.0,0.0,BBH,0.0,0.0,0.0,0.0,HLV,4812.0,1338.0,1458.0,10.73,9.1,19.5
S240501af,False,89.0,11.0,0.0,0.0,Glitch,4.0,4.0,0.0,0.0,HLV,3098.0,929.0,2209.0,10.36,6.9,5.0
S240430cu,False,59.0,0.0,13.0,28.0,Glitch,9.0,0.0,6.0,6.0,HLV,525.0,163.0,2504.0,8.11,6.0,10.2
S240430co,False,96.0,0.0,0.0,4.0,Glitch,2.0,0.0,0.0,2.0,HLV,390.0,124.0,1581.0,7.55,7.0,7.2
S240430ca,True,7.0,93.0,0.0,0.0,BBH,5.0,5.0,0.0,0.0,HL,8573.0,2920.0,5092.0,12.02,2.9,12.0
S240430g,False,80.0,20.0,0.0,0.0,Glitch,7.0,7.0,0.0,0.0,HLV,3215.0,1334.0,1051.0,10.24,3.6,2.1
S240429ik,False,80.0,19.0,1.0,0.0,Glitch,8.0,7.0,1.0,0.0,HLV,1702.0,540.0,1658.0,9.51,7.5,7.6
S240429gk,False,55.0,45.0,0.0,0.0,Glitch,31.0,31.0,0.0,0.0,HLV,5617.0,3385.0,4776.0,12.19,-3.4,7.2
S240429gc,False,75.0,24.0,1.0,0.0,Glitch,9.0,8.0,1.0,0.0,HLV,1730.0,611.0,2356.0,9.77,5.7,5.7
S240429ea,False,74.0,26.0,0.0,0.0,Glitch,14.0,14.0,0.0,0.0,HLV,12953.0,4154.0,2743.0,12.38,3.9,5.2
S240429dh,False,44.0,56.0,0.0,0.0,BBH,13.0,13.0,0.0,0.0,HLV,6845.0,2130.0,3795.0,11.66,5.2,5.6
S240429ch,False,94.0,0.0,0.0,5.0,Glitch,3.0,0.0,0.0,3.0,HLV,405.0,121.0,2239.0,7.73,7.5,8.9
S240429an,True,85.0,1.0,2.0,12.0,Glitch,26.0,2.0,6.0,23.0,HL,14.0,5.0,391.0,2.38,-1.0,76.4
S240429af,False,7.0,4.0,89.0,0.0,NSBH,6.0,3.0,6.0,0.0,HV,560.0,191.0,12456.0,8.97,1.4,9.5
S240429a,False,67.0,33.0,0.0,0.0,Glitch,11.0,11.0,0.0,0.0,HLV,6810.0,2259.0,2956.0,11.56,5.6,5.2
S240428dr,True,0.0,100.0,0.0,0.0,BBH,0.0,0.0,0.0,0.0,HV,765.0,177.0,286.0,7.53,7.1,61.7
S240428ct,False,83.0,17.0,0.0,0.0,Glitch,7.0,7.0,0.0,0.0,HLV,6442.0,1990.0,3766.0,11.59,5.8,4.4
S240428bm,False,95.0,3.0,2.0,0.0,Glitch,3.0,2.0,2.0,0.0,HLV,1558.0,498.0,4728.0,9.83,6.6,5.7
S240427am,False,2.0,69.0,30.0,0.0,BBH,2.0,12.0,13.0,0.0,HLV,1146.0,333.0,2212.0,9.05,4.3,18.6
S240426cx,False,10.0,89.0,0.0,0.0,BBH,10.0,10.0,0.0,0.0,HLV,1928.0,604.0,488.0,9.11,4.2,6.5
S240426co,False,90.0,0.0,4.0,5.0,Glitch,5.0,0.0,3.0,3.0,HLV,530.0,172.0,1823.0,8.02,5.9,6.9
S240426ci,False,86.0,0.0,1.0,13.0,Glitch,7.0,0.0,1.0,6.0,HLV,363.0,109.0,2384.0,7.59,7.5,11.4
S240426bz,False,63.0,36.0,1.0,0.0,Glitch,11.0,11.0,1.0,0.0,HLV,2106.0,628.0,3208.0,10.02,7.4,8.3
S240426bs,False,56.0,44.0,0.0,0.0,Glitch,13.0,13.0,0.0,0.0,HLV,7414.0,2419.0,4560.0,11.82,5.1,5.3
S240426s,True,2.0,0.0,33.0,65.0,BNS,2.0,0.0,13.0,13.0,HL,454.0,143.0,4389.0,8.11,5.1,19.3
S240426a,False,77.0,0.0,22.0,1.0,Glitch,9.0,1.0,9.0,1.0,HLV,795.0,240.0,2397.0,8.63,7.6,8.8
S240425ca,False,70.0,0.0,22.0,9.0,Glitch,17.0,0.0,14.0,12.0,HLV,512.0,293.0,9831.0,9.21,-1.4,3.0
S240423br,True,1.0,99.0,1.0,0.0,BBH,2.0,2.0,1.0,0.0,HL,1267.0,501.0,3117.0,9.26,1.4,41.3
S240423h,False,85.0,15.0,0.0,0.0,Glitch,7.0,7.0,0.0,0.0,HL,6066.0,1997.0,4408.0,11.53,3.2,5.1
S240422eq,False,48.0,2.0,49.0,0.0,NSBH,15.0,3.0,15.0,1.0,HL,807.0,251.0,2271.0,8.58,5.5,10.9
S240422el,False,91.0,9.0,0.0,0.0,Glitch,4.0,4.0,0.0,0.0,HLV,6306.0,1778.0,2231.0,11.29,6.4,3.8
S240422ed,True,58.0,0.0,1.0,41.0,Glitch,17.0,0.0,1.0,16.0,HLV,214.0,64.0,404.0,6.12,4.2,12.5
S240422ds,False,38.0,55.0,7.0,0.0,BBH,15.0,16.0,4.0,0.0,HL,1351.0,431.0,1391.0,9.04,5.6,11.1
S240422dm,False,50.0,0.0,2.0,48.0,Glitch,20.0,0.0,2.0,19.0,HL,219.0,65.0,555.0,6.32,1.5,10.7
S240422bw,False,85.0,0.0,9.0,6.0,Glitch,10.0,0.0,7.0,4.0,HL,528.0,173.0,2018.0,7.99,4.7,9.2
S240422bn,False,69.0,0.0,3.0,28.0,Glitch,10.0,0.0,2.0,9.0,HL,401.0,135.0,1953.0,7.61,4.6,10.4
S240421ei,False,25.0,68.0,7.0,0.0,BBH,12.0,13.0,5.0,0.0,HL,1450.0,473.0,2453.0,9.39,4.9,11.4
S240421dm,False,81.0,0.0,15.0,4.0,Glitch,10.0,1.0,9.0,3.0,HL,588.0,189.0,2545.0,8.23,5.2,10.1
S240421co,False,90.0,10.0,0.0,0.0,Glitch,4.0,4.0,0.0,0.0,HLV,4855.0,1687.0,4911.0,11.39,4.9,2.9
S240421bi,False,78.0,0.0,2.0,20.0,Glitch,9.0,0.0,2.0,8.0,HLV,448.0,146.0,1846.0,7.81,6.7,9.2
S240421ae,False,63.0,37.0,0.0,0.0,Glitch,10.0,10.0,0.0,0.0,HLV,3863.0,1076.0,6141.0,11.08,6.2,6.1
S240421r,False,68.0,28.0,4.0,0.0,Glitch,10.0,10.0,3.0,0.0,HLV,1455.0,449.0,1276.0,9.14,7.8,9.0
S240421k,False,87.0,0.0,7.0,6.0,Glitch,6.0,0.0,4.0,3.0,HLV,586.0,171.0,1964.0,8.12,8.0,9.8
S240420dt,False,56.0,44.0,0.0,0.0,Glitch,9.0,9.0,0.0,0.0,HLV,3429.0,1117.0,2859.0,10.64,5.4,5.5
S240420do,False,88.0,0.0,1.0,11.0,Glitch,6.0,0.0,1.0,5.0,HLV,439.0,128.0,1118.0,7.52,7.8,8.9
S240420aw,True,53.0,47.0,0.0,0.0,Glitch,29.0,29.0,0.0,0.0,HLV,8159.0,3567.0,1513.0,11.63,0.3,8.9
S240420av,False,52.0,48.0,0.0,0.0,Glitch,35.0,35.0,0.0,0.0,HLV,3600.0,1951.0,1726.0,10.49,-6.3,22.8
S240420at,False,83.0,17.0,0.0,0.0,Glitch,24.0,24.0,0.0,0.0,HLV,9581.0,6321.0,7190.0,13.14,-2.9,3.0
S240420ap,False,74.0,26.0,0.0,0.0,Glitch,26.0,26.0,0.0,0.0,HLV,9505.0,4653.0,4474.0,12.9,-1.4,5.3
S240420an,False,78.0,22.0,0.0,0.0,Glitch,14.0,14.0,0.0,0.0,HLV,16636.0,5120.0,3383.0,12.76,4.2,5.9
S240420al,False,63.0,37.0,0.0,0.0,Glitch,14.0,14.0,0.0,0.0,HLV,11112.0,3585.0,4868.0,12.38,2.2,4.3
S240420ak,False,13.0,87.0,0.0,0.0,BBH,6.0,6.0,0.0,0.0,HLV,4748.0,1516.0,1485.0,10.78,4.5,6.4
S240420ai,False,34.0,66.0,0.0,0.0,BBH,30.0,30.0,0.0,0.0,HLV,2349.0,955.0,196.0,8.93,-2.6,32.0
S240420ad,False,36.0,61.0,2.0,0.0,BBH,33.0,32.0,6.0,0.0,HLV,1160.0,594.0,1781.0,9.09,-3.8,21.9
S240420u,False,94.0,0.0,3.0,3.0,Glitch,4.0,0.0,2.0,2.0,HLV,567.0,186.0,2015.0,8.16,6.3,6.4
S240420p,False,81.0,18.0,0.0,0.0,Glitch,9.0,9.0,0.0,0.0,HLV,2287.0,684.0,4043.0,10.23,6.9,6.3
S240420c,False,82.0,18.0,0.0,0.0,Glitch,11.0,11.0,0.0,0.0,HLV,16589.0,4559.0,5069.0,12.88,5.6,5.7
S240419cz,False,75.0,1.0,24.0,0.0,Glitch,13.0,2.0,12.0,0.0,HLV,849.0,247.0,1408.0,8.49,8.1,8.9
S240419co,False,96.0,4.0,0.0,0.0,Glitch,3.0,3.0,0.0,0.0,HLV,11671.0,4450.0,4296.0,12.58,3.9,1.9
S240419bz,False,91.0,0.0,3.0,6.0,Glitch,4.0,0.0,2.0,2.0,HLV,527.0,158.0,1491.0,7.9,7.7,8.7
S240419z,False,89.0,0.0,7.0,4.0,Glitch,6.0,0.0,4.0,4.0,HLV,553.0,182.0,1456.0,7.96,7.1,8.4
S240419k,False,92.0,0.0,6.0,2.0,Glitch,6.0,0.0,4.0,2.0,HLV,631.0,227.0,3483.0,8.55,5.2,5.5
S240418es,False,83.0,15.0,1.0,0.0,Glitch,7.0,6.0,2.0,0.0,HLV,1785.0,517.0,2538.0,9.7,6.8,6.4
S240418de,False,61.0,0.0,8.0,31.0,Glitch,15.0,0.0,6.0,13.0,HL,431.0,143.0,1740.0,7.68,5.3,11.7
S240418w,False,88.0,10.0,2.0,0.0,Glitch,7.0,6.0,2.0,0.0,HL,1445.0,485.0,3396.0,9.55,4.3,7.6
S240417ar,False,57.0,40.0,3.0,0.0,Glitch,16.0,16.0,2.0,0.0,HL,1626.0,522.0,2890.0,9.61,5.1,9.9
S240416x,False,86.0,5.0,9.0,0.0,Glitch,8.0,4.0,6.0,0.0,HL,1123.0,395.0,3665.0,9.26,3.8,7.8
S240416v,False,76.0,17.0,7.0,0.0,Glitch,13.0,10.0,5.0,0.0,HL,1260.0,399.0,1822.0,9.09,5.1,9.1
S240416c,False,88.0,0.0,2.0,9.0,Glitch,5.0,0.0,2.0,4.0,HLV,476.0,151.0,1352.0,7.69,7.4,8.7
S240415cg,False,31.0,3.0,66.0,0.0,NSBH,12.0,3.0,11.0,0.0,HLV,845.0,260.0,1875.0,8.65,6.8,10.3
S240414bw,False,94.0,0.0,3.0,3.0,Glitch,3.0,0.0,2.0,2.0,HLV,562.0,167.0,1564.0,7.98,7.6,7.9
S240414bv,False,29.0,71.0,0.0,0.0,BBH,9.0,9.0,0.0,0.0,HLV,4099.0,1211.0,4759.0,11.05,6.5,8.1
S240414bu,False,90.0,0.0,9.0,1.0,Glitch,4.0,0.0,4.0,1.0,HLV,656.0,210.0,1863.0,8.3,6.3,6.6
S240414ar,False,76.0,0.0,1.0,23.0,Glitch,8.0,0.0,1.0,7.0,HLV,366.0,106.0,1153.0,7.29,8.4,11.8
S240414h,False,80.0,20.0,0.0,0.0,Glitch,8.0,8.0,0.0,0.0,HLV,1995.0,618.0,1607.0,9.67,6.6,5.6
S240413dv,False,34.0,65.0,1.0,0.0,BBH,12.0,11.0,1.0,0.0,HLV,2482.0,749.0,5920.0,10.51,6.9,9.1
S240413bt,False,66.0,0.0,30.0,3.0,Glitch,8.0,1.0,7.0,3.0,HLV,631.0,194.0,1407.0,8.12,7.6,10.2
S240413bh,False,93.0,0.0,5.0,2.0,Glitch,6.0,0.0,4.0,2.0,HLV,605.0,183.0,1428.0,8.03,8.5,8.9
S240413aa,False,93.0,0.0,2.0,5.0,Glitch,3.0,0.0,2.0,2.0,HLV,508.0,151.0,1282.0,7.76,7.9,8.3
S240413p,True,0.0,95.0,5.0,0.0,BBH,1.0,4.0,4.0,0.0,HLV,510.0,115.0,38.0,6.17,14.0,91.4
S240413m,False,64.0,5.0,31.0,0.0,Glitch,11.0,5.0,11.0,0.0,HL,935.0,286.0,1766.0,8.68,5.4,10.1
S240413d,False,83.0,17.0,0.0,0.0,Glitch,9.0,9.0,0.0,0.0,HLV,12382.0,3415.0,4827.0,12.47,6.1,5.2
S240412dc,False,71.0,0.0,11.0,17.0,Glitch,9.0,0.0,6.0,7.0,HLV,512.0,153.0,1268.0,7.78,8.1,11.0
S240412cp,False,4.0,96.0,0.0,0.0,BBH,2.0,2.0,0.0,0.0,HLV,6902.0,2171.0,4475.0,11.72,5.8,11.3
S240412cl,False,84.0,0.0,15.0,1.0,Glitch,7.0,1.0,6.0,1.0,HLV,764.0,230.0,2236.0,8.56,7.5,8.2
S240412ce,False,93.0,0.0,0.0,7.0,Glitch,4.0,0.0,1.0,3.0,HLV,406.0,120.0,1185.0,7.45,8.0,8.8
S240412cb,False,67.0,0.0,7.0,27.0,Glitch,10.0,0.0,4.0,7.0,HLV,427.0,149.0,1055.0,7.54,6.9,10.3
S240412bq,False,33.0,2.0,60.0,5.0,NSBH,29.0,4.0,27.0,11.0,HLV,513.0,280.0,4155.0,8.73,-3.1,8.9
S240412bi,False,92.0,8.0,0.0,0.0,Glitch,4.0,4.0,0.0,0.0,HLV,11220.0,3880.0,3649.0,12.33,5.2,3.9
S240412ah,False,86.0,0.0,8.0,6.0,Glitch,7.0,0.0,5.0,4.0,HLV,585.0,167.0,1733.0,8.09,7.9,9.7
S240412ad,False,77.0,0.0,16.0,7.0,Glitch,11.0,0.0,8.0,5.0,HL,580.0,190.0,3520.0,8.34,4.0,9.3
S240412r,False,90.0,10.0,0.0,0.0,Glitch,5.0,5.0,0.0,0.0,HL,5713.0,1724.0,3254.0,11.29,3.5,4.6
S240412g,False,80.0,0.0,1.0,18.0,Glitch,8.0,0.0,1.0,7.0,HLV,427.0,145.0,2054.0,7.82,7.1,9.9
S240411ap,False,2.0,98.0,0.0,0.0,BBH,1.0,1.0,0.0,0.0,HL,5850.0,2007.0,4562.0,11.49,2.6,11.3
S240411ad,False,3.0,1.0,95.0,1.0,NSBH,2.0,1.0,2.0,1.0,HL,685.0,224.0,4682.0,8.67,3.8,14.3
S240411t,False,33.0,67.0,0.0,0.0,BBH,10.0,10.0,0.0,0.0,HL,3848.0,1224.0,4978.0,10.96,4.0,8.6
S240411j,False,34.0,2.0,64.0,0.0,NSBH,11.0,2.0,11.0,0.0,HL,690.0,254.0,2076.0,8.36,2.3,8.3
S240411g,False,82.0,12.0,6.0,0.0,Glitch,11.0,7.0,5.0,0.0,HL,1367.0,439.0,3700.0,9.48,4.0,8.0
S240410ax,False,56.0,0.0,7.0,36.0,Glitch,16.0,0.0,5.0,14.0,HL,444.0,137.0,2032.0,7.76,5.5,12.0
S240410z,False,91.0,0.0,4.0,5.0,Glitch,4.0,0.0,3.0,2.0,HLV,563.0,172.0,2180.0,8.14,7.3,8.5
S240410c,False,2.0,98.0,0.0,0.0,BBH,2.0,2.0,0.0,0.0,LV,2792.0,976.0,16061.0,11.08,1.6,9.5
S240409aa,False,82.0,0.0,6.0,12.0,Glitch,7.0,0.0,4.0,4.0,HLV,508.0,154.0,1357.0,7.81,6.7,8.7
S240409f,False,33.0,67.0,0.0,0.0,BBH,12.0,12.0,0.0,0.0,HLV,5646.0,1955.0,4252.0,11.46,4.8,6.1
S240408bi,False,67.0,10.0,23.0,0.0,Glitch,10.0,7.0,8.0,0.0,HL,1064.0,344.0,2443.0,8.98,5.0,10.1
S240408at,False,49.0,14.0,37.0,0.0,Glitch,12.0,9.0,13.0,0.0,HL,1007.0,308.0,1646.0,8.74,5.8,11.3
S240408r,False,91.0,9.0,0.0,0.0,Glitch,7.0,7.0,0.0,0.0,HLV,16648.0,4714.0,3661.0,12.76,6.1,5.2
S240408o,False,76.0,0.0,1.0,23.0,Glitch,7.0,0.0,1.0,7.0,HL,352.0,122.0,2467.0,7.58,3.8,9.9
S240407ch,False,18.0,16.0,66.0,0.0,NSBH,9.0,10.0,13.0,0.0,HL,945.0,290.0,1739.0,8.67,5.7,13.0
S240407bq,False,46.0,1.0,49.0,5.0,NSBH,22.0,1.0,22.0,8.0,HL,534.0,239.0,5612.0,8.72,-0.9,5.9
S240407as,False,94.0,0.0,5.0,1.0,Glitch,2.0,0.0,2.0,1.0,HLV,714.0,218.0,2387.0,8.5,7.0,6.3
S240407aq,False,62.0,0.0,3.0,35.0,Glitch,15.0,0.0,2.0,14.0,HLV,373.0,119.0,1042.0,7.33,4.4,8.3
S240407ag,False,78.0,4.0,18.0,0.0,Glitch,9.0,4.0,8.0,0.0,HL,953.0,298.0,1579.0,8.66,5.4,9.4
S240407v,False,52.0,48.0,0.0,0.0,Glitch,11.0,11.0,0.0,0.0,HLV,4501.0,1335.0,1638.0,10.73,7.5,7.4
S240407q,False,86.0,0.0,12.0,2.0,Glitch,8.0,0.0,7.0,1.0,HLV,699.0,227.0,4215.0,8.75,4.9,5.8
S240407m,False,11.0,88.0,1.0,0.0,BBH,8.0,7.0,1.0,0.0,HLV,1989.0,578.0,2333.0,9.79,7.8,11.5
S240406bx,False,42.0,1.0,44.0,13.0,NSBH,13.0,1.0,15.0,8.0,HL,539.0,174.0,2057.0,8.01,5.1,12.2
S240406bw,False,59.0,0.0,6.0,35.0,Glitch,9.0,0.0,4.0,7.0,HL,382.0,143.0,2558.0,7.79,1.9,8.5
S240406bu,False,8.0,91.0,1.0,0.0,BBH,7.0,7.0,0.0,0.0,HL,1662.0,587.0,1659.0,9.46,1.4,7.7
S240406ax,False,86.0,0.0,4.0,10.0,Glitch,10.0,0.0,3.0,7.0,HL,455.0,143.0,1330.0,7.61,5.4,9.6
S240406ao,False,66.0,0.0,18.0,16.0,Glitch,17.0,0.0,10.0,11.0,HL,436.0,137.0,947.0,7.49,2.2,7.0
S240406aj,True,0.0,100.0,0.0,0.0,BBH,0.0,0.0,0.0,0.0,HL,2449.0,692.0,1724.0,9.86,6.9,26.7
S240406o,False,69.0,1.0,29.0,1.0,Glitch,11.0,2.0,11.0,2.0,HL,664.0,206.0,1537.0,8.16,5.4,9.7
S240406c,False,93.0,7.0,0.0,0.0,Glitch,4.0,4.0,0.0,0.0,HL,6056.0,1857.0,4074.0,11.48,3.3,4.0
S240405x,False,90.0,0.0,9.0,0.0,Glitch,5.0,1.0,5.0,1.0,HL,708.0,222.0,1927.0,8.37,4.5,6.9
S240405w,False,26.0,0.0,23.0,51.0,BNS,13.0,0.0,10.0,12.0,HL,446.0,146.0,2101.0,7.79,4.7,13.1
S240404aw,False,73.0,0.0,14.0,13.0,Glitch,15.0,0.0,7.0,9.0,HL,477.0,164.0,1911.0,7.87,3.5,8.9
S240404as,False,66.0,34.0,0.0,0.0,Glitch,11.0,11.0,0.0,0.0,HL,4622.0,1468.0,2650.0,10.93,3.6,6.3
S240404al,False,72.0,0.0,24.0,4.0,Glitch,9.0,1.0,8.0,3.0,HL,591.0,201.0,3064.0,8.34,3.5,8.8
S240404t,False,6.0,92.0,1.0,0.0,BBH,7.0,7.0,1.0,0.0,HLV,1822.0,562.0,2501.0,9.73,4.8,9.9
S240404g,False,94.0,6.0,0.0,0.0,Glitch,4.0,4.0,0.0,0.0,HLV,13791.0,3715.0,3297.0,12.47,5.9,3.7
S240404b,False,38.0,2.0,60.0,1.0,NSBH,13.0,3.0,12.0,1.0,HL,764.0,247.0,2688.0,8.58,4.9,10.9
S240116p,False,77.0,0.0,1.0,22.0,Glitch,23.0,0.0,1.0,22.0,HL,148.0,97.0,5236.0,6.99,-0.9,13.9
S240116o,False,3.0,97.0,0.0,0.0,BBH,2.0,2.0,0.0,0.0,HL,6164.0,2219.0,3083.0,11.37,1.8,12.2
S240115ao,False,98.0,0.0,1.0,1.0,Glitch,2.0,0.0,1.0,1.0,HL,602.0,180.0,5635.0,8.66,2.7,1.8
S240115ak,False,79.0,21.0,0.0,0.0,Glitch,7.0,7.0,0.0,0.0,HL,3539.0,1098.0,4608.0,10.82,3.6,6.1
S240115x,False,87.0,5.0,9.0,0.0,Glitch,14.0,5.0,11.0,0.0,HL,1242.0,500.0,16544.0,10.11,-0.8,2.0
S240115q,False,72.0,0.0,12.0,16.0,Glitch,17.0,0.0,16.0,10.0,HL,397.0,193.0,8128.0,8.75,-1.7,4.5
S240115f,False,1.0,99.0,0.0,0.0,BBH,0.0,0.0,0.0,0.0,HL,3782.0,1259.0,2604.0,10.67,1.8,13.1
S240114aj,False,78.0,22.0,0.0,0.0,Glitch,10.0,10.0,0.0,0.0,HL,8576.0,2697.0,5054.0,12.01,3.7,6.3
S240114t,False,50.0,1.0,46.0,3.0,Glitch,12.0,1.0,12.0,3.0,HL,701.0,224.0,5559.0,8.82,4.7,11.3
S240114l,False,48.0,0.0,10.0,42.0,Glitch,15.0,0.0,5.0,13.0,HL,432.0,142.0,2028.0,7.74,4.8,11.8
S240114b,False,77.0,0.0,21.0,1.0,Glitch,7.0,1.0,7.0,1.0,HL,624.0,210.0,2011.0,8.22,4.1,8.4
S240112w,False,80.0,0.0,1.0,19.0,Glitch,13.0,0.0,1.0,12.0,HL,267.0,124.0,3478.0,7.46,1.2,9.1
S240111bd,False,94.0,0.0,6.0,0.0,Glitch,4.0,0.0,4.0,0.0,HL,1164.0,347.0,14185.0,9.85,2.3,3.5
S240111bc,False,1.0,4.0,95.0,0.0,NSBH,1.0,2.0,3.0,0.0,HL,686.0,202.0,1347.0,8.17,3.4,14.3
S240111l,False,29.0,70.0,1.0,0.0,BBH,17.0,17.0,1.0,0.0,HL,1798.0,562.0,1286.0,9.4,5.5,10.5
S240111k,False,22.0,78.0,0.0,0.0,BBH,12.0,12.0,0.0,0.0,HL,6835.0,2302.0,9505.0,12.22,4.6,10.2
S240107b,True,0.0,100.0,0.0,0.0,BBH,0.0,0.0,0.0,0.0,HL,3890.0,1212.0,3961.0,10.83,5.2,17.6
S240104ao,False,46.0,5.0,49.0,0.0,NSBH,13.0,5.0,12.0,0.0,HL,919.0,287.0,2323.0,8.76,5.4,11.0
S240104ah,False,34.0,0.0,19.0,47.0,BNS,15.0,0.0,7.0,12.0,HL,415.0,146.0,1648.0,7.6,3.9,11.6
S240104ae,False,96.0,0.0,1.0,3.0,Glitch,4.0,0.0,1.0,3.0,HL,482.0,148.0,1403.0,7.71,4.9,7.0
S240104ab,False,85.0,15.0,0.0,0.0,Glitch,8.0,8.0,0.0,0.0,HL,7288.0,2131.0,6133.0,11.88,2.6,4.2
S240101s,False,47.0,53.0,0.0,0.0,BBH,11.0,11.0,0.0,0.0,HL,3125.0,1050.0,3715.0,10.6,3.3,7.2
S240101l,False,97.0,0.0,0.0,3.0,Glitch,3.0,0.0,0.0,3.0,HL,488.0,180.0,21412.0,8.84,-0.6,0.3
S231231bh,False,12.0,88.0,0.0,0.0,BBH,6.0,6.0,0.0,0.0,HL,6571.0,2250.0,5752.0,11.74,3.3,9.2
S231231ba,False,73.0,0.0,14.0,13.0,Glitch,20.0,0.0,17.0,13.0,HL,539.0,202.0,11738.0,8.98,-0.8,4.3
S231231ah,False,44.0,0.0,3.0,53.0,BNS,12.0,0.0,3.0,12.0,HL,306.0,87.0,755.0,6.91,3.1,9.9
S231231af,False,1.0,99.0,0.0,0.0,BBH,1.0,1.0,0.0,0.0,HL,4638.0,1647.0,3001.0,10.98,2.4,12.2
S231231z,False,8.0,92.0,0.0,0.0,BBH,4.0,4.0,0.0,0.0,HL,4704.0,1764.0,2131.0,10.96,0.7,6.9
S231230bj,False,98.0,0.0,0.0,2.0,Glitch,4.0,0.0,1.0,3.0,HL,622.0,169.0,23239.0,8.98,1.1,-0.3
S231230as,False,43.0,0.0,34.0,22.0,Glitch,17.0,1.0,12.0,10.0,HL,484.0,152.0,1759.0,7.85,3.6,10.4
S231230ar,False,11.0,89.0,0.0,0.0,BBH,4.0,4.0,0.0,0.0,HL,6146.0,1976.0,4531.0,11.53,4.4,10.2
S231230aj,False,96.0,0.0,1.0,3.0,Glitch,5.0,0.0,2.0,4.0,HL,792.0,211.0,25856.0,9.29,0.3,-0.1
S231230af,False,33.0,67.0,0.0,0.0,BBH,15.0,15.0,0.0,0.0,HL,3070.0,1047.0,1008.0,10.06,2.3,5.7
S231230ab,False,83.0,0.0,1.0,16.0,Glitch,5.0,0.0,1.0,5.0,HL,338.0,115.0,1846.0,7.43,4.0,9.3
S231230u,False,97.0,0.0,0.0,3.0,Glitch,2.0,0.0,0.0,2.0,HL,284.0,91.0,1196.0,6.95,5.2,9.3
S231229bz,False,86.0,0.0,2.0,13.0,Glitch,7.0,0.0,2.0,6.0,HL,426.0,136.0,1747.0,7.66,5.1,9.3
S231229bf,False,56.0,1.0,39.0,4.0,Glitch,13.0,1.0,12.0,3.0,HL,561.0,217.0,3382.0,8.35,2.4,8.6
S231229am,False,77.0,23.0,0.0,0.0,Glitch,8.0,8.0,0.0,0.0,HL,4550.0,1447.0,4380.0,11.13,3.5,6.0
S231229ak,False,95.0,0.0,1.0,4.0,Glitch,4.0,0.0,1.0,3.0,HL,410.0,166.0,4557.0,8.24,0.2,1.9
S231229w,False,66.0,34.0,0.0,0.0,Glitch,13.0,13.0,0.0,0.0,HL,7546.0,2531.0,2995.0,11.65,3.2,6.2
S231229k,False,81.0,0.0,14.0,4.0,Glitch,9.0,1.0,8.0,4.0,HL,553.0,175.0,1615.0,7.95,5.0,9.5
S231229b,False,7.0,93.0,0.0,0.0,BBH,5.0,5.0,0.0,0.0,HL,3239.0,1421.0,9048.0,11.42,-2.2,5.0
S231227x,False,55.0,12.0,32.0,0.0,Glitch,10.0,8.0,9.0,0.0,HL,1075.0,343.0,2755.0,9.04,4.9,10.6
S231227t,False,62.0,38.0,0.0,0.0,Glitch,26.0,26.0,0.0,0.0,HL,1498.0,1318.0,4053.0,10.96,-1.3,3.4
S231227p,False,99.0,0.0,0.0,1.0,Glitch,2.0,0.0,0.0,2.0,HL,208.0,165.0,11657.0,8.3,-1.7,1.6
S231227i,False,98.0,0.0,0.0,2.0,Glitch,3.0,0.0,0.0,2.0,HL,643.0,155.0,27144.0,8.96,0.8,-0.9
S231227e,False,51.0,33.0,16.0,0.0,Glitch,14.0,13.0,9.0,0.0,HL,1231.0,394.0,1996.0,9.08,5.0,10.5
S231226cm,False,98.0,0.0,0.0,2.0,Glitch,2.0,0.0,0.0,2.0,HL,548.0,155.0,13847.0,8.83,2.8,3.3
S231226bs,False,98.0,0.0,0.0,2.0,Glitch,1.0,0.0,0.0,1.0,HL,428.0,136.0,4495.0,8.11,3.3,3.5
S231226av,True,0.0,100.0,0.0,0.0,BBH,0.0,0.0,0.0,0.0,HL,1041.0,235.0,244.0,7.85,12.0,382.6
S231226r,False,71.0,29.0,0.0,0.0,Glitch,23.0,23.0,0.0,0.0,HL,21474.0,6938.0,6694.0,13.37,3.4,9.2
S231224s,False,62.0,0.0,1.0,37.0,Glitch,13.0,0.0,2.0,13.0,HL,305.0,95.0,1630.0,7.2,4.4,11.7
S231224k,False,26.0,1.0,54.0,19.0,NSBH,12.0,1.0,14.0,9.0,HL,551.0,181.0,3487.0,8.26,4.5,12.9
S231224e,True,0.0,96.0,4.0,0.0,BBH,0.0,2.0,2.0,0.0,HL,904.0,237.0,520.0,8.04,7.9,45.1
S231223bm,False,85.0,15.0,0.0,0.0,Glitch,8.0,8.0,0.0,0.0,HL,8259.0,2520.0,2780.0,11.7,4.2,6.0
S231223ay,False,75.0,0.0,4.0,21.0,Glitch,12.0,0.0,3.0,10.0,HL,442.0,135.0,1762.0,7.7,5.5,10.8
S231223ax,False,78.0,0.0,19.0,3.0,Glitch,9.0,1.0,9.0,2.0,HL,621.0,204.0,3312.0,8.43,4.5,9.5
S231223as,False,13.0,87.0,1.0,0.0,BBH,9.0,9.0,1.0,0.0,HL,1798.0,601.0,2005.0,9.59,3.6,9.6
S231223aa,False,6.0,62.0,32.0,0.0,BBH,4.0,8.0,9.0,0.0,HL,1085.0,353.0,1864.0,8.91,4.2,13.4
S231223j,True,0.0,99.0,1.0,0.0,BBH,1.0,1.0,1.0,0.0,HL,1847.0,568.0,3342.0,9.79,5.5,17.6
S231222bk,False,7.0,92.0,0.0,0.0,BBH,6.0,6.0,0.0,0.0,HL,2127.0,680.0,2081.0,9.81,4.1,10.6
S231222bc,False,77.0,0.0,2.0,21.0,Glitch,9.0,0.0,2.0,9.0,HL,433.0,136.0,2535.0,7.81,5.1,10.5
S231222bb,False,51.0,49.0,0.0,0.0,Glitch,21.0,21.0,0.0,0.0,HL,4911.0,1889.0,2277.0,11.09,1.0,4.2
S231222ar,False,45.0,0.0,4.0,51.0,BNS,28.0,0.0,3.0,26.0,HL,185.0,99.0,1492.0,6.48,-3.8,12.8
S231222aq,False,64.0,0.0,6.0,29.0,Glitch,18.0,0.0,5.0,16.0,HL,420.0,127.0,1199.0,7.46,6.0,11.7
S231222i,False,96.0,0.0,4.0,1.0,Glitch,3.0,0.0,3.0,1.0,HL,876.0,245.0,17381.0,9.44,1.2,1.6
S231222a,False,18.0,82.0,0.0,0.0,BBH,11.0,11.0,0.0,0.0,HL,6883.0,2838.0,9050.0,12.36,0.0,6.7
S231221ax,False,3.0,97.0,0.0,0.0,BBH,2.0,2.0,0.0,0.0,HL,5777.0,1908.0,3336.0,11.31,3.3,11.1
S231221ac,False,69.0,0.0,2.0,29.0,Glitch,10.0,0.0,2.0,10.0,HL,346.0,114.0,1088.0,7.18,5.0,10.6
S231221q,False,30.0,0.0,43.0,27.0,NSBH,13.0,1.0,16.0,12.0,HL,537.0,170.0,3293.0,8.2,4.9,13.2
S231220ba,False,56.0,44.0,0.0,0.0,Glitch,14.0,14.0,0.0,0.0,HL,4285.0,1502.0,3684.0,11.03,2.8,6.3
S231220ay,False,73.0,27.0,0.0,0.0,Glitch,11.0,11.0,0.0,0.0,HL,6443.0,1938.0,3735.0,11.5,4.2,6.8
S231220ah,False,71.0,0.0,4.0,25.0,Glitch,10.0,0.0,3.0,8.0,HL,424.0,140.0,2315.0,7.8,4.3,10.0
S231220ae,False,98.0,0.0,2.0,1.0,Glitch,3.0,0.0,3.0,1.0,HL,703.0,217.0,10571.0,9.21,1.5,0.7
S231220aa,False,98.0,0.0,0.0,2.0,Glitch,3.0,0.0,0.0,2.0,HL,518.0,160.0,11473.0,8.81,2.4,2.5
S231217f,False,85.0,0.0,11.0,4.0,Glitch,9.0,1.0,7.0,4.0,HL,546.0,177.0,1800.0,7.99,4.8,9.1
S231216ch,False,95.0,0.0,0.0,5.0,Glitch,2.0,0.0,0.0,2.0,HL,380.0,137.0,3208.0,7.83,3.4,6.5
S231216cc,False,61.0,1.0,34.0,5.0,Glitch,12.0,1.0,13.0,4.0,HL,612.0,189.0,2396.0,8.25,5.3,11.1
S231216by,False,54.0,46.0,0.0,0.0,Glitch,13.0,13.0,0.0,0.0,HL,8348.0,2569.0,5555.0,12.02,3.2,6.7
S231216aj,False,74.0,23.0,3.0,0.0,Glitch,11.0,11.0,2.0,0.0,HL,1627.0,521.0,4945.0,9.85,4.2,8.5
S231216l,False,56.0,44.0,0.0,0.0,Glitch,22.0,22.0,0.0,0.0,HL,13130.0,4251.0,4133.0,12.48,3.7,8.5
S231215ai,False,73.0,1.0,25.0,1.0,Glitch,11.0,1.0,10.0,1.0,HL,685.0,215.0,2100.0,8.36,5.3,9.7
S231215i,False,83.0,0.0,1.0,16.0,Glitch,6.0,0.0,1.0,6.0,HL,338.0,112.0,2326.0,7.53,3.6,9.2
S231215b,False,67.0,32.0,1.0,0.0,Glitch,12.0,12.0,1.0,0.0,HL,1609.0,518.0,1779.0,9.4,4.9,8.7
S231214ar,False,47.0,0.0,22.0,31.0,Glitch,18.0,0.0,17.0,18.0,HL,327.0,192.0,2373.0,7.83,-0.5,7.7
S231214aq,False,74.0,0.0,12.0,14.0,Glitch,11.0,0.0,7.0,7.0,HL,506.0,169.0,2753.0,8.06,4.6,10.5
S231214am,False,69.0,0.0,1.0,30.0,Glitch,21.0,0.0,1.0,20.0,HL,147.0,60.0,340.0,5.61,-0.9,10.0
S231213av,False,1.0,99.0,0.0,0.0,BBH,1.0,1.0,0.0,0.0,HL,3130.0,1115.0,3672.0,10.6,1.1,10.4
S231213ap,True,0.0,100.0,0.0,0.0,BBH,0.0,0.0,0.0,0.0,HL,2863.0,856.0,2106.0,10.15,5.4,22.4
S231212f,False,88.0,0.0,11.0,0.0,Glitch,9.0,0.0,9.0,0.0,HL,1058.0,310.0,19627.0,9.71,0.0,0.9
S231207ag,False,94.0,1.0,6.0,0.0,Glitch,3.0,1.0,3.0,0.0,HL,956.0,319.0,4478.0,9.16,2.9,4.6
S231207w,False,75.0,25.0,0.0,0.0,Glitch,13.0,13.0,0.0,0.0,HL,9856.0,3276.0,3014.0,12.01,2.8,5.6
S231207j,False,76.0,24.0,0.0,0.0,Glitch,11.0,11.0,0.0,0.0,HL,6043.0,2078.0,2595.0,11.34,3.2,5.6
S231207f,False,66.0,0.0,11.0,22.0,Glitch,13.0,0.0,6.0,9.0,HL,452.0,155.0,1878.0,7.76,4.5,10.6
S231206cc,True,0.0,100.0,0.0,0.0,BBH,0.0,0.0,0.0,0.0,HL,1261.0,294.0,445.0,8.38,8.5,134.7
S231206ca,True,0.0,100.0,0.0,0.0,BBH,0.0,0.0,0.0,0.0,HL,3223.0,983.0,1986.0,10.27,5.6,31.2
S231206aa,False,68.0,32.0,0.0,0.0,Glitch,12.0,12.0,0.0,0.0,HL,3721.0,1298.0,3413.0,10.83,2.4,5.1
S231206c,False,31.0,69.0,0.0,0.0,BBH,11.0,11.0,0.0,0.0,HL,4443.0,1516.0,5391.0,11.21,3.9,8.7
S231205ah,False,98.0,0.0,0.0,2.0,Glitch,5.0,0.0,1.0,5.0,HL,676.0,168.0,22801.0,9.04,1.4,-0.6
S231205ac,False,99.0,0.0,0.0,1.0,Glitch,2.0,0.0,0.0,2.0,HL,642.0,147.0,30554.0,8.93,1.0,-1.3
S231205x,False,60.0,40.0,0.0,0.0,Glitch,14.0,14.0,0.0,0.0,HL,9627.0,3064.0,6560.0,12.3,3.4,7.1
S231205v,False,93.0,7.0,0.0,0.0,Glitch,5.0,5.0,0.0,0.0,HL,12891.0,4114.0,4800.0,12.55,2.9,4.6
S231205c,False,39.0,0.0,5.0,56.0,BNS,17.0,0.0,6.0,15.0,HL,273.0,85.0,482.0,6.56,0.9,8.1
S231204cd,False,64.0,36.0,0.0,0.0,Glitch,22.0,22.0,0.0,0.0,HL,13991.0,5020.0,6464.0,12.84,3.5,8.5
S231204cc,False,10.0,90.0,0.0,0.0,BBH,6.0,6.0,0.0,0.0,HL,5316.0,1717.0,1674.0,10.9,5.1,10.6
S231204cb,False,12.0,88.0,0.0,0.0,BBH,13.0,13.0,0.0,0.0,HL,7401.0,2750.0,1739.0,11.5,1.3,12.0
S231204be,False,96.0,0.0,0.0,4.0,Glitch,3.0,0.0,0.0,3.0,HL,282.0,95.0,1894.0,7.18,4.8,9.9
S231204az,False,90.0,10.0,0.0,0.0,Glitch,6.0,6.0,0.0,0.0,HL,9014.0,3357.0,5786.0,12.25,2.8,5.0
S231204at,False,36.0,64.0,0.0,0.0,BBH,14.0,14.0,0.0,0.0,HL,5946.0,2396.0,5851.0,11.74,4.2,9.4
S231204an,False,95.0,4.0,1.0,0.0,Glitch,3.0,3.0,1.0,0.0,HL,1506.0,517.0,3393.0,9.65,3.5,5.3
S231204ak,False,94.0,0.0,0.0,6.0,Glitch,13.0,0.0,0.0,13.0,HL,113.0,55.0,334.0,5.28,-0.8,8.1
S231204p,False,7.0,93.0,0.0,0.0,BBH,4.0,4.0,0.0,0.0,HL,6329.0,2296.0,2065.0,11.33,2.0,10.2
S231204n,False,98.0,0.0,0.0,2.0,Glitch,5.0,0.0,1.0,4.0,HL,608.0,166.0,11170.0,8.95,2.7,0.7
S231204d,False,63.0,0.0,1.0,36.0,Glitch,20.0,0.0,1.0,20.0,HL,210.0,62.0,1144.0,6.59,3.6,13.6
S231129ac,True,6.0,94.0,0.0,0.0,BBH,3.0,3.0,0.0,0.0,HL,5958.0,1935.0,3175.0,11.33,4.4,10.7
S231129o,False,26.0,0.0,8.0,66.0,BNS,19.0,0.0,9.0,19.0,HL,280.0,115.0,2784.0,7.4,-2.2,9.8
S231129k,False,39.0,0.0,14.0,47.0,BNS,13.0,0.0,14.0,13.0,HL,377.0,143.0,2488.0,7.76,0.6,8.4
S231129e,False,24.0,0.0,40.0,36.0,NSBH,12.0,1.0,13.0,12.0,HL,467.0,168.0,2981.0,8.02,2.7,11.4
S231129d,False,24.0,71.0,4.0,0.0,BBH,17.0,19.0,5.0,0.0,HL,895.0,586.0,3900.0,10.04,-2.3,5.6
S231128ab,False,76.0,0.0,1.0,23.0,Glitch,7.0,0.0,1.0,7.0,HL,369.0,123.0,3086.0,7.73,4.5,10.8
S231128z,False,78.0,22.0,0.0,0.0,Glitch,11.0,11.0,0.0,0.0,HL,10299.0,3237.0,7547.0,12.52,3.4,6.4
S231128i,False,1.0,98.0,1.0,0.0,BBH,2.0,2.0,1.0,0.0,HL,1581.0,504.0,1848.0,9.37,3.4,13.9
S231128h,False,50.0,50.0,0.0,0.0,Glitch,24.0,24.0,0.0,0.0,HL,1656.0,1180.0,6582.0,10.91,-0.3,5.0
S231128a,False,33.0,3.0,64.0,0.0,NSBH,12.0,3.0,12.0,1.0,HL,735.0,233.0,1288.0,8.22,5.2,11.0
S231127cp,False,77.0,23.0,0.0,0.0,Glitch,9.0,9.0,0.0,0.0,HL,3226.0,1026.0,3529.0,10.59,4.3,7.0
S231127cg,True,0.0,100.0,0.0,0.0,BBH,0.0,0.0,0.0,0.0,HL,4796.0,1589.0,3284.0,11.04,3.8,16.9
S231127ax,False,72.0,0.0,20.0,8.0,Glitch,13.0,1.0,11.0,6.0,HL,543.0,167.0,1642.0,7.93,5.5,10.7
S231127aj,False,97.0,0.0,2.0,1.0,Glitch,4.0,0.0,3.0,1.0,HL,864.0,236.0,20821.0,9.41,1.1,0.4
S231127ag,False,19.0,81.0,0.0,0.0,BBH,8.0,8.0,0.0,0.0,HL,6385.0,2151.0,4404.0,11.59,2.8,7.8
S231127a,False,80.0,20.0,0.0,0.0,Glitch,10.0,10.0,0.0,0.0,HL,9968.0,3474.0,5590.0,12.32,2.7,5.6
S231126cp,False,96.0,4.0,0.0,0.0,Glitch,3.0,3.0,0.0,0.0,HL,2728.0,938.0,5312.0,10.64,2.5,2.8
S231126ce,False,96.0,0.0,1.0,3.0,Glitch,3.0,0.0,1.0,3.0,HL,483.0,169.0,3551.0,8.15,2.8,4.6
S231126aa,False,97.0,0.0,1.0,2.0,Glitch,3.0,0.0,1.0,2.0,HL,575.0,199.0,9336.0,9.02,1.5,2.3
S231126p,False,89.0,11.0,0.0,0.0,Glitch,10.0,10.0,0.0,0.0,HL,11674.0,4355.0,3663.0,12.41,1.7,3.9
S231126c,False,5.0,95.0,0.0,0.0,BBH,3.0,3.0,0.0,0.0,HL,5407.0,1856.0,3545.0,11.31,3.0,9.6
S231125bo,False,94.0,1.0,5.0,0.0,Glitch,5.0,2.0,4.0,0.0,HL,1162.0,410.0,11385.0,9.94,0.4,1.5
S231124am,False,65.0,0.0,6.0,29.0,Glitch,16.0,0.0,5.0,14.0,HL,445.0,136.0,1790.0,7.72,5.7,11.6
S231124z,False,27.0,73.0,0.0,0.0,BBH,15.0,15.0,0.0,0.0,HL,8008.0,2734.0,2490.0,11.66,2.8,7.8
S231124u,False,25.0,2.0,72.0,1.0,NSBH,12.0,3.0,12.0,1.0,HL,740.0,234.0,1779.0,8.37,5.2,11.5
S231124m,False,97.0,0.0,3.0,0.0,Glitch,2.0,0.0,2.0,0.0,HL,1094.0,350.0,10721.0,9.81,2.8,2.7
S231124l,False,65.0,35.0,0.0,0.0,Glitch,12.0,12.0,0.0,0.0,HL,4624.0,1572.0,3176.0,11.02,4.0,7.1
S231123fc,False,64.0,0.0,15.0,21.0,Glitch,19.0,0.0,15.0,15.0,HL,457.0,179.0,4811.0,8.33,-0.1,6.0
S231123ej,False,7.0,93.0,0.0,0.0,BBH,4.0,4.0,0.0,0.0,HL,6965.0,2492.0,4955.0,11.76,1.8,9.6
S231123dz,False,58.0,42.0,0.0,0.0,Glitch,12.0,12.0,0.0,0.0,HL,4856.0,1540.0,3326.0,11.09,4.3,7.6
S231123cu,False,66.0,0.0,2.0,32.0,Glitch,25.0,0.0,2.0,24.0,HL,138.0,49.0,419.0,5.65,-4.4,11.5
S231123ch,False,74.0,0.0,1.0,25.0,Glitch,9.0,0.0,1.0,8.0,HL,317.0,105.0,1650.0,7.24,4.1,10.5
S231123cg,True,0.0,100.0,0.0,0.0,BBH,0.0,0.0,0.0,0.0,HL,1148.0,338.0,2714.0,9.08,8.6,120.3
S231123cf,False,99.0,0.0,0.0,1.0,Glitch,2.0,0.0,0.0,2.0,HL,479.0,165.0,16579.0,8.77,1.3,0.3
S231123cb,False,99.0,0.0,0.0,1.0,Glitch,2.0,0.0,0.0,2.0,HL,560.0,152.0,20666.0,8.84,1.2,-0.3
S231123ab,False,81.0,0.0,1.0,18.0,Glitch,12.0,0.0,1.0,12.0,HL,235.0,101.0,1870.0,7.1,1.5,9.4
S231121s,False,67.0,0.0,4.0,29.0,Glitch,13.0,0.0,4.0,12.0,HL,438.0,136.0,2132.0,7.75,5.3,11.3
S231121h,False,50.0,1.0,47.0,2.0,Glitch,14.0,2.0,14.0,3.0,HL,667.0,208.0,2559.0,8.38,5.4,11.4
S231120bg,False,98.0,0.0,1.0,1.0,Glitch,3.0,0.0,1.0,2.0,HL,684.0,191.0,13659.0,9.12,2.7,1.8
S231120aw,False,74.0,0.0,1.0,24.0,Glitch,8.0,0.0,1.0,7.0,HL,349.0,111.0,1661.0,7.36,5.0,10.9
S231120ao,False,86.0,0.0,7.0,7.0,Glitch,11.0,0.0,6.0,6.0,HL,497.0,155.0,1362.0,7.73,5.3,9.5
S231120l,False,70.0,30.0,0.0,0.0,Glitch,11.0,11.0,0.0,0.0,HL,7972.0,2431.0,6856.0,12.09,3.7,6.6
S231120h,False,97.0,0.0,0.0,3.0,Glitch,1.0,0.0,0.0,1.0,HL,323.0,110.0,2547.0,7.49,4.0,7.5
S231120e,False,3.0,60.0,37.0,0.0,BBH,2.0,11.0,11.0,0.0,HL,1155.0,370.0,3146.0,9.16,4.8,16.0
S231119as,False,61.0,0.0,9.0,30.0,Glitch,13.0,0.0,4.0,11.0,HL,479.0,160.0,3988.0,8.19,3.9,10.5
S231119u,True,19.0,81.0,0.0,0.0,BBH,8.0,8.0,0.0,0.0,HL,8237.0,2603.0,4240.0,11.88,4.5,10.0
S231118at,False,88.0,0.0,2.0,10.0,Glitch,7.0,0.0,2.0,6.0,HL,478.0,170.0,5694.0,8.4,2.3,6.3
S231118an,True,0.0,99.0,1.0,0.0,BBH,0.0,1.0,1.0,0.0,HL,1396.0,377.0,1048.0,8.93,7.7,27.6
S231118ab,True,1.0,99.0,0.0,0.0,BBH,1.0,1.0,0.0,0.0,HL,4531.0,1498.0,3197.0,10.99,3.9,14.3
S231118i,False,92.0,0.0,6.0,1.0,Glitch,4.0,0.0,3.0,1.0,HL,646.0,227.0,7947.0,9.06,2.6,6.0
S231118h,False,98.0,0.0,0.0,2.0,Glitch,4.0,0.0,1.0,3.0,HL,553.0,215.0,18217.0,9.04,0.7,-0.1
S231118g,False,97.0,0.0,0.0,3.0,Glitch,2.0,0.0,0.0,2.0,HL,433.0,178.0,6417.0,8.45,2.0,3.8
S231118d,True,0.0,100.0,0.0,0.0,BBH,0.0,0.0,0.0,0.0,HL,2352.0,681.0,1063.0,9.6,6.8,23.0
S231118b,False,85.0,0.0,7.0,8.0,Glitch,15.0,0.0,10.0,11.0,HL,653.0,211.0,17820.0,9.14,-0.8,1.9
S231117ba,False,50.0,5.0,45.0,0.0,Glitch,12.0,5.0,12.0,0.0,HL,898.0,277.0,1827.0,8.63,5.3,10.6
S231117ax,False,9.0,77.0,14.0,0.0,BBH,6.0,12.0,8.0,0.0,HL,1386.0,428.0,2362.0,9.29,5.5,13.6
S231117ao,False,85.0,0.0,3.0,12.0,Glitch,8.0,0.0,3.0,7.0,HL,453.0,140.0,1761.0,7.74,5.3,9.7
S231117ad,False,1.0,99.0,0.0,0.0,BBH,1.0,1.0,0.0,0.0,HL,5659.0,1981.0,4955.0,11.46,2.2,13.9
S231117y,False,59.0,0.0,4.0,37.0,Glitch,10.0,0.0,3.0,9.0,HL,421.0,137.0,3018.0,7.9,4.1,10.6
S231117o,False,80.0,5.0,15.0,0.0,Glitch,8.0,5.0,7.0,0.0,HL,1058.0,332.0,2202.0,8.95,5.3,9.5
S231114aq,False,11.0,88.0,1.0,0.0,BBH,10.0,10.0,1.0,0.0,HL,1744.0,708.0,8314.0,10.56,-0.4,6.6
S231114n,True,0.0,100.0,0.0,0.0,BBH,0.0,0.0,0.0,0.0,HL,1965.0,576.0,1508.0,9.53,6.2,19.6
S231113ce,False,89.0,5.0,6.0,0.0,Glitch,13.0,5.0,10.0,0.0,HL,1362.0,562.0,19625.0,10.25,-1.1,1.0
S231113bw,True,0.0,98.0,2.0,0.0,BBH,0.0,1.0,1.0,0.0,HL,1431.0,426.0,1499.0,9.11,5.9,20.0
S231113bs,False,49.0,0.0,3.0,47.0,Glitch,28.0,0.0,3.0,26.0,HL,135.0,129.0,4259.0,7.91,-3.3,12.9
S231113bo,False,75.0,0.0,1.0,24.0,Glitch,11.0,0.0,1.0,11.0,HL,341.0,120.0,4641.0,7.85,2.5,9.6
S231113bm,False,14.0,86.0,0.0,0.0,BBH,6.0,6.0,0.0,0.0,HL,5191.0,1667.0,4186.0,11.27,3.9,9.1
S231113bb,True,10.0,90.0,0.0,0.0,BBH,4.0,4.0,0.0,0.0,HL,4900.0,1642.0,2716.0,11.1,3.2,8.5
S231113az,False,64.0,36.0,0.0,0.0,Glitch,24.0,24.0,0.0,0.0,HL,6736.0,2912.0,1266.0,11.25,0.3,3.7
S231113af,False,95.0,0.0,2.0,3.0,Glitch,6.0,0.0,2.0,5.0,HL,782.0,207.0,22188.0,9.26,0.3,-0.0
S231113ac,False,98.0,0.0,0.0,2.0,Glitch,3.0,0.0,1.0,2.0,HL,636.0,183.0,14222.0,9.04,2.3,1.7
S231113aa,False,22.0,78.0,0.0,0.0,BBH,13.0,13.0,0.0,0.0,HL,3338.0,2842.0,4395.0,11.58,-1.5,6.6
S231113y,False,75.0,25.0,0.0,0.0,Glitch,10.0,10.0,0.0,0.0,HL,7112.0,2462.0,7485.0,12.05,3.4,6.5
S231113c,False,84.0,0.0,3.0,13.0,Glitch,8.0,0.0,3.0,7.0,HL,467.0,144.0,2211.0,7.88,5.1,9.7
S231112bi,False,83.0,17.0,0.0,0.0,Glitch,7.0,7.0,0.0,0.0,HL,4744.0,1624.0,4368.0,11.24,3.3,5.6
S231112bh,False,29.0,70.0,2.0,0.0,BBH,14.0,14.0,2.0,0.0,HL,1760.0,560.0,2646.0,9.69,5.0,10.6
S231112aw,False,56.0,2.0,42.0,0.0,Glitch,14.0,3.0,13.0,1.0,HL,835.0,263.0,2345.0,8.65,5.1,10.1
S231112as,False,47.0,52.0,1.0,0.0,BBH,17.0,17.0,1.0,0.0,HL,1537.0,590.0,2262.0,9.57,1.1,5.0
S231112al,False,74.0,26.0,0.0,0.0,Glitch,10.0,10.0,0.0,0.0,HL,7785.0,2485.0,5303.0,11.92,3.5,6.2
S231112ag,True,20.0,80.0,0.0,0.0,BBH,25.0,25.0,0.0,0.0,HL,4783.0,1676.0,1072.0,10.66,-2.8,21.2
S231112z,False,10.0,2.0,87.0,1.0,NSBH,6.0,2.0,6.0,2.0,HL,703.0,221.0,2671.0,8.47,5.1,13.3
S231112v,False,54.0,0.0,18.0,27.0,Glitch,15.0,0.0,10.0,11.0,HL,471.0,148.0,1667.0,7.74,5.3,11.9
S231112j,False,98.0,0.0,0.0,2.0,Glitch,2.0,0.0,0.0,2.0,HL,519.0,176.0,25133.0,8.87,-0.3,-0.1
S231111ay,False,40.0,8.0,53.0,0.0,NSBH,11.0,6.0,10.0,0.0,HL,921.0,293.0,2036.0,8.7,4.9,10.9
S231111as,False,81.0,0.0,6.0,12.0,Glitch,11.0,0.0,5.0,8.0,HL,486.0,150.0,1902.0,7.85,5.3,10.2
S231111aq,False,54.0,0.0,36.0,9.0,Glitch,12.0,1.0,11.0,6.0,HL,546.0,176.0,1975.0,8.02,4.7,11.0
S231111am,False,53.0,9.0,39.0,0.0,Glitch,10.0,6.0,8.0,0.0,HL,965.0,314.0,2204.0,8.81,4.6,10.1
S231111ak,False,46.0,0.0,35.0,18.0,Glitch,17.0,1.0,16.0,13.0,HL,429.0,153.0,1189.0,7.56,1.0,7.3
S231111z,False,39.0,13.0,48.0,0.0,NSBH,16.0,13.0,14.0,0.0,HL,936.0,358.0,6932.0,9.44,-0.5,6.1
S231110az,False,30.0,70.0,0.0,0.0,BBH,22.0,22.0,0.0,0.0,HL,11785.0,4122.0,6258.0,12.55,1.7,9.6
S231110au,False,70.0,7.0,22.0,0.0,Glitch,10.0,5.0,9.0,0.0,HL,993.0,316.0,1751.0,8.76,5.1,9.7
S231110am,False,51.0,49.0,0.0,0.0,Glitch,19.0,19.0,0.0,0.0,HL,10650.0,3320.0,5524.0,12.33,2.5,6.7
S231110al,False,56.0,44.0,0.0,0.0,Glitch,14.0,14.0,0.0,0.0,HL,7018.0,2216.0,4233.0,11.68,3.3,6.6
S231110g,True,0.0,100.0,0.0,0.0,BBH,0.0,0.0,0.0,0.0,HL,1949.0,542.0,1095.0,9.38,6.8,28.2
S231110a,False,80.0,0.0,17.0,3.0,Glitch,10.0,1.0,9.0,2.0,HL,614.0,191.0,2284.0,8.24,5.0,9.6
S231109ci,False,60.0,0.0,1.0,39.0,Glitch,23.0,0.0,1.0,22.0,HL,178.0,49.0,518.0,5.99,2.3,13.0
S231109ch,False,24.0,74.0,2.0,0.0,BBH,12.0,11.0,1.0,0.0,HL,1580.0,510.0,2025.0,9.53,3.6,9.1
S231109cb,False,76.0,0.0,1.0,23.0,Glitch,26.0,0.0,1.0,25.0,HL,103.0,32.0,235.0,4.92,-1.5,13.9
S231109br,False,98.0,0.0,1.0,1.0,Glitch,2.0,0.0,1.0,1.0,HL,676.0,205.0,12547.0,9.15,2.9,2.6
S231109bp,False,81.0,19.0,0.0,0.0,Glitch,8.0,8.0,0.0,0.0,HL,4163.0,1330.0,4474.0,11.02,3.5,5.8
S231109bo,False,89.0,2.0,9.0,0.0,Glitch,9.0,2.0,8.0,0.0,HL,816.0,504.0,14534.0,9.87,-1.5,2.3
S231109bj,False,96.0,2.0,2.0,0.0,Glitch,3.0,2.0,2.0,0.0,HL,1233.0,455.0,5495.0,9.65,2.2,3.8
S231109bh,False,83.0,17.0,0.0,0.0,Glitch,11.0,11.0,0.0,0.0,HL,12848.0,3825.0,4812.0,12.51,3.7,6.3
S231109av,False,93.0,0.0,3.0,3.0,Glitch,6.0,0.0,3.0,3.0,HL,549.0,175.0,2893.0,8.2,4.3,7.5
S231109ap,False,1.0,1.0,90.0,8.0,NSBH,1.0,1.0,7.0,6.0,HL,502.0,157.0,3377.0,8.11,3.6,21.8
S231109ab,False,98.0,0.0,0.0,2.0,Glitch,2.0,0.0,1.0,2.0,HL,555.0,164.0,4657.0,8.43,3.4,2.9
S231109y,False,96.0,1.0,3.0,0.0,Glitch,3.0,1.0,3.0,0.0,HL,1555.0,421.0,22743.0,10.17,0.6,0.1
S231109o,False,79.0,0.0,14.0,8.0,Glitch,14.0,0.0,9.0,6.0,HL,504.0,183.0,3144.0,8.24,1.7,6.2
S231108ab,False,97.0,0.0,0.0,2.0,Glitch,4.0,0.0,1.0,3.0,HL,611.0,192.0,20480.0,9.04,0.5,0.1
S231108aa,False,49.0,51.0,0.0,0.0,BBH,14.0,14.0,0.0,0.0,HL,5401.0,1892.0,4314.0,11.4,3.1,6.9
S231108x,False,89.0,11.0,0.0,0.0,Glitch,6.0,6.0,0.0,0.0,HL,4415.0,1373.0,2458.0,10.84,4.5,6.0
S231108u,True,0.0,100.0,0.0,0.0,BBH,0.0,0.0,0.0,0.0,HL,2240.0,592.0,1121.0,9.54,8.0,40.3
S231108l,False,84.0,0.0,10.0,6.0,Glitch,11.0,0.0,8.0,5.0,HL,542.0,169.0,2161.0,8.05,5.3,10.0
S231107v,False,52.0,48.0,0.0,0.0,Glitch,12.0,12.0,0.0,0.0,HL,5420.0,1780.0,2744.0,11.17,3.6,7.0
S231107q,False,87.0,0.0,1.0,11.0,Glitch,7.0,0.0,1.0,6.0,HL,416.0,130.0,1676.0,7.6,5.3,9.2
S231107i,False,94.0,6.0,0.0,0.0,Glitch,6.0,6.0,0.0,0.0,HL,21439.0,6533.0,7003.0,13.38,3.7,6.1
S231107d,False,90.0,0.0,2.0,8.0,Glitch,6.0,0.0,2.0,5.0,HL,469.0,145.0,2022.0,7.84,5.1,8.9
S231107a,False,98.0,0.0,0.0,2.0,Glitch,4.0,0.0,1.0,3.0,HL,485.0,181.0,7638.0,8.71,2.1,1.2
S231106bu,False,90.0,0.0,0.0,9.0,Glitch,4.0,0.0,0.0,4.0,HL,299.0,100.0,1631.0,7.21,4.6,10.1
S231106bg,False,94.0,0.0,6.0,0.0,Glitch,5.0,0.0,5.0,0.0,HL,1031.0,288.0,18490.0,9.65,0.7,0.3
S231106aw,False,29.0,62.0,10.0,0.0,BBH,12.0,11.0,5.0,0.0,HL,1323.0,431.0,1896.0,9.17,4.5,10.6
S231106ak,False,68.0,32.0,0.0,0.0,Glitch,18.0,18.0,0.0,0.0,HL,11484.0,3665.0,4720.0,12.35,2.1,5.6
S231106y,False,80.0,0.0,1.0,19.0,Glitch,6.0,0.0,1.0,6.0,HL,338.0,110.0,1764.0,7.42,4.2,9.9
S231106r,False,80.0,16.0,5.0,0.0,Glitch,11.0,9.0,3.0,0.0,HL,1482.0,487.0,4839.0,9.73,4.4,8.7
S231106k,False,64.0,36.0,0.0,0.0,Glitch,20.0,20.0,0.0,0.0,HL,3143.0,1205.0,1416.0,10.29,1.3,3.7
S231106f,False,85.0,0.0,1.0,14.0,Glitch,7.0,0.0,1.0,7.0,HL,399.0,123.0,1505.0,7.5,5.4,9.6
S231106d,False,21.0,44.0,35.0,0.0,BBH,16.0,22.0,22.0,0.0,HL,616.0,563.0,4393.0,9.25,-2.2,9.1
S231104az,False,50.0,1.0,46.0,3.0,Glitch,12.0,2.0,13.0,3.0,HL,624.0,193.0,2003.0,8.2,5.3,11.2
S231104aq,False,84.0,0.0,2.0,15.0,Glitch,9.0,0.0,2.0,8.0,HL,411.0,128.0,1552.0,7.55,5.5,9.8
S231104ac,True,0.0,99.0,1.0,0.0,BBH,0.0,1.0,1.0,0.0,HL,1388.0,369.0,922.0,8.85,8.3,33.6
S231104s,False,96.0,0.0,0.0,3.0,Glitch,2.0,0.0,0.0,2.0,HL,529.0,162.0,12933.0,8.84,2.5,4.4
S231104o,False,63.0,0.0,28.0,9.0,Glitch,12.0,1.0,11.0,6.0,HL,548.0,175.0,1962.0,8.02,5.0,10.9
S231104l,False,56.0,44.0,0.0,0.0,Glitch,14.0,14.0,0.0,0.0,HL,4530.0,1486.0,3863.0,11.1,2.5,5.6
S231104j,False,78.0,0.0,2.0,20.0,Glitch,9.0,0.0,2.0,8.0,HL,419.0,136.0,2048.0,7.69,4.9,10.1
S231103aa,False,24.0,76.0,0.0,0.0,BBH,11.0,11.0,0.0,0.0,HL,5443.0,2300.0,1940.0,11.16,0.1,5.6
S231103y,False,51.0,23.0,26.0,0.0,Glitch,11.0,11.0,9.0,0.0,HL,1166.0,385.0,3055.0,9.19,4.6,10.6
S231103n,False,88.0,0.0,2.0,10.0,Glitch,6.0,0.0,1.0,5.0,HL,433.0,136.0,1800.0,7.67,5.1,9.0
S231102ce,False,12.0,88.0,0.0,0.0,BBH,6.0,6.0,0.0,0.0,HL,3594.0,1176.0,1589.0,10.38,4.7,9.9
S231102bh,False,0.0,100.0,0.0,0.0,BBH,0.0,0.0,0.0,0.0,HL,5796.0,1846.0,8101.0,11.98,5.7,20.4
S231102av,False,68.0,0.0,21.0,11.0,Glitch,14.0,1.0,12.0,7.0,HL,528.0,162.0,1769.0,7.92,5.5,11.3
S231102w,True,0.0,100.0,0.0,0.0,BBH,0.0,0.0,0.0,0.0,HL,4123.0,1317.0,2555.0,10.72,6.8,60.0
S231102i,False,98.0,0.0,1.0,1.0,Glitch,3.0,0.0,2.0,2.0,HL,687.0,193.0,13914.0,9.13,1.8,0.5
S231030aw,False,85.0,0.0,9.0,6.0,Glitch,9.0,0.0,6.0,4.0,HL,542.0,184.0,3313.0,8.26,4.4,9.5
S231030av,True,93.0,0.0,0.0,7.0,Glitch,16.0,0.0,1.0,16.0,HL,66.0,42.0,3026.0,6.04,-1.6,14.9
S231030ad,False,88.0,0.0,2.0,10.0,Glitch,8.0,0.0,3.0,6.0,HL,430.0,152.0,7907.0,8.59,0.7,4.4
S231030v,False,96.0,0.0,0.0,4.0,Glitch,5.0,0.0,0.0,5.0,HL,306.0,122.0,6395.0,8.05,-0.4,2.9
S231030t,False,98.0,0.0,0.0,2.0,Glitch,5.0,0.0,1.0,4.0,HL,621.0,174.0,13232.0,8.99,2.3,0.3
S231029bh,False,32.0,54.0,14.0,0.0,BBH,13.0,15.0,8.0,0.0,HL,1324.0,422.0,2203.0,9.21,5.1,11.4
S231029bd,False,94.0,0.0,1.0,5.0,Glitch,4.0,0.0,1.0,3.0,HL,538.0,162.0,17818.0,8.85,-0.2,1.3
S231029bc,False,69.0,0.0,1.0,29.0,Glitch,9.0,0.0,2.0,9.0,HL,365.0,120.0,2536.0,7.61,4.8,11.5
S231029ba,False,73.0,27.0,0.0,0.0,Glitch,11.0,11.0,0.0,0.0,HL,4599.0,1551.0,2207.0,10.87,3.7,6.2
S231029at,False,47.0,53.0,0.0,0.0,BBH,18.0,18.0,0.0,0.0,HL,6196.0,2441.0,6650.0,11.98,1.3,5.4
S231029ai,False,96.0,0.0,1.0,2.0,Glitch,5.0,0.0,2.0,3.0,HL,787.0,220.0,24271.0,9.3,0.4,-0.4
S231029aa,False,20.0,7.0,74.0,0.0,NSBH,8.0,4.0,8.0,0.0,HL,779.0,289.0,2537.0,8.74,2.8,10.2
S231029n,False,89.0,0.0,10.0,0.0,Glitch,5.0,1.0,5.0,1.0,HL,820.0,260.0,6800.0,9.12,4.0,7.0
S231029k,False,99.0,0.0,0.0,1.0,Glitch,3.0,0.0,0.0,3.0,HL,571.0,148.0,14969.0,8.84,2.4,-0.2
S231029e,False,97.0,0.0,0.0,2.0,Glitch,5.0,0.0,1.0,4.0,HL,610.0,163.0,13176.0,8.95,2.1,1.1
S231028br,False,83.0,16.0,1.0,0.0,Glitch,14.0,13.0,2.0,0.0,HL,1267.0,664.0,7186.0,10.32,-0.5,2.4
S231028bg,True,0.0,100.0,0.0,0.0,BBH,0.0,0.0,0.0,0.0,HL,3695.0,945.0,1179.0,10.15,9.2,131.2
S231028bd,False,77.0,0.0,2.0,21.0,Glitch,9.0,0.0,2.0,8.0,HL,424.0,139.0,2823.0,7.85,5.0,10.6
S231028aw,False,98.0,0.0,0.0,2.0,Glitch,4.0,0.0,1.0,4.0,HL,522.0,159.0,6068.0,8.54,2.8,1.2
S231028ai,False,65.0,0.0,6.0,29.0,Glitch,12.0,0.0,6.0,9.0,HL,409.0,140.0,2745.0,7.84,1.3,7.2
S231028r,False,98.0,0.0,0.0,2.0,Glitch,3.0,0.0,0.0,3.0,HL,621.0,161.0,25966.0,8.95,0.8,-0.8
S231027bk,False,98.0,0.0,0.0,2.0,Glitch,4.0,0.0,1.0,3.0,HL,562.0,157.0,12406.0,8.86,2.2,1.2
S231027am,False,75.0,0.0,10.0,14.0,Glitch,12.0,0.0,7.0,8.0,HL,491.0,155.0,1983.0,7.87,5.1,10.6
S231027k,False,79.0,0.0,3.0,18.0,Glitch,9.0,0.0,3.0,8.0,HL,446.0,143.0,2245.0,7.81,4.9,10.1
S231026ag,False,1.0,2.0,96.0,0.0,NSBH,1.0,2.0,2.0,0.0,HL,649.0,246.0,3684.0,8.56,2.0,13.9
S231026ab,False,14.0,86.0,0.0,0.0,BBH,7.0,7.0,0.0,0.0,HL,3901.0,1215.0,2276.0,10.63,5.0,10.2
S231026z,False,97.0,0.0,0.0,3.0,Glitch,4.0,0.0,1.0,3.0,HL,415.0,221.0,18884.0,8.88,-0.9,0.6
S231026p,False,77.0,0.0,15.0,8.0,Glitch,13.0,0.0,7.0,7.0,HL,522.0,174.0,2627.0,8.2,3.6,8.7
S231026n,False,96.0,0.0,1.0,3.0,Glitch,4.0,0.0,1.0,3.0,HL,642.0,179.0,20814.0,9.03,0.5,0.5
S231026f,False,76.0,24.0,0.0,0.0,Glitch,10.0,10.0,0.0,0.0,HL,4549.0,1485.0,3344.0,11.02,4.1,6.6
S231025az,False,99.0,0.0,0.0,1.0,Glitch,2.0,0.0,0.0,2.0,HL,478.0,185.0,27362.0,8.84,-0.3,-0.9
S231025ay,False,97.0,0.0,0.0,3.0,Glitch,2.0,0.0,0.0,2.0,HL,457.0,162.0,8667.0,8.73,3.5,5.6
S231025aw,False,97.0,0.0,3.0,0.0,Glitch,3.0,0.0,2.0,0.0,HL,726.0,255.0,7625.0,9.16,1.9,2.2
S231025ap,False,7.0,93.0,0.0,0.0,BBH,4.0,4.0,0.0,0.0,HL,4394.0,1526.0,4584.0,11.16,3.2,9.4
S231025ag,False,12.0,81.0,7.0,0.0,BBH,8.0,9.0,3.0,0.0,HL,1441.0,481.0,2486.0,9.37,4.4,11.8
S231025t,False,98.0,0.0,1.0,1.0,Glitch,3.0,0.0,2.0,1.0,HL,675.0,184.0,4861.0,8.69,3.3,2.0
S231025r,False,92.0,0.0,1.0,7.0,Glitch,5.0,0.0,1.0,5.0,HL,440.0,152.0,6822.0,8.39,0.7,3.4
S231025k,False,49.0,36.0,15.0,0.0,Glitch,19.0,13.0,10.0,0.0,HL,1153.0,410.0,2533.0,9.24,2.7,8.3
S231025e,False,4.0,0.0,18.0,77.0,BNS,3.0,0.0,11.0,11.0,HL,352.0,128.0,1676.0,7.38,3.2,15.7
S231025c,False,97.0,0.0,0.0,3.0,Glitch,1.0,0.0,0.0,1.0,HL,483.0,153.0,11551.0,8.74,3.2,5.4
S231025a,False,85.0,0.0,2.0,13.0,Glitch,11.0,0.0,3.0,10.0,HL,233.0,135.0,2254.0,8.03,-1.4,4.1
S231024d,False,30.0,70.0,0.0,0.0,BBH,20.0,20.0,0.0,0.0,HL,8078.0,2721.0,1275.0,11.42,1.1,7.1
S231022bl,False,91.0,0.0,4.0,5.0,Glitch,10.0,0.0,5.0,7.0,HL,671.0,234.0,19884.0,9.22,-0.8,0.8
S231022bk,False,98.0,0.0,0.0,2.0,Glitch,6.0,0.0,1.0,5.0,HL,609.0,170.0,13643.0,8.97,2.3,0.6
S231022bd,False,73.0,0.0,21.0,7.0,Glitch,11.0,0.0,8.0,5.0,HL,525.0,175.0,2096.0,8.11,3.8,9.0
S231022al,False,59.0,9.0,32.0,0.0,Glitch,11.0,6.0,9.0,0.0,HL,946.0,333.0,2209.0,8.84,4.2,9.7
S231021az,False,4.0,3.0,93.0,0.0,NSBH,4.0,3.0,5.0,0.0,HL,644.0,253.0,3204.0,8.41,0.1,10.7
S231021w,False,69.0,1.0,29.0,1.0,Glitch,9.0,1.0,9.0,1.0,HL,663.0,223.0,1891.0,8.29,4.5,9.0
S231021n,False,53.0,0.0,2.0,45.0,Glitch,14.0,0.0,2.0,13.0,HL,312.0,102.0,2364.0,7.42,3.2,11.4
S231020bw,True,9.0,91.0,0.0,0.0,BBH,11.0,11.0,0.0,0.0,HL,2868.0,924.0,888.0,9.88,-3.3,33.8
S231020br,False,98.0,0.0,1.0,2.0,Glitch,3.0,0.0,1.0,2.0,HL,621.0,176.0,10833.0,9.0,2.3,1.6
S231020bk,False,85.0,15.0,0.0,0.0,Glitch,7.0,7.0,0.0,0.0,HL,4596.0,1519.0,3250.0,11.04,3.1,4.9
S231020bg,False,79.0,0.0,19.0,2.0,Glitch,14.0,1.0,13.0,3.0,HL,390.0,324.0,7418.0,9.16,-2.3,3.4
S231020ba,True,0.0,98.0,2.0,0.0,BBH,1.0,2.0,1.0,0.0,HL,1111.0,404.0,1444.0,8.79,3.4,28.3
S231020ar,False,89.0,0.0,4.0,7.0,Glitch,10.0,0.0,6.0,6.0,HL,559.0,171.0,9351.0,8.9,0.5,2.6
S231020aj,False,82.0,18.0,0.0,0.0,Glitch,7.0,7.0,0.0,0.0,HL,4495.0,1351.0,2594.0,10.89,3.4,5.0
S231020q,False,47.0,10.0,42.0,0.0,Glitch,13.0,7.0,11.0,0.0,HL,1113.0,374.0,6580.0,9.54,4.0,10.5
S231020a,False,29.0,1.0,69.0,1.0,NSBH,9.0,2.0,9.0,2.0,HL,664.0,220.0,2256.0,8.35,4.4,11.0
S231019cd,False,84.0,8.0,8.0,0.0,Glitch,17.0,8.0,10.0,0.0,HL,1201.0,444.0,7726.0,9.94,0.2,3.0
S231019ak,False,97.0,0.0,2.0,1.0,Glitch,3.0,0.0,3.0,1.0,HL,882.0,221.0,16682.0,9.39,1.5,0.7
S231019aa,False,84.0,16.0,0.0,0.0,Glitch,8.0,8.0,0.0,0.0,HL,7122.0,2331.0,5536.0,11.84,3.3,5.4
S231018cb,False,12.0,88.0,0.0,0.0,BBH,12.0,12.0,0.0,0.0,HL,837.0,217.0,156.0,7.26,-3.4,121.6
S231018by,False,12.0,86.0,1.0,0.0,BBH,9.0,9.0,1.0,0.0,HL,1687.0,528.0,1703.0,9.43,4.8,11.1
S231018bi,False,83.0,17.0,0.0,0.0,Glitch,8.0,8.0,0.0,0.0,HL,4834.0,1448.0,2660.0,10.99,4.5,6.3
S231018bh,False,89.0,11.0,0.0,0.0,Glitch,5.0,5.0,0.0,0.0,HL,5245.0,1684.0,3475.0,11.23,3.4,4.8
S231018ax,False,98.0,0.0,0.0,2.0,Glitch,3.0,0.0,1.0,3.0,HL,506.0,165.0,5986.0,8.51,2.9,2.2
S231018at,False,87.0,0.0,13.0,0.0,Glitch,7.0,1.0,7.0,0.0,HL,758.0,285.0,3844.0,8.86,2.8,5.7
S231018v,False,84.0,0.0,7.0,9.0,Glitch,13.0,0.0,9.0,9.0,HL,487.0,189.0,7855.0,8.87,0.4,4.4
S231017bs,False,94.0,6.0,0.0,0.0,Glitch,3.0,3.0,0.0,0.0,HL,7309.0,2521.0,3126.0,11.68,3.2,4.1
S231017bj,False,84.0,1.0,16.0,0.0,Glitch,9.0,1.0,9.0,0.0,HL,816.0,312.0,7087.0,9.33,0.8,3.5
S231017ar,False,76.0,24.0,0.0,0.0,Glitch,12.0,12.0,0.0,0.0,HL,9682.0,2983.0,3201.0,11.98,3.7,6.3
S231017z,False,98.0,0.0,1.0,1.0,Glitch,2.0,0.0,1.0,1.0,HL,592.0,189.0,8748.0,9.0,2.5,1.8
S231017x,False,88.0,0.0,1.0,11.0,Glitch,8.0,0.0,2.0,7.0,HL,334.0,174.0,10583.0,8.58,-0.9,4.7
S231017v,False,37.0,63.0,0.0,0.0,BBH,10.0,10.0,0.0,0.0,HL,3609.0,1226.0,3099.0,10.7,3.4,7.6
S231017t,False,88.0,0.0,1.0,11.0,Glitch,6.0,0.0,1.0,6.0,HL,338.0,115.0,2572.0,7.59,2.6,7.4
S231017s,False,76.0,0.0,1.0,23.0,Glitch,9.0,0.0,1.0,9.0,HL,385.0,121.0,2010.0,7.56,5.3,10.9
S231017h,False,68.0,27.0,5.0,0.0,Glitch,14.0,13.0,3.0,0.0,HL,1500.0,465.0,3087.0,9.52,5.1,9.7
S231016br,False,85.0,3.0,12.0,0.0,Glitch,13.0,4.0,11.0,0.0,HL,1118.0,422.0,13825.0,9.93,-0.4,2.6
S231016bm,False,92.0,0.0,1.0,7.0,Glitch,5.0,0.0,1.0,5.0,HL,382.0,144.0,4044.0,8.0,1.0,4.1
S231016bj,False,84.0,16.0,0.0,0.0,Glitch,10.0,10.0,0.0,0.0,HL,11293.0,3451.0,7936.0,12.71,4.1,6.8
S231016aw,False,1.0,2.0,97.0,0.0,NSBH,0.0,1.0,1.0,0.0,HL,587.0,176.0,1438.0,8.0,3.0,16.4
S231016am,False,17.0,83.0,0.0,0.0,BBH,19.0,19.0,0.0,0.0,HL,1958.0,562.0,149.0,8.61,-5.5,26.1
S231016q,False,57.0,43.0,0.0,0.0,Glitch,15.0,15.0,0.0,0.0,HL,9809.0,3090.0,6840.0,12.36,3.2,7.0
S231016e,False,63.0,37.0,0.0,0.0,Glitch,23.0,23.0,0.0,0.0,HL,15852.0,5085.0,7949.0,13.17,3.8,9.0
S231015by,False,66.0,0.0,1.0,33.0,Glitch,17.0,0.0,1.0,16.0,HL,255.0,83.0,1740.0,7.04,2.0,10.6
S231015bb,False,62.0,38.0,0.0,0.0,Glitch,20.0,20.0,0.0,0.0,HL,7278.0,2678.0,1725.0,11.45,1.4,4.4
S231015au,False,80.0,0.0,1.0,19.0,Glitch,8.0,0.0,1.0,8.0,HL,421.0,132.0,3038.0,7.87,5.2,10.6
S231015g,False,97.0,0.0,1.0,3.0,Glitch,3.0,0.0,1.0,2.0,HL,608.0,173.0,13068.0,8.98,1.3,1.2
S231014cq,False,26.0,0.0,10.0,64.0,BNS,10.0,0.0,6.0,9.0,HL,413.0,146.0,3754.0,7.99,3.2,12.0
S231014cp,False,46.0,16.0,37.0,0.0,Glitch,18.0,15.0,15.0,0.0,HL,1032.0,367.0,6856.0,9.53,-0.4,5.6
S231014bn,False,67.0,0.0,1.0,32.0,Glitch,13.0,0.0,1.0,12.0,HL,353.0,117.0,5570.0,7.9,4.9,13.2
S231014be,False,87.0,0.0,6.0,7.0,Glitch,13.0,0.0,8.0,9.0,HL,642.0,216.0,18363.0,9.14,-1.1,1.2
S231014w,False,96.0,0.0,1.0,3.0,Glitch,4.0,0.0,1.0,3.0,HL,511.0,172.0,3417.0,8.25,2.8,4.6
S231014r,True,4.0,96.0,0.0,0.0,BBH,3.0,3.0,0.0,0.0,HL,2857.0,903.0,1807.0,10.12,5.2,12.2
S231014q,False,89.0,0.0,3.0,8.0,Glitch,7.0,0.0,3.0,6.0,HL,472.0,145.0,1851.0,7.82,5.4,9.4
S231014l,False,46.0,0.0,4.0,50.0,BNS,11.0,0.0,3.0,11.0,HL,398.0,129.0,2382.0,7.67,4.9,12.1
S231014g,False,93.0,0.0,1.0,7.0,Glitch,6.0,0.0,1.0,6.0,HL,379.0,171.0,10749.0,8.64,-1.2,2.2
S231014e,False,78.0,0.0,18.0,3.0,Glitch,9.0,1.0,9.0,3.0,HL,582.0,188.0,1865.0,8.07,4.8,9.5
S231013cx,False,69.0,0.0,5.0,27.0,Glitch,13.0,0.0,4.0,12.0,HL,432.0,135.0,1786.0,7.66,5.4,11.1
S231013br,False,46.0,0.0,32.0,21.0,Glitch,15.0,1.0,11.0,10.0,HL,503.0,172.0,2809.0,8.09,3.6,10.8
S231013bq,False,33.0,5.0,62.0,0.0,NSBH,10.0,4.0,9.0,0.0,HL,843.0,287.0,2328.0,8.69,4.3,10.7
S231013bo,False,99.0,0.0,0.0,1.0,Glitch,2.0,0.0,0.0,2.0,HL,558.0,153.0,22781.0,8.84,1.1,-0.0
S231013ba,False,76.0,0.0,3.0,21.0,Glitch,12.0,0.0,2.0,11.0,HL,422.0,130.0,1701.0,7.62,5.6,10.8
S231013au,False,54.0,0.0,6.0,41.0,Glitch,12.0,0.0,4.0,11.0,HL,438.0,140.0,2690.0,7.85,4.7,11.5
S231013ai,False,92.0,0.0,7.0,0.0,Glitch,5.0,0.0,5.0,0.0,HL,801.0,245.0,10245.0,9.37,1.2,2.3
S231013aa,False,80.0,0.0,1.0,19.0,Glitch,10.0,0.0,1.0,9.0,HL,380.0,116.0,1417.0,7.41,5.6,10.4
S231011bq,False,73.0,0.0,1.0,26.0,Glitch,12.0,0.0,1.0,11.0,HL,264.0,77.0,978.0,6.85,3.6,10.5
S231011bc,False,90.0,10.0,0.0,0.0,Glitch,6.0,6.0,0.0,0.0,HL,7359.0,2442.0,2986.0,11.59,3.9,5.4
S231010bd,False,1.0,1.0,60.0,39.0,NSBH,1.0,1.0,16.0,15.0,HL,420.0,125.0,2390.0,7.77,4.1,22.0
S231010bb,False,0.0,2.0,97.0,1.0,NSBH,0.0,2.0,2.0,1.0,HL,604.0,219.0,6276.0,8.65,1.9,24.5
S231010ax,False,9.0,0.0,5.0,87.0,BNS,6.0,0.0,4.0,6.0,HL,339.0,113.0,4554.0,7.74,4.6,17.5
S231010ak,False,86.0,0.0,3.0,11.0,Glitch,9.0,0.0,2.0,7.0,HL,475.0,175.0,4658.0,8.25,2.7,7.2
S231010y,False,92.0,8.0,0.0,0.0,Glitch,5.0,5.0,0.0,0.0,HL,6177.0,2187.0,4139.0,11.6,2.7,3.9
S231010r,False,78.0,0.0,10.0,12.0,Glitch,16.0,0.0,10.0,11.0,HL,511.0,192.0,7322.0,8.66,0.2,4.9
S231009ai,False,92.0,8.0,0.0,0.0,Glitch,5.0,5.0,0.0,0.0,HL,9751.0,3478.0,7730.0,12.56,3.2,5.1
S231009r,False,32.0,68.0,0.0,0.0,BBH,9.0,9.0,0.0,0.0,HL,4590.0,1497.0,3150.0,11.0,3.9,8.1
S231009h,False,1.0,97.0,2.0,0.0,BBH,1.0,2.0,2.0,0.0,HL,1276.0,572.0,3774.0,9.51,1.1,15.4
S231008bp,False,57.0,31.0,13.0,0.0,Glitch,15.0,13.0,7.0,0.0,HL,1270.0,429.0,2503.0,9.21,4.6,10.1
S231008bj,False,34.0,1.0,64.0,1.0,NSBH,11.0,1.0,10.0,1.0,HL,594.0,233.0,2508.0,8.28,1.9,8.4
S231008ap,True,1.0,99.0,0.0,0.0,BBH,1.0,1.0,0.0,0.0,HL,3356.0,1119.0,3291.0,10.61,4.4,15.0
S231008ad,False,74.0,0.0,1.0,25.0,Glitch,10.0,0.0,1.0,10.0,HL,316.0,106.0,1904.0,7.35,3.5,10.0
S231008r,False,82.0,18.0,0.0,0.0,Glitch,8.0,8.0,0.0,0.0,HL,7448.0,2368.0,2512.0,11.54,3.6,5.5
S231008k,False,17.0,82.0,0.0,0.0,BBH,11.0,11.0,0.0,0.0,HL,1630.0,781.0,2081.0,10.04,-0.8,4.9
S231008g,False,86.0,14.0,0.0,0.0,Glitch,7.0,7.0,0.0,0.0,HL,7028.0,2407.0,5251.0,11.81,3.2,5.2
S231007ap,False,50.0,40.0,10.0,0.0,Glitch,21.0,19.0,9.0,0.0,HL,1339.0,543.0,11345.0,10.22,-1.1,4.4
S231007al,False,5.0,95.0,0.0,0.0,BBH,3.0,3.0,0.0,0.0,HL,4809.0,1681.0,4309.0,11.24,2.4,9.1
S231007w,False,12.0,88.0,0.0,0.0,BBH,5.0,5.0,0.0,0.0,HL,3721.0,1231.0,2648.0,10.67,2.8,8.0
S231007h,False,45.0,0.0,6.0,49.0,BNS,12.0,0.0,3.0,11.0,HL,415.0,132.0,2567.0,7.83,4.3,11.4
S231006bh,False,68.0,0.0,5.0,27.0,Glitch,19.0,0.0,8.0,15.0,HL,284.0,164.0,7573.0,8.45,-1.6,6.5
S231006al,False,84.0,0.0,2.0,14.0,Glitch,8.0,0.0,1.0,7.0,HL,408.0,130.0,1539.0,7.53,5.1,9.4
S231006ac,False,98.0,1.0,1.0,0.0,Glitch,2.0,1.0,1.0,0.0,HL,1365.0,478.0,8573.0,10.15,1.9,2.1
S231006q,False,63.0,0.0,15.0,22.0,Glitch,12.0,0.0,8.0,8.0,HL,493.0,164.0,2689.0,8.02,5.0,11.6
S231006c,False,98.0,0.0,1.0,2.0,Glitch,3.0,0.0,1.0,2.0,HL,696.0,183.0,16360.0,9.11,2.1,1.3
S231006b,False,71.0,0.0,24.0,5.0,Glitch,11.0,1.0,11.0,4.0,HL,611.0,198.0,3322.0,8.39,5.0,10.8
S231005cx,False,74.0,2.0,24.0,0.0,Glitch,12.0,3.0,11.0,1.0,HL,850.0,262.0,1714.0,8.54,5.4,9.3
S231005cu,False,95.0,0.0,0.0,5.0,Glitch,3.0,0.0,0.0,2.0,HL,331.0,117.0,2794.0,7.61,3.0,6.8
S231005bx,False,81.0,19.0,0.0,0.0,Glitch,13.0,13.0,0.0,0.0,HL,12199.0,4282.0,8115.0,13.0,3.4,6.9
S231005bt,False,98.0,0.0,0.0,2.0,Glitch,3.0,0.0,0.0,2.0,HL,601.0,160.0,22772.0,8.93,0.9,0.1
S231005ay,False,82.0,18.0,0.0,0.0,Glitch,11.0,11.0,0.0,0.0,HL,10781.0,3503.0,3720.0,12.18,4.1,6.8
S231005ah,True,2.0,98.0,0.0,0.0,BBH,2.0,2.0,0.0,0.0,HL,4123.0,1302.0,2412.0,10.71,5.2,12.6
S231005ac,False,80.0,0.0,1.0,19.0,Glitch,8.0,0.0,1.0,7.0,HL,296.0,93.0,1489.0,7.18,4.2,10.5
S231005r,False,81.0,0.0,1.0,18.0,Glitch,9.0,0.0,1.0,8.0,HL,311.0,100.0,2543.0,7.45,3.7,10.3
S231005n,False,72.0,0.0,10.0,18.0,Glitch,14.0,0.0,5.0,10.0,HL,440.0,159.0,1829.0,7.77,3.5,9.2
S231005j,True,1.0,99.0,0.0,0.0,BBH,1.0,1.0,0.0,0.0,HL,6214.0,1936.0,5111.0,11.56,5.6,16.8
S231004bq,False,16.0,84.0,0.0,0.0,BBH,8.0,8.0,0.0,0.0,HL,7960.0,2738.0,4742.0,11.91,2.8,8.9
S231004as,False,3.0,11.0,86.0,0.0,NSBH,2.0,9.0,8.0,0.0,HL,694.0,210.0,1081.0,8.12,1.2,11.4
S231004t,False,6.0,93.0,1.0,0.0,BBH,5.0,5.0,1.0,0.0,HL,1741.0,534.0,1423.0,9.42,3.8,10.5
S231004f,False,97.0,0.0,0.0,3.0,Glitch,2.0,0.0,0.0,2.0,HL,469.0,147.0,14820.0,8.69,0.5,1.7
S231004d,False,50.0,50.0,0.0,0.0,Glitch,11.0,11.0,0.0,0.0,HL,3121.0,1028.0,1298.0,10.11,3.8,6.9
S231003bi,False,0.0,5.0,94.0,0.0,NSBH,0.0,4.0,4.0,0.0,HL,610.0,214.0,3461.0,8.4,2.2,27.5
S231003bg,False,5.0,1.0,92.0,1.0,NSBH,3.0,1.0,4.0,1.0,HL,653.0,241.0,5660.0,8.77,1.6,11.6
S231003be,False,12.0,0.0,19.0,69.0,BNS,7.0,0.0,8.0,10.0,HL,463.0,149.0,4539.0,8.16,4.3,14.5
S231003ba,False,98.0,0.0,0.0,2.0,Glitch,4.0,0.0,0.0,4.0,HL,146.0,74.0,374.0,5.69,-0.9,4.1
S231003ar,False,36.0,0.0,5.0,58.0,BNS,29.0,1.0,7.0,27.0,HL,149.0,108.0,2439.0,6.3,-3.3,24.9
S231003al,False,83.0,17.0,0.0,0.0,Glitch,8.0,8.0,0.0,0.0,HL,8902.0,2902.0,4636.0,12.05,3.2,5.6
S231003aj,False,58.0,42.0,0.0,0.0,Glitch,21.0,21.0,0.0,0.0,HL,2923.0,1187.0,1786.0,10.35,0.8,3.6
S231003ab,False,98.0,0.0,0.0,2.0,Glitch,2.0,0.0,0.0,2.0,HL,530.0,153.0,18912.0,8.8,0.7,0.0
S231003w,False,77.0,0.0,15.0,8.0,Glitch,13.0,1.0,10.0,6.0,HL,532.0,164.0,1881.0,7.98,5.4,10.6
S231003o,False,77.0,0.0,16.0,7.0,Glitch,11.0,1.0,10.0,5.0,HL,586.0,186.0,3465.0,8.34,5.0,10.5
S231003l,False,98.0,2.0,0.0,0.0,Glitch,2.0,1.0,0.0,0.0,HL,1886.0,530.0,9577.0,10.44,3.0,2.5
S231002bi,False,75.0,25.0,0.0,0.0,Glitch,15.0,15.0,0.0,0.0,HL,8286.0,3064.0,4132.0,12.01,1.8,4.6
S231002bb,False,10.0,90.0,0.0,0.0,BBH,10.0,10.0,0.0,0.0,HL,6851.0,3129.0,6617.0,11.94,-0.3,12.1
S231002ba,False,74.0,1.0,25.0,0.0,Glitch,12.0,2.0,11.0,1.0,HL,823.0,253.0,1858.0,8.54,5.2,9.1
S231001aq,True,0.0,97.0,3.0,0.0,BBH,0.0,2.0,2.0,0.0,HL,1569.0,465.0,4092.0,9.65,6.3,23.8
S230930cj,False,96.0,1.0,3.0,0.0,Glitch,4.0,1.0,3.0,0.0,HL,1396.0,367.0,20457.0,10.02,0.9,-0.4
S230930bz,False,78.0,7.0,15.0,0.0,Glitch,10.0,5.0,8.0,0.0,HL,1012.0,330.0,1639.0,8.74,4.8,9.0
S230930bt,False,94.0,0.0,0.0,5.0,Glitch,4.0,0.0,0.0,4.0,HL,339.0,139.0,3924.0,7.87,1.2,4.6
S230930bp,False,81.0,6.0,13.0,0.0,Glitch,15.0,6.0,12.0,0.0,HL,561.0,492.0,5206.0,9.68,-1.6,4.2
S230930bd,False,72.0,0.0,25.0,3.0,Glitch,11.0,1.0,10.0,3.0,HL,603.0,196.0,2109.0,8.17,5.0,10.2
S230930al,True,7.0,93.0,0.0,0.0,BBH,3.0,3.0,0.0,0.0,HL,5123.0,1615.0,2799.0,11.07,5.0,11.2
S230930t,False,48.0,52.0,0.0,0.0,BBH,12.0,12.0,0.0,0.0,HL,3231.0,1073.0,1765.0,10.37,3.4,6.8
S230930n,False,69.0,0.0,3.0,28.0,Glitch,9.0,0.0,2.0,7.0,HL,403.0,133.0,2545.0,7.79,3.0,8.5
S230929aq,False,21.0,1.0,31.0,47.0,BNS,16.0,1.0,23.0,25.0,HL,283.0,129.0,562.0,6.8,-2.0,7.6
S230929o,False,71.0,0.0,2.0,27.0,Glitch,9.0,0.0,2.0,8.0,HL,360.0,140.0,2885.0,7.82,2.9,9.0
S230929g,False,63.0,0.0,2.0,35.0,Glitch,10.0,0.0,2.0,10.0,HL,353.0,123.0,2125.0,7.49,4.1,10.9
S230928cc,False,56.0,2.0,42.0,0.0,Glitch,13.0,3.0,11.0,0.0,HL,876.0,300.0,4751.0,9.05,3.8,9.3
S230928cb,True,0.0,100.0,0.0,0.0,BBH,0.0,0.0,0.0,0.0,HL,5604.0,1692.0,3093.0,11.21,6.0,18.1
S230928ap,False,82.0,0.0,1.0,18.0,Glitch,6.0,0.0,1.0,6.0,HL,361.0,120.0,2986.0,7.69,4.3,10.3
S230928ao,False,67.0,0.0,15.0,17.0,Glitch,18.0,0.0,13.0,14.0,HL,304.0,160.0,452.0,6.75,-0.9,4.6
S230928am,False,92.0,0.0,7.0,0.0,Glitch,6.0,1.0,6.0,0.0,HL,1225.0,345.0,21315.0,9.88,0.4,0.4
S230928aj,False,94.0,6.0,0.0,0.0,Glitch,4.0,4.0,0.0,0.0,HL,10521.0,3312.0,3778.0,12.15,3.8,5.0
S230928af,False,52.0,7.0,41.0,0.0,Glitch,12.0,6.0,11.0,0.0,HL,961.0,298.0,2124.0,8.78,5.4,10.9
S230928q,False,95.0,1.0,4.0,0.0,Glitch,2.0,1.0,2.0,0.0,HL,1048.0,360.0,5632.0,9.39,2.9,4.4
S230928h,False,24.0,76.0,0.0,0.0,BBH,14.0,14.0,1.0,0.0,HL,1917.0,765.0,6888.0,10.48,0.0,5.4
S230927bh,False,90.0,10.0,0.0,0.0,Glitch,5.0,5.0,0.0,0.0,HL,4485.0,1512.0,1975.0,10.79,3.9,5.1
S230927be,True,0.0,100.0,0.0,0.0,BBH,0.0,0.0,0.0,0.0,HL,1056.0,308.0,527.0,8.23,8.2,118.0
S230927ba,False,97.0,0.0,1.0,2.0,Glitch,3.0,0.0,1.0,2.0,HL,499.0,187.0,3452.0,8.29,2.7,4.4
S230927ax,False,58.0,0.0,2.0,39.0,Glitch,10.0,0.0,2.0,10.0,HL,377.0,120.0,2365.0,7.65,4.2,10.9
S230927aq,False,26.0,72.0,1.0,0.0,BBH,14.0,14.0,1.0,0.0,HL,1946.0,635.0,3765.0,9.94,4.8,10.7
S230927an,False,73.0,0.0,10.0,17.0,Glitch,13.0,0.0,11.0,9.0,HL,327.0,227.0,8362.0,8.78,-1.4,6.1
S230927l,True,0.0,100.0,0.0,0.0,BBH,0.0,0.0,0.0,0.0,HL,3359.0,951.0,1851.0,10.3,6.6,29.1
S230926af,False,77.0,12.0,12.0,0.0,Glitch,11.0,7.0,7.0,0.0,HL,1193.0,382.0,2524.0,9.16,5.1,9.6
S230926ae,False,86.0,14.0,0.0,0.0,Glitch,7.0,7.0,0.0,0.0,HL,6195.0,1898.0,2679.0,11.31,4.4,6.1
S230925bx,False,97.0,0.0,0.0,2.0,Glitch,2.0,0.0,0.0,2.0,HL,437.0,146.0,2918.0,7.94,4.0,5.0
S230925au,False,93.0,0.0,3.0,3.0,Glitch,6.0,0.0,3.0,3.0,HL,561.0,176.0,3189.0,8.26,4.3,7.5
S230925ae,False,89.0,11.0,0.0,0.0,Glitch,7.0,7.0,0.0,0.0,HL,12312.0,4028.0,5659.0,12.56,3.1,5.3
S230925ac,False,48.0,0.0,4.0,48.0,Glitch,11.0,0.0,3.0,11.0,HL,386.0,120.0,1620.0,7.48,4.6,11.2
S230925k,False,67.0,0.0,26.0,7.0,Glitch,14.0,1.0,13.0,6.0,HL,528.0,163.0,1189.0,7.76,5.5,10.8
S230924bl,False,53.0,1.0,45.0,1.0,Glitch,19.0,1.0,18.0,1.0,HL,692.0,273.0,9481.0,9.34,0.7,6.4
S230924ao,False,1.0,3.0,94.0,1.0,NSBH,2.0,4.0,5.0,3.0,HL,414.0,272.0,3380.0,8.31,-1.6,19.6
S230924an,True,0.0,100.0,0.0,0.0,BBH,0.0,0.0,0.0,0.0,HL,2233.0,617.0,1150.0,9.54,7.2,42.7
S230924ai,False,76.0,1.0,23.0,0.0,Glitch,12.0,2.0,11.0,0.0,HL,930.0,302.0,4848.0,9.13,4.3,8.6
S230924ah,False,95.0,0.0,5.0,0.0,Glitch,4.0,1.0,3.0,0.0,HL,1162.0,373.0,16685.0,9.89,0.7,1.0
S230924v,False,97.0,0.0,0.0,3.0,Glitch,4.0,0.0,1.0,3.0,HL,634.0,175.0,17586.0,9.01,0.9,0.4
S230924k,False,43.0,57.0,0.0,0.0,BBH,15.0,15.0,0.0,0.0,HL,8907.0,2851.0,3427.0,11.89,3.7,7.9
S230923bt,False,90.0,0.0,1.0,9.0,Glitch,4.0,0.0,1.0,3.0,HL,395.0,142.0,2578.0,7.75,3.4,7.3
S230923f,False,96.0,0.0,1.0,4.0,Glitch,4.0,0.0,1.0,3.0,HL,422.0,178.0,10810.0,8.74,-0.1,1.5
S230922bo,False,88.0,0.0,7.0,5.0,Glitch,10.0,0.0,6.0,5.0,HL,525.0,160.0,1753.0,7.93,5.4,9.4
S230922be,False,90.0,10.0,0.0,0.0,Glitch,5.0,5.0,0.0,0.0,HL,7699.0,2707.0,3770.0,11.84,2.8,4.4
S230922q,True,0.0,79.0,21.0,0.0,BBH,0.0,8.0,8.0,0.0,HL,1110.0,313.0,3975.0,9.16,7.3,34.9
S230922g,True,0.0,100.0,0.0,0.0,BBH,0.0,0.0,0.0,0.0,HL,1864.0,473.0,510.0,9.0,2.4,30.8
S230922a,False,83.0,17.0,0.0,0.0,Glitch,8.0,8.0,0.0,0.0,HL,3517.0,1078.0,2992.0,10.62,4.3,6.4
S230920bc,False,87.0,0.0,1.0,12.0,Glitch,10.0,0.0,3.0,8.0,HL,392.0,146.0,8383.0,8.56,0.1,4.5
S230920av,False,74.0,0.0,21.0,4.0,Glitch,12.0,1.0,11.0,4.0,HL,592.0,182.0,2152.0,8.17,5.4,10.5
S230920ap,False,85.0,1.0,14.0,0.0,Glitch,6.0,1.0,6.0,0.0,HL,897.0,327.0,5021.0,9.17,2.0,5.2
S230920al,True,0.0,100.0,0.0,0.0,BBH,0.0,0.0,0.0,0.0,HL,3164.0,923.0,2125.0,10.29,6.4,21.5
S230920aj,False,1.0,2.0,96.0,1.0,NSBH,1.0,2.0,2.0,1.0,HL,627.0,192.0,1576.0,8.1,4.0,14.5
S230920p,False,97.0,0.0,0.0,3.0,Glitch,3.0,0.0,1.0,3.0,HL,567.0,156.0,10258.0,8.87,1.9,2.0
S230919bl,False,90.0,1.0,8.0,0.0,Glitch,5.0,2.0,4.0,0.0,HL,1006.0,329.0,3773.0,9.11,3.9,6.7
S230919bj,True,0.0,100.0,0.0,0.0,BBH,0.0,0.0,0.0,0.0,HL,1703.0,471.0,1027.0,9.14,8.1,72.4
S230919bd,False,88.0,0.0,0.0,12.0,Glitch,8.0,0.0,1.0,8.0,HL,267.0,98.0,2061.0,7.23,2.0,8.3
S230919m,False,1.0,0.0,44.0,54.0,BNS,1.0,1.0,15.0,15.0,HL,354.0,114.0,1176.0,7.26,3.3,19.9
S230919j,False,12.0,0.0,10.0,78.0,BNS,9.0,0.0,11.0,13.0,HL,253.0,117.0,1335.0,7.19,0.5,12.8
S230919d,False,20.0,0.0,10.0,70.0,BNS,9.0,0.0,9.0,11.0,HL,328.0,146.0,2635.0,7.59,1.6,11.8
S230918ca,False,10.0,0.0,7.0,83.0,BNS,5.0,0.0,6.0,7.0,HL,296.0,101.0,1179.0,7.03,2.5,13.6
S230918bu,False,56.0,0.0,14.0,30.0,Glitch,19.0,0.0,17.0,12.0,HL,233.0,193.0,4461.0,8.49,-2.2,7.2
S230918bs,False,90.0,10.0,0.0,0.0,Glitch,5.0,5.0,0.0,0.0,HL,4975.0,1541.0,3829.0,11.18,3.8,5.1
S230918bq,False,98.0,0.0,0.0,2.0,Glitch,2.0,0.0,0.0,2.0,HL,267.0,120.0,7535.0,8.09,-0.0,3.0
S230918aq,True,100.0,0.0,0.0,0.0,Glitch,0.0,0.0,0.0,0.0,HL,119.0,45.0,11509.0,7.02,4.6,9.1
S230918ae,False,85.0,0.0,7.0,7.0,Glitch,10.0,0.0,6.0,6.0,HL,501.0,160.0,1740.0,7.86,5.1,9.6
S230917aw,False,91.0,0.0,0.0,9.0,Glitch,4.0,0.0,0.0,3.0,HL,358.0,125.0,2752.0,7.66,3.5,8.0
S230917ad,False,58.0,0.0,7.0,35.0,Glitch,13.0,0.0,7.0,10.0,HL,365.0,137.0,2261.0,7.66,0.7,7.3
S230917y,False,98.0,0.0,0.0,2.0,Glitch,5.0,0.0,1.0,3.0,HL,610.0,195.0,15964.0,9.04,1.9,0.0
S230917v,False,97.0,0.0,1.0,2.0,Glitch,3.0,0.0,1.0,2.0,HL,614.0,185.0,9414.0,9.02,2.2,3.1
S230916by,False,98.0,0.0,2.0,1.0,Glitch,2.0,0.0,1.0,1.0,HL,627.0,187.0,3040.0,8.41,4.2,4.8
S230916bn,False,70.0,30.0,0.0,0.0,Glitch,10.0,10.0,0.0,0.0,HL,4255.0,1365.0,6324.0,11.22,4.1,7.3
S230916aq,False,73.0,27.0,0.0,0.0,Glitch,12.0,12.0,0.0,0.0,HL,9254.0,3156.0,4148.0,12.07,3.2,6.3
S230916v,False,36.0,64.0,0.0,0.0,BBH,11.0,11.0,0.0,0.0,HL,6989.0,2256.0,3334.0,11.56,4.0,8.2
S230916l,False,48.0,52.0,0.0,0.0,BBH,15.0,15.0,0.0,0.0,HL,5283.0,1627.0,1950.0,10.97,5.0,8.4
S230916f,False,90.0,3.0,8.0,0.0,Glitch,10.0,3.0,9.0,0.0,HL,906.0,565.0,17164.0,10.02,-1.7,2.0
S230915ba,False,81.0,19.0,0.0,0.0,Glitch,8.0,8.0,0.0,0.0,HL,4611.0,1423.0,4095.0,11.11,4.2,6.6
S230915aw,False,26.0,0.0,5.0,69.0,BNS,10.0,0.0,4.0,10.0,HL,345.0,109.0,2066.0,7.51,3.3,12.0
S230915aq,False,95.0,5.0,0.0,0.0,Glitch,3.0,3.0,0.0,0.0,HL,11849.0,4253.0,5034.0,12.52,2.8,4.5
S230915af,False,90.0,10.0,0.0,0.0,Glitch,9.0,9.0,0.0,0.0,HL,13424.0,4991.0,7164.0,12.94,2.2,4.9
S230915ad,False,83.0,0.0,1.0,16.0,Glitch,6.0,0.0,1.0,5.0,HL,355.0,117.0,2170.0,7.53,4.6,10.0
S230915b,False,79.0,21.0,0.0,0.0,Glitch,18.0,18.0,0.0,0.0,HL,8182.0,3219.0,2658.0,11.85,0.9,3.4
S230914ak,True,0.0,100.0,0.0,0.0,BBH,0.0,0.0,0.0,0.0,HL,2826.0,745.0,1863.0,10.05,8.5,72.5
S230913bf,False,72.0,0.0,2.0,26.0,Glitch,11.0,0.0,2.0,10.0,HL,341.0,133.0,3535.0,7.83,1.9,8.4
S230913ao,False,2.0,15.0,83.0,0.0,NSBH,1.0,8.0,7.0,0.0,HL,782.0,313.0,3247.0,8.74,2.0,14.4
S230913ac,False,76.0,0.0,1.0,23.0,Glitch,10.0,0.0,1.0,9.0,HL,323.0,117.0,1925.0,7.46,1.8,7.6
S230913v,False,93.0,0.0,7.0,0.0,Glitch,3.0,0.0,3.0,0.0,HL,679.0,259.0,8504.0,9.29,2.8,5.9
S230912y,False,38.0,0.0,8.0,54.0,BNS,15.0,0.0,6.0,15.0,HL,401.0,122.0,1305.0,7.44,5.8,13.0
S230912m,False,43.0,0.0,7.0,50.0,BNS,12.0,0.0,4.0,10.0,HL,404.0,143.0,2567.0,7.78,3.7,11.1
S230912g,False,84.0,0.0,1.0,15.0,Glitch,10.0,0.0,1.0,10.0,HL,300.0,161.0,5700.0,8.03,0.5,7.2
S230911am,False,94.0,0.0,2.0,4.0,Glitch,5.0,0.0,1.0,3.0,HL,526.0,175.0,3707.0,8.29,3.1,5.5
S230911ab,False,1.0,99.0,0.0,0.0,BBH,1.0,1.0,0.0,0.0,HL,2257.0,987.0,4220.0,10.22,0.3,43.2
S230911v,False,88.0,0.0,4.0,8.0,Glitch,9.0,0.0,4.0,6.0,HL,490.0,152.0,1773.0,7.83,5.2,9.3
S230911p,False,58.0,42.0,0.0,0.0,Glitch,14.0,14.0,0.0,0.0,HL,7598.0,2601.0,2631.0,11.61,2.9,6.3
S230911e,False,56.0,1.0,41.0,2.0,Glitch,13.0,2.0,14.0,3.0,HL,645.0,200.0,1947.0,8.23,5.4,11.0
S230911d,False,69.0,20.0,11.0,0.0,Glitch,14.0,11.0,8.0,0.0,HL,1256.0,397.0,2252.0,9.16,5.0,9.7
S230910be,False,88.0,12.0,0.0,0.0,Glitch,6.0,6.0,0.0,0.0,HL,6805.0,2329.0,4444.0,11.71,3.3,5.1
S230910ba,False,5.0,5.0,90.0,0.0,NSBH,3.0,4.0,5.0,0.0,HL,752.0,254.0,1830.0,8.43,4.5,13.4
S230910ay,False,96.0,0.0,3.0,1.0,Glitch,4.0,0.0,3.0,1.0,HL,874.0,234.0,17926.0,9.41,0.8,0.7
S230910ap,False,88.0,12.0,0.0,0.0,Glitch,11.0,11.0,0.0,0.0,HL,7404.0,2973.0,1774.0,11.55,1.0,2.4
S230910y,False,84.0,16.0,0.0,0.0,Glitch,7.0,7.0,0.0,0.0,HL,3498.0,1244.0,3214.0,10.75,2.9,5.0
S230910p,False,96.0,0.0,0.0,4.0,Glitch,2.0,0.0,0.0,2.0,HL,445.0,152.0,3469.0,8.03,4.1,6.4
S230909as,False,61.0,1.0,34.0,5.0,Glitch,10.0,1.0,10.0,4.0,HL,573.0,188.0,1878.0,8.04,4.8,10.6
S230909an,False,87.0,0.0,1.0,11.0,Glitch,5.0,0.0,1.0,4.0,HL,422.0,145.0,2589.0,7.86,3.8,8.0
S230909ai,False,95.0,0.0,1.0,4.0,Glitch,4.0,0.0,1.0,3.0,HL,496.0,168.0,3234.0,8.16,3.3,5.8
S230909g,False,94.0,0.0,0.0,5.0,Glitch,3.0,0.0,0.0,3.0,HL,424.0,133.0,2088.0,7.73,4.7,7.2
S230908al,False,91.0,9.0,0.0,0.0,Glitch,8.0,8.0,0.0,0.0,HL,17424.0,5263.0,5865.0,13.01,3.4,5.9
S230908b,False,89.0,0.0,0.0,11.0,Glitch,9.0,0.0,0.0,9.0,HL,235.0,71.0,1227.0,6.77,3.5,10.3
S230907bi,False,88.0,12.0,0.0,0.0,Glitch,6.0,6.0,0.0,0.0,HL,5553.0,1836.0,3654.0,11.32,3.6,5.2
S230907bf,False,77.0,0.0,8.0,15.0,Glitch,12.0,0.0,6.0,9.0,HL,466.0,148.0,1553.0,7.72,5.2,10.5
S230907az,False,95.0,0.0,1.0,5.0,Glitch,4.0,0.0,1.0,3.0,HL,561.0,164.0,15035.0,8.88,0.5,1.4
S230907ay,False,56.0,6.0,37.0,0.0,Glitch,19.0,5.0,17.0,0.0,HL,809.0,432.0,5243.0,9.14,1.7,8.5
S230907ap,False,95.0,0.0,5.0,0.0,Glitch,5.0,0.0,5.0,0.0,HL,964.0,278.0,24132.0,9.58,0.1,-0.1
S230907ah,False,82.0,0.0,1.0,17.0,Glitch,6.0,0.0,1.0,5.0,HL,363.0,122.0,2692.0,7.65,4.2,9.8
S230907o,False,84.0,16.0,0.0,0.0,Glitch,7.0,7.0,0.0,0.0,HL,6488.0,1961.0,3506.0,11.48,4.1,5.9
S230906al,False,98.0,1.0,2.0,0.0,Glitch,2.0,1.0,1.0,0.0,HL,1278.0,389.0,6772.0,9.72,2.6,2.6
S230906ae,False,75.0,25.0,0.0,0.0,Glitch,13.0,13.0,0.0,0.0,HL,11439.0,3565.0,7283.0,12.6,3.4,6.7
S230906ad,False,69.0,31.0,0.0,0.0,Glitch,13.0,13.0,0.0,0.0,HL,8751.0,2799.0,3431.0,11.87,3.9,7.0
S230906aa,False,88.0,0.0,7.0,5.0,Glitch,10.0,0.0,6.0,5.0,HL,541.0,167.0,2221.0,8.06,5.2,9.5
S230906b,False,50.0,50.0,0.0,0.0,Glitch,20.0,20.0,0.0,0.0,HL,11464.0,3638.0,3749.0,12.26,4.0,8.5
S230904bg,False,52.0,48.0,0.0,0.0,Glitch,11.0,11.0,0.0,0.0,HL,4581.0,1531.0,3059.0,10.98,4.0,7.6
S230904ao,False,20.0,1.0,75.0,4.0,NSBH,10.0,2.0,12.0,5.0,HL,606.0,185.0,1733.0,8.09,5.7,13.4
S230904x,False,44.0,56.0,0.0,0.0,BBH,14.0,14.0,0.0,0.0,HL,6195.0,1967.0,3473.0,11.42,2.9,6.5
S230904n,True,0.0,92.0,8.0,0.0,BBH,0.0,3.0,3.0,0.0,HL,1205.0,375.0,1858.0,8.98,4.9,19.9
S230904j,False,48.0,52.0,0.0,0.0,BBH,19.0,19.0,0.0,0.0,HL,10603.0,3378.0,5317.0,12.31,2.6,7.1
S230904i,False,95.0,0.0,5.0,0.0,Glitch,2.0,0.0,2.0,0.0,HL,720.0,243.0,4572.0,8.81,3.0,4.6
S230903bk,False,96.0,0.0,3.0,0.0,Glitch,3.0,1.0,3.0,0.0,HL,1091.0,326.0,11677.0,9.76,1.9,1.2
S230903aw,False,96.0,0.0,0.0,3.0,Glitch,4.0,0.0,1.0,3.0,HL,608.0,170.0,25196.0,8.97,-0.3,-0.2
S230903al,False,93.0,0.0,0.0,7.0,Glitch,4.0,0.0,0.0,4.0,HL,327.0,105.0,1579.0,7.25,5.2,9.8
S230903ai,False,77.0,0.0,6.0,17.0,Glitch,11.0,0.0,4.0,8.0,HL,471.0,157.0,2651.0,7.98,4.9,10.6
S230903x,False,83.0,17.0,0.0,0.0,Glitch,16.0,16.0,0.0,0.0,HL,7132.0,3689.0,7430.0,12.52,-0.4,2.4
S230903k,False,71.0,0.0,5.0,23.0,Glitch,13.0,0.0,3.0,10.0,HL,427.0,157.0,2935.0,7.94,2.9,8.6
S230902bk,False,65.0,35.0,0.0,0.0,Glitch,13.0,13.0,0.0,0.0,HL,7027.0,2369.0,5254.0,11.8,2.8,6.0
S230902av,False,95.0,0.0,0.0,5.0,Glitch,3.0,0.0,0.0,3.0,HL,293.0,102.0,3286.0,7.51,3.6,9.2
S230902au,False,43.0,56.0,0.0,0.0,BBH,19.0,19.0,1.0,0.0,HL,1982.0,611.0,1545.0,9.6,5.5,9.7
S230902as,False,69.0,0.0,22.0,9.0,Glitch,15.0,0.0,10.0,6.0,HL,519.0,167.0,1962.0,8.01,3.3,8.5
S230902ap,False,0.0,1.0,72.0,27.0,NSBH,0.0,2.0,16.0,16.0,HL,406.0,118.0,3211.0,7.79,3.7,33.7
S230902al,False,93.0,7.0,0.0,0.0,Glitch,7.0,7.0,0.0,0.0,HL,4447.0,1185.0,12906.0,11.53,1.3,1.2
S230902ak,False,96.0,0.0,4.0,0.0,Glitch,4.0,1.0,4.0,0.0,HL,1371.0,367.0,22734.0,10.0,0.9,-0.3
S230902af,False,20.0,80.0,0.0,0.0,BBH,14.0,14.0,0.0,0.0,HL,10221.0,3354.0,7623.0,12.53,4.0,10.9
S230902t,False,70.0,0.0,27.0,3.0,Glitch,14.0,1.0,13.0,2.0,HL,626.0,230.0,6216.0,8.8,2.1,7.5
S230902o,False,36.0,64.0,0.0,0.0,BBH,12.0,12.0,0.0,0.0,HL,4700.0,1555.0,2138.0,10.86,3.1,6.8
S230902m,False,68.0,0.0,5.0,27.0,Glitch,11.0,0.0,5.0,9.0,HL,397.0,160.0,5145.0,8.17,0.8,7.3
S230901bf,False,93.0,0.0,0.0,7.0,Glitch,7.0,0.0,0.0,7.0,HL,233.0,87.0,2047.0,7.06,1.5,7.8
S230901ae,False,28.0,27.0,45.0,0.0,NSBH,10.0,13.0,12.0,0.0,HL,1096.0,361.0,2880.0,9.09,5.1,12.2
S230901h,False,98.0,0.0,0.0,2.0,Glitch,1.0,0.0,0.0,1.0,HL,400.0,139.0,3862.0,7.99,3.2,4.3
S230831cn,False,49.0,51.0,0.0,0.0,BBH,18.0,18.0,0.0,0.0,HL,2152.0,680.0,869.0,9.44,5.5,8.9
S230831bn,False,10.0,87.0,3.0,0.0,BBH,8.0,9.0,2.0,0.0,HL,1584.0,490.0,1746.0,9.35,5.3,12.3
S230831bm,False,48.0,20.0,32.0,0.0,Glitch,12.0,10.0,11.0,0.0,HL,1042.0,330.0,1620.0,8.76,5.3,11.0
S230831ar,False,71.0,0.0,7.0,22.0,Glitch,13.0,0.0,4.0,10.0,HL,463.0,154.0,2685.0,7.98,4.3,10.2
S230831ai,False,92.0,8.0,0.0,0.0,Glitch,5.0,5.0,0.0,0.0,HL,4534.0,1527.0,5739.0,11.3,3.1,4.5
S230831aa,False,73.0,0.0,13.0,14.0,Glitch,13.0,0.0,7.0,8.0,HL,497.0,173.0,2923.0,8.12,3.8,9.7
S230831p,False,55.0,22.0,23.0,0.0,Glitch,12.0,11.0,10.0,0.0,HL,1184.0,373.0,2609.0,9.14,5.2,10.9
S230831e,True,5.0,95.0,0.0,0.0,BBH,3.0,3.0,0.0,0.0,HL,6672.0,2201.0,3326.0,11.49,4.0,11.3
S230830an,False,97.0,0.0,1.0,2.0,Glitch,3.0,0.0,1.0,2.0,HL,552.0,187.0,7603.0,8.79,1.9,2.6
S230830ab,False,78.0,0.0,3.0,20.0,Glitch,12.0,0.0,2.0,11.0,HL,417.0,130.0,1528.0,7.56,5.6,10.6
S230830q,False,4.0,96.0,0.0,0.0,BBH,3.0,3.0,0.0,0.0,HL,3843.0,1289.0,1677.0,10.53,2.7,8.8
S230830n,False,91.0,9.0,0.0,0.0,Glitch,5.0,5.0,0.0,0.0,HL,4953.0,1728.0,4758.0,11.34,3.0,4.4
S230830g,False,3.0,35.0,62.0,0.0,NSBH,2.0,7.0,7.0,0.0,HL,933.0,329.0,2625.0,8.84,3.0,14.3
S230830d,False,6.0,94.0,0.0,0.0,BBH,3.0,3.0,0.0,0.0,HL,4443.0,1563.0,3489.0,11.06,1.8,8.0
S230830c,False,56.0,0.0,2.0,42.0,Glitch,21.0,0.0,2.0,20.0,HL,233.0,79.0,1647.0,6.99,1.1,11.0
S230830b,True,3.0,0.0,9.0,88.0,BNS,4.0,0.0,5.0,6.0,HL,214.0,69.0,941.0,6.53,1.2,31.5
S230828ah,False,9.0,11.0,80.0,0.0,NSBH,7.0,10.0,11.0,0.0,HL,707.0,325.0,5691.0,9.14,-0.8,9.4
S230828n,False,41.0,59.0,0.0,0.0,BBH,15.0,15.0,0.0,0.0,HL,2361.0,733.0,2078.0,9.95,5.0,9.2
S230828d,False,80.0,20.0,0.0,0.0,Glitch,14.0,14.0,0.0,0.0,HL,13408.0,4538.0,5633.0,12.68,2.8,6.3
S230828b,False,54.0,46.0,0.0,0.0,Glitch,12.0,12.0,0.0,0.0,HL,4101.0,1398.0,2217.0,10.68,3.3,6.6
S230827bl,False,97.0,0.0,0.0,2.0,Glitch,4.0,0.0,1.0,4.0,HL,370.0,180.0,7418.0,8.66,0.3,0.6
S230827bj,False,97.0,0.0,2.0,0.0,Glitch,3.0,1.0,2.0,0.0,HL,1094.0,350.0,10909.0,9.81,2.5,1.6
S230827bh,False,10.0,0.0,22.0,68.0,BNS,7.0,0.0,19.0,18.0,HL,409.0,147.0,5827.0,8.17,0.3,12.3
S230827bf,False,5.0,95.0,0.0,0.0,BBH,4.0,4.0,0.0,0.0,HL,2446.0,824.0,2160.0,10.01,3.5,10.1
S230827bc,False,45.0,54.0,0.0,0.0,BBH,10.0,10.0,0.0,0.0,HL,2890.0,954.0,2035.0,10.22,3.6,7.2
S230827au,False,92.0,1.0,7.0,0.0,Glitch,5.0,1.0,5.0,0.0,HL,1047.0,333.0,9603.0,9.75,2.7,4.7
S230827u,False,80.0,20.0,0.0,0.0,Glitch,9.0,9.0,0.0,0.0,HL,3283.0,991.0,2529.0,10.46,4.7,7.0
S230827s,False,95.0,0.0,0.0,5.0,Glitch,5.0,0.0,0.0,5.0,HL,244.0,76.0,1398.0,6.88,3.3,8.6
S230826be,False,52.0,14.0,34.0,0.0,Glitch,11.0,8.0,10.0,0.0,HL,987.0,325.0,1695.0,8.72,4.9,10.6
S230826ba,False,99.0,0.0,0.0,1.0,Glitch,3.0,0.0,0.0,2.0,HL,610.0,162.0,24170.0,8.94,1.6,-0.5
S230826al,False,94.0,0.0,0.0,6.0,Glitch,6.0,0.0,0.0,6.0,HL,230.0,91.0,1452.0,6.9,0.3,5.5
S230826ac,False,7.0,0.0,5.0,88.0,BNS,4.0,0.0,4.0,5.0,HL,312.0,101.0,2339.0,7.36,4.0,17.1
S230826y,False,71.0,0.0,18.0,10.0,Glitch,13.0,1.0,10.0,7.0,HL,544.0,175.0,2582.0,8.13,5.0,10.8
S230826n,False,86.0,14.0,0.0,0.0,Glitch,7.0,7.0,0.0,0.0,HL,8044.0,2399.0,3838.0,11.8,3.8,5.4
S230826l,False,19.0,4.0,77.0,0.0,NSBH,10.0,5.0,9.0,0.0,HL,663.0,284.0,3582.0,8.73,-0.1,7.8
S230825co,False,16.0,2.0,79.0,3.0,NSBH,15.0,3.0,15.0,5.0,HL,498.0,262.0,6615.0,9.11,-2.0,7.6
S230825ce,False,85.0,4.0,12.0,0.0,Glitch,8.0,3.0,6.0,0.0,HL,1143.0,401.0,7141.0,9.6,2.6,6.5
S230825cb,False,75.0,1.0,24.0,1.0,Glitch,10.0,1.0,10.0,1.0,HL,680.0,215.0,1364.0,8.14,5.2,9.0
S230825bz,False,56.0,44.0,1.0,0.0,Glitch,18.0,17.0,1.0,0.0,HL,1960.0,643.0,6438.0,10.23,1.0,4.4
S230825bf,False,68.0,0.0,1.0,31.0,Glitch,29.0,0.0,1.0,28.0,HL,143.0,43.0,3569.0,6.55,1.5,20.4
S230825v,False,90.0,7.0,4.0,0.0,Glitch,7.0,4.0,3.0,0.0,HL,1289.0,464.0,4427.0,9.6,3.3,6.6
S230825k,True,5.0,95.0,0.0,0.0,BBH,3.0,3.0,0.0,0.0,HL,7075.0,2287.0,2936.0,11.51,4.3,11.7
S230824co,False,54.0,1.0,43.0,3.0,Glitch,12.0,1.0,12.0,3.0,HL,670.0,216.0,3908.0,8.57,4.8,11.1
S230824cl,False,86.0,14.0,0.0,0.0,Glitch,8.0,8.0,0.0,0.0,HL,6489.0,2356.0,3128.0,11.56,2.5,4.3
S230824cg,False,69.0,31.0,0.0,0.0,Glitch,12.0,12.0,0.0,0.0,HL,7380.0,2393.0,8287.0,12.3,3.1,6.2
S230824bo,False,17.0,83.0,0.0,0.0,BBH,9.0,9.0,0.0,0.0,HL,2553.0,854.0,2146.0,10.06,3.9,9.2
S230824bl,False,37.0,63.0,0.0,0.0,BBH,26.0,26.0,0.0,0.0,HL,5721.0,3872.0,7014.0,12.49,-3.0,7.7
S230824ay,False,99.0,0.0,0.0,1.0,Glitch,1.0,0.0,0.0,1.0,HL,439.0,125.0,19426.0,8.55,0.5,1.2
S230824av,False,98.0,0.0,0.0,2.0,Glitch,2.0,0.0,0.0,2.0,HL,418.0,146.0,4255.0,8.11,2.5,3.2
S230824ag,False,2.0,0.0,35.0,62.0,BNS,2.0,0.0,14.0,13.0,HL,382.0,109.0,1145.0,7.33,3.6,16.9
S230824y,False,79.0,21.0,0.0,0.0,Glitch,20.0,20.0,0.0,0.0,HL,8165.0,4421.0,11948.0,12.77,-1.2,2.2
S230824r,True,0.0,100.0,0.0,0.0,BBH,0.0,0.0,0.0,0.0,HL,4714.0,1348.0,2854.0,10.93,6.7,24.8
S230824n,False,37.0,63.0,0.0,0.0,BBH,12.0,12.0,0.0,0.0,HL,2531.0,930.0,2346.0,10.14,3.2,7.5
S230824e,False,68.0,32.0,0.0,0.0,Glitch,11.0,11.0,0.0,0.0,HL,6721.0,2017.0,5019.0,11.68,3.5,6.2
S230823bu,False,74.0,9.0,17.0,0.0,Glitch,20.0,6.0,15.0,0.0,HL,979.0,384.0,2699.0,9.06,1.9,6.3
S230823bl,False,2.0,98.0,0.0,0.0,BBH,2.0,2.0,0.0,0.0,HL,4406.0,1449.0,2528.0,10.84,3.3,10.6
S230823ay,False,96.0,0.0,1.0,2.0,Glitch,3.0,0.0,1.0,2.0,HL,528.0,191.0,4452.0,8.45,2.7,4.6
S230823ac,False,12.0,1.0,85.0,1.0,NSBH,6.0,2.0,6.0,1.0,HL,634.0,206.0,2561.0,8.36,3.3,11.3
S230823x,False,44.0,55.0,1.0,0.0,BBH,16.0,16.0,1.0,0.0,HL,2094.0,710.0,7887.0,10.51,1.7,6.0
S230823i,False,34.0,0.0,31.0,35.0,BNS,14.0,0.0,11.0,11.0,HL,475.0,170.0,3583.0,8.16,2.8,11.0
S230822bm,True,9.0,91.0,0.0,0.0,BBH,4.0,4.0,0.0,0.0,HL,6854.0,2325.0,4472.0,11.68,3.1,9.4
S230822bl,False,94.0,6.0,0.0,0.0,Glitch,5.0,5.0,0.0,0.0,HL,13415.0,4194.0,5292.0,12.63,3.6,5.2
S230822ao,False,69.0,0.0,6.0,25.0,Glitch,13.0,0.0,8.0,10.0,HL,428.0,165.0,7185.0,8.4,0.3,6.6
S230822al,False,58.0,3.0,38.0,0.0,Glitch,14.0,4.0,13.0,0.0,HL,887.0,274.0,2207.0,8.69,5.2,10.1
S230822ah,False,1.0,9.0,90.0,0.0,NSBH,1.0,10.0,10.0,0.0,HL,544.0,187.0,1309.0,7.87,-1.3,18.6
S230822ac,False,42.0,58.0,0.0,0.0,BBH,16.0,16.0,0.0,0.0,HL,9962.0,3231.0,5534.0,12.26,3.4,8.1
S230822n,False,90.0,10.0,0.0,0.0,Glitch,5.0,5.0,0.0,0.0,HL,5545.0,1797.0,3645.0,11.32,3.4,4.7
S230821bh,False,89.0,0.0,0.0,10.0,Glitch,5.0,0.0,0.0,5.0,HL,330.0,109.0,3069.0,7.55,4.7,10.8
S230821ar,False,58.0,0.0,3.0,39.0,Glitch,10.0,0.0,2.0,10.0,HL,369.0,124.0,1923.0,7.54,4.2,10.8
S230821e,False,90.0,0.0,9.0,2.0,Glitch,10.0,0.0,9.0,2.0,HL,794.0,250.0,19103.0,9.38,-0.3,1.3
S230821d,False,96.0,0.0,3.0,0.0,Glitch,3.0,0.0,3.0,0.0,HL,1071.0,333.0,11337.0,9.76,2.2,1.9
S230820bq,True,1.0,99.0,0.0,0.0,BBH,1.0,1.0,0.0,0.0,HL,4785.0,1468.0,1975.0,10.86,3.0,13.9
S230820bn,False,98.0,0.0,0.0,2.0,Glitch,2.0,0.0,0.0,1.0,HL,516.0,151.0,12745.0,8.78,2.8,2.9
S230820bj,False,98.0,0.0,0.0,2.0,Glitch,2.0,0.0,0.0,2.0,HL,378.0,210.0,22840.0,8.79,-1.0,0.2
S230820at,False,77.0,0.0,4.0,19.0,Glitch,10.0,0.0,3.0,8.0,HL,440.0,146.0,2265.0,7.79,4.0,9.2
S230820am,False,51.0,49.0,0.0,0.0,Glitch,14.0,14.0,0.0,0.0,HL,5676.0,1795.0,4051.0,11.38,3.0,6.4
S230820ac,False,87.0,0.0,6.0,6.0,Glitch,9.0,0.0,5.0,5.0,HL,510.0,163.0,1945.0,7.93,5.0,9.3
S230820y,False,20.0,6.0,74.0,0.0,NSBH,10.0,5.0,11.0,0.0,HL,864.0,271.0,2177.0,8.64,5.3,12.3
S230820n,False,64.0,36.0,0.0,0.0,Glitch,10.0,10.0,0.0,0.0,HL,3252.0,1044.0,3420.0,10.61,3.2,6.3
S230820g,False,42.0,44.0,14.0,0.0,BBH,16.0,10.0,9.0,0.0,HL,1198.0,387.0,1680.0,9.0,3.6,9.0
S230819ax,True,0.0,100.0,0.0,0.0,BBH,0.0,0.0,0.0,0.0,HL,4872.0,1527.0,4126.0,11.14,5.0,17.1
S230819at,False,95.0,4.0,0.0,0.0,Glitch,4.0,4.0,0.0,0.0,HL,2192.0,632.0,12864.0,10.65,2.4,2.9
S230819m,False,81.0,0.0,1.0,18.0,Glitch,9.0,0.0,1.0,8.0,HL,395.0,151.0,4782.0,7.99,2.0,7.4
S230819h,False,94.0,1.0,6.0,0.0,Glitch,4.0,1.0,4.0,0.0,HL,1114.0,323.0,7761.0,9.63,1.7,2.6
S230819f,False,97.0,0.0,2.0,1.0,Glitch,3.0,0.0,2.0,1.0,HL,673.0,200.0,7697.0,9.01,1.6,1.8
S230818bv,False,16.0,82.0,2.0,0.0,BBH,10.0,10.0,1.0,0.0,HL,1525.0,491.0,1644.0,9.31,2.5,8.2
S230818bt,False,20.0,1.0,76.0,2.0,NSBH,13.0,1.0,13.0,2.0,HL,495.0,156.0,539.0,7.38,1.6,7.8
S230818bo,False,92.0,0.0,1.0,8.0,Glitch,3.0,0.0,1.0,3.0,HL,394.0,134.0,2147.0,7.67,4.1,7.6
S230818v,False,90.0,10.0,0.0,0.0,Glitch,7.0,7.0,0.0,0.0,HL,13643.0,4005.0,4715.0,12.57,3.5,5.4
S230818p,False,83.0,17.0,0.0,0.0,Glitch,14.0,14.0,0.0,0.0,HL,12500.0,4496.0,4903.0,12.61,2.0,5.0
S230817ap,False,66.0,34.0,0.0,0.0,Glitch,11.0,11.0,0.0,0.0,HL,4764.0,1542.0,3999.0,11.16,3.6,6.6
S230817ao,False,95.0,5.0,0.0,0.0,Glitch,3.0,3.0,0.0,0.0,HL,9525.0,2769.0,3413.0,11.97,3.8,4.4
S230817ag,False,76.0,24.0,0.0,0.0,Glitch,10.0,10.0,0.0,0.0,HL,6480.0,1955.0,4740.0,11.61,3.1,5.4
S230817z,False,93.0,0.0,0.0,6.0,Glitch,3.0,0.0,0.0,3.0,HL,312.0,97.0,1168.0,7.06,5.5,9.7
S230817d,False,32.0,68.0,0.0,0.0,BBH,12.0,12.0,0.0,0.0,HL,6393.0,2001.0,5832.0,11.7,3.6,8.0
S230816r,False,48.0,51.0,0.0,0.0,BBH,18.0,18.0,1.0,0.0,HL,2155.0,705.0,6297.0,10.35,0.7,4.2
S230815r,False,77.0,23.0,0.0,0.0,Glitch,10.0,10.0,0.0,0.0,HL,8057.0,2785.0,7407.0,12.2,3.1,6.1
S230815g,False,36.0,64.0,0.0,0.0,BBH,16.0,16.0,0.0,0.0,HL,6358.0,2554.0,6573.0,12.0,0.8,5.6
S230814r,True,1.0,99.0,0.0,0.0,BBH,0.0,0.0,0.0,0.0,HL,5634.0,2023.0,3753.0,11.36,3.9,19.8
S230814j,False,12.0,85.0,2.0,0.0,BBH,10.0,12.0,3.0,0.0,HL,1999.0,648.0,6590.0,10.26,5.5,13.4
S230813bo,False,67.0,33.0,0.0,0.0,Glitch,11.0,11.0,0.0,0.0,HL,5224.0,1617.0,3487.0,11.21,3.2,5.8
S230813az,False,31.0,1.0,52.0,17.0,NSBH,14.0,1.0,14.0,8.0,HL,487.0,147.0,1345.0,7.79,3.7,10.8
S230813ax,False,48.0,52.0,0.0,0.0,BBH,12.0,12.0,0.0,0.0,HL,4774.0,1618.0,3667.0,11.12,3.5,7.2
S230813ar,False,91.0,9.0,0.0,0.0,Glitch,6.0,6.0,0.0,0.0,HL,13269.0,4345.0,6763.0,12.76,3.5,5.7
S230813ak,False,35.0,0.0,18.0,47.0,BNS,13.0,0.0,9.0,12.0,HL,427.0,143.0,2331.0,7.86,2.8,10.4
S230813e,False,49.0,7.0,44.0,0.0,Glitch,17.0,9.0,13.0,0.0,HL,901.0,334.0,9403.0,9.64,-0.4,5.5
S230812cd,False,97.0,0.0,0.0,3.0,Glitch,2.0,0.0,0.0,2.0,HL,390.0,133.0,2640.0,7.75,3.7,5.7
S230812bu,False,72.0,0.0,3.0,25.0,Glitch,11.0,0.0,3.0,9.0,HL,418.0,152.0,7358.0,8.39,1.5,7.7
S230812bo,False,19.0,81.0,0.0,0.0,BBH,23.0,23.0,0.0,0.0,HL,4420.0,1672.0,1257.0,10.65,-2.9,23.6
S230812be,False,74.0,0.0,7.0,18.0,Glitch,11.0,0.0,5.0,9.0,HL,494.0,158.0,3078.0,8.08,4.9,10.8
S230812aq,False,58.0,1.0,41.0,1.0,Glitch,15.0,2.0,15.0,2.0,HL,692.0,212.0,1512.0,8.21,5.6,10.4
S230812ao,False,95.0,2.0,3.0,0.0,Glitch,5.0,2.0,4.0,0.0,HL,1629.0,437.0,16422.0,10.23,1.0,1.5
S230812aj,False,97.0,0.0,0.0,3.0,Glitch,3.0,0.0,0.0,3.0,HL,245.0,99.0,1201.0,6.9,0.8,4.1
S230812e,False,35.0,1.0,61.0,3.0,NSBH,10.0,1.0,10.0,3.0,HL,624.0,211.0,3165.0,8.43,4.3,11.4
S230812b,False,46.0,54.0,0.0,0.0,BBH,13.0,13.0,0.0,0.0,HL,5741.0,1966.0,4986.0,11.51,3.5,7.5
S230811n,True,0.0,100.0,0.0,0.0,BBH,0.0,0.0,0.0,0.0,HL,2530.0,777.0,955.0,9.63,5.2,41.7
S230810al,False,89.0,11.0,0.0,0.0,Glitch,6.0,6.0,0.0,0.0,HL,9921.0,2955.0,4611.0,12.16,3.4,5.1
S230810ak,False,13.0,1.0,73.0,12.0,NSBH,16.0,1.0,19.0,16.0,HL,360.0,191.0,942.0,7.38,-1.5,8.7
S230810af,True,97.0,0.0,0.0,3.0,Glitch,13.0,0.0,0.0,13.0,HL,100.0,37.0,10580.0,6.77,4.0,14.4
S230810y,False,2.0,94.0,4.0,0.0,BBH,2.0,6.0,6.0,0.0,HL,1079.0,593.0,6710.0,10.15,-1.9,12.1
S230810r,False,98.0,0.0,0.0,2.0,Glitch,2.0,0.0,0.0,2.0,HL,550.0,158.0,22283.0,8.85,0.5,0.0
S230810d,False,89.0,0.0,0.0,10.0,Glitch,5.0,0.0,1.0,5.0,HL,291.0,95.0,1998.0,7.2,4.6,10.8
S230810b,False,89.0,11.0,0.0,0.0,Glitch,10.0,10.0,0.0,0.0,HL,12055.0,4401.0,4063.0,12.48,1.8,4.2
S230809fx,False,97.0,3.0,0.0,0.0,Glitch,3.0,3.0,0.0,0.0,HL,2549.0,775.0,2335.0,10.15,3.7,3.4
S230809aj,False,15.0,3.0,82.0,0.0,NSBH,8.0,3.0,8.0,1.0,HL,824.0,269.0,3903.0,8.85,4.6,12.3
S230809j,False,89.0,11.0,0.0,0.0,Glitch,6.0,6.0,0.0,0.0,HL,7439.0,2330.0,2879.0,11.59,4.2,5.7
S230808af,False,76.0,0.0,18.0,5.0,Glitch,11.0,1.0,9.0,4.0,HL,561.0,176.0,1872.0,8.04,5.1,10.1
S230808r,False,93.0,7.0,0.0,0.0,Glitch,4.0,4.0,0.0,0.0,HL,5567.0,1860.0,5298.0,11.53,3.1,4.3
S230808h,False,0.0,100.0,0.0,0.0,BBH,0.0,0.0,0.0,0.0,HL,4465.0,1398.0,3532.0,11.01,3.5,17.4
S230808b,False,26.0,4.0,69.0,0.0,NSBH,13.0,5.0,13.0,1.0,HL,892.0,276.0,2844.0,8.78,5.4,12.1
S230807k,False,63.0,0.0,2.0,36.0,Glitch,12.0,0.0,2.0,11.0,HL,302.0,99.0,1510.0,7.15,3.7,10.9
S230807f,True,14.0,86.0,0.0,0.0,BBH,6.0,6.0,0.0,0.0,HL,6818.0,2379.0,6088.0,11.83,3.8,9.6
S230806ak,True,1.0,99.0,0.0,0.0,BBH,1.0,1.0,0.0,0.0,HL,4578.0,1473.0,3749.0,11.04,4.6,14.9
S230806u,False,51.0,0.0,5.0,44.0,Glitch,12.0,0.0,3.0,11.0,HL,462.0,153.0,5195.0,8.22,4.6,12.1
S230806t,False,1.0,30.0,70.0,0.0,NSBH,1.0,9.0,9.0,0.0,HL,785.0,237.0,1055.0,8.22,3.8,17.5
S230806f,False,46.0,0.0,1.0,53.0,BNS,23.0,0.0,2.0,22.0,HL,194.0,57.0,1138.0,6.45,3.6,16.1
S230805cj,False,78.0,1.0,21.0,0.0,Glitch,10.0,1.0,9.0,1.0,HL,833.0,278.0,8909.0,9.48,3.3,7.5
S230805bo,False,87.0,0.0,1.0,12.0,Glitch,7.0,0.0,1.0,6.0,HL,390.0,122.0,1769.0,7.54,5.3,9.5
S230805bg,False,24.0,0.0,7.0,68.0,BNS,18.0,0.0,8.0,18.0,HL,248.0,101.0,1256.0,6.93,-1.8,10.1
S230805ax,False,75.0,0.0,16.0,9.0,Glitch,12.0,0.0,10.0,6.0,HL,581.0,204.0,7982.0,8.94,4.3,10.6
S230805av,False,78.0,0.0,20.0,2.0,Glitch,10.0,1.0,9.0,3.0,HL,603.0,189.0,1857.0,8.13,5.2,9.9
S230805at,False,96.0,0.0,4.0,0.0,Glitch,3.0,0.0,3.0,0.0,HL,761.0,278.0,3867.0,8.91,1.8,1.6
S230805ak,False,78.0,0.0,14.0,8.0,Glitch,12.0,0.0,7.0,7.0,HL,514.0,172.0,1901.0,7.95,3.8,8.7
S230805x,True,0.0,100.0,0.0,0.0,BBH,0.0,0.0,0.0,0.0,HL,3852.0,1193.0,2235.0,10.58,5.4,16.9
S230805k,False,96.0,0.0,0.0,3.0,Glitch,2.0,0.0,0.0,2.0,HL,501.0,146.0,9932.0,8.74,1.5,2.2
S230805c,False,91.0,0.0,0.0,9.0,Glitch,5.0,0.0,1.0,5.0,HL,376.0,125.0,1744.0,7.49,4.8,8.6
S230804av,False,80.0,20.0,0.0,0.0,Glitch,9.0,9.0,0.0,0.0,HL,1932.0,655.0,2152.0,9.77,3.7,6.3
S230804ao,False,1.0,18.0,81.0,0.0,NSBH,1.0,10.0,10.0,0.0,HL,829.0,317.0,5199.0,9.03,1.4,15.6
S230804ai,False,94.0,6.0,0.0,0.0,Glitch,5.0,5.0,0.0,0.0,HL,11748.0,3562.0,3040.0,12.2,4.2,5.3
S230804b,False,15.0,79.0,6.0,0.0,BBH,9.0,9.0,3.0,0.0,HL,1516.0,499.0,3280.0,9.57,3.8,10.8
S230803d,False,41.0,3.0,56.0,0.0,NSBH,13.0,4.0,12.0,1.0,HL,857.0,282.0,3436.0,8.85,4.7,10.8
S230802ag,False,0.0,100.0,0.0,0.0,BBH,0.0,0.0,0.0,0.0,HL,2955.0,909.0,2124.0,10.22,5.3,19.1
S230802x,False,74.0,0.0,21.0,4.0,Glitch,11.0,1.0,10.0,4.0,HL,577.0,181.0,1811.0,8.06,5.3,10.3
S230802r,False,36.0,2.0,62.0,1.0,NSBH,13.0,3.0,13.0,2.0,HL,714.0,230.0,1802.0,8.33,5.1,11.0
S230801ag,False,89.0,2.0,9.0,0.0,Glitch,5.0,3.0,4.0,0.0,HL,1053.0,331.0,2926.0,9.08,4.8,8.0
S230801ab,False,89.0,11.0,0.0,0.0,Glitch,5.0,5.0,0.0,0.0,HL,6208.0,1986.0,3864.0,11.5,3.1,4.5
S230801i,False,32.0,65.0,3.0,0.0,BBH,14.0,14.0,2.0,0.0,HL,1474.0,478.0,1409.0,9.16,5.0,10.3
S230801h,False,15.0,84.0,1.0,0.0,BBH,10.0,10.0,1.0,0.0,HL,1842.0,611.0,2582.0,9.73,4.3,10.5
S230731at,False,83.0,0.0,3.0,14.0,Glitch,8.0,0.0,2.0,7.0,HL,439.0,141.0,1977.0,7.75,5.0,9.7
S230731an,True,0.0,96.0,4.0,0.0,BBH,0.0,2.0,2.0,0.0,HL,1056.0,279.0,646.0,8.34,8.4,35.2
S230731al,False,41.0,0.0,7.0,52.0,BNS,15.0,0.0,5.0,15.0,HL,408.0,127.0,1588.0,7.53,5.6,12.8
S230731ak,False,3.0,97.0,0.0,0.0,BBH,3.0,3.0,0.0,0.0,HL,7303.0,2486.0,8135.0,12.32,4.7,14.5
S230731ai,False,2.0,96.0,1.0,0.0,BBH,2.0,3.0,2.0,0.0,HL,1016.0,733.0,2714.0,9.46,-1.2,12.1
S230731z,False,33.0,67.0,0.0,0.0,BBH,14.0,14.0,0.0,0.0,HL,2886.0,899.0,1390.0,10.03,5.2,9.4
S230731s,False,6.0,94.0,0.0,0.0,BBH,5.0,5.0,0.0,0.0,HL,8559.0,2914.0,7630.0,12.3,3.0,12.5
S230731h,False,89.0,11.0,0.0,0.0,Glitch,7.0,7.0,0.0,0.0,HL,11905.0,3557.0,4379.0,12.36,3.4,5.3
S230730cd,False,84.0,16.0,0.0,0.0,Glitch,12.0,12.0,0.0,0.0,HL,14055.0,5007.0,6370.0,12.84,2.9,6.3
S230730bt,False,1.0,99.0,0.0,0.0,BBH,1.0,1.0,0.0,0.0,HL,2195.0,625.0,1529.0,9.72,0.6,39.1
S230730br,False,90.0,0.0,4.0,6.0,Glitch,7.0,0.0,4.0,5.0,HL,467.0,237.0,15334.0,9.0,-1.8,2.0
S230730bq,False,80.0,8.0,12.0,0.0,Glitch,15.0,7.0,9.0,0.0,HL,1210.0,443.0,9075.0,10.02,2.0,6.3
S230730av,False,97.0,0.0,0.0,2.0,Glitch,3.0,0.0,1.0,3.0,HL,584.0,173.0,13589.0,8.94,2.4,2.6
S230730r,False,87.0,13.0,0.0,0.0,Glitch,6.0,6.0,0.0,0.0,HL,5428.0,1653.0,2954.0,11.19,3.8,5.2
S230730a,False,90.0,10.0,0.0,0.0,Glitch,5.0,5.0,0.0,0.0,HL,5743.0,1725.0,3663.0,11.34,3.4,4.4
S230729cj,False,33.0,0.0,9.0,57.0,BNS,19.0,0.0,15.0,18.0,HL,344.0,135.0,4984.0,7.9,-1.4,8.3
S230729cf,False,98.0,0.0,1.0,1.0,Glitch,2.0,0.0,1.0,1.0,HL,628.0,183.0,6235.0,8.73,3.1,3.1
S230729bv,False,97.0,0.0,0.0,3.0,Glitch,2.0,0.0,0.0,2.0,HL,542.0,152.0,16429.0,8.82,0.7,1.0
S230729bl,False,97.0,0.0,1.0,2.0,Glitch,4.0,0.0,2.0,2.0,HL,772.0,211.0,27380.0,9.27,0.6,-1.0
S230729bc,False,79.0,0.0,3.0,18.0,Glitch,9.0,0.0,3.0,8.0,HL,448.0,142.0,2315.0,7.83,5.0,10.2
S230729ax,False,78.0,0.0,1.0,21.0,Glitch,7.0,0.0,1.0,7.0,HL,367.0,121.0,2123.0,7.54,4.8,10.5
S230729au,False,56.0,5.0,39.0,0.0,Glitch,11.0,4.0,9.0,0.0,HL,888.0,298.0,2430.0,8.78,4.0,9.3
S230729ae,False,95.0,0.0,0.0,5.0,Glitch,3.0,0.0,0.0,2.0,HL,426.0,140.0,2687.0,7.85,4.4,7.0
S230729z,True,3.0,95.0,3.0,0.0,BBH,3.0,4.0,2.0,0.0,HL,1546.0,472.0,1428.0,9.21,5.9,14.8
S230729y,False,79.0,0.0,1.0,21.0,Glitch,23.0,0.0,1.0,22.0,HL,118.0,39.0,260.0,5.19,-2.1,10.6
S230729w,False,91.0,0.0,0.0,9.0,Glitch,8.0,0.0,0.0,8.0,HL,237.0,70.0,898.0,6.65,3.0,8.7
S230729q,False,91.0,9.0,0.0,0.0,Glitch,8.0,8.0,0.0,0.0,HL,17416.0,5176.0,5099.0,12.93,3.6,6.1
S230729p,False,70.0,0.0,4.0,26.0,Glitch,10.0,0.0,3.0,7.0,HL,412.0,145.0,2792.0,7.84,2.7,8.3
S230729c,False,13.0,21.0,65.0,0.0,NSBH,10.0,18.0,18.0,0.0,HL,754.0,382.0,5963.0,9.19,-1.7,8.5
S230728ap,False,1.0,99.0,0.0,0.0,BBH,1.0,1.0,0.0,0.0,HL,2731.0,1445.0,3495.0,10.51,-0.1,36.2
S230728ak,False,33.0,0.0,14.0,52.0,BNS,13.0,0.0,6.0,12.0,HL,439.0,145.0,2520.0,7.84,4.1,12.0
S230728ac,False,70.0,30.0,0.0,0.0,Glitch,11.0,11.0,0.0,0.0,HL,3650.0,1182.0,1866.0,10.46,4.0,6.6
S230728d,False,69.0,31.0,0.0,0.0,Glitch,21.0,21.0,0.0,0.0,HL,15794.0,5401.0,6679.0,13.0,3.5,8.3
S230728b,False,68.0,32.0,0.0,0.0,Glitch,20.0,20.0,0.0,0.0,HL,3689.0,1794.0,3098.0,11.14,-0.2,2.6
S230727aq,False,37.0,0.0,14.0,50.0,BNS,14.0,0.0,6.0,12.0,HL,446.0,146.0,2724.0,7.93,4.5,12.3
S230727am,False,97.0,0.0,0.0,3.0,Glitch,1.0,0.0,0.0,1.0,HL,402.0,141.0,4294.0,8.05,2.7,4.8
S230727v,False,60.0,40.0,0.0,0.0,Glitch,13.0,13.0,0.0,0.0,HL,9111.0,2778.0,5944.0,12.16,3.8,7.3
S230726ar,False,16.0,5.0,79.0,1.0,NSBH,14.0,6.0,13.0,2.0,HL,536.0,336.0,9467.0,9.34,-2.9,7.3
S230726al,False,95.0,0.0,4.0,0.0,Glitch,3.0,1.0,3.0,0.0,HL,1093.0,344.0,10088.0,9.79,2.3,3.1
S230726ag,False,97.0,2.0,1.0,0.0,Glitch,2.0,2.0,1.0,0.0,HL,1719.0,500.0,6346.0,10.03,3.8,4.3
S230726q,False,56.0,44.0,0.0,0.0,Glitch,13.0,13.0,0.0,0.0,HL,5988.0,1911.0,1868.0,11.12,3.3,6.1
S230726k,False,98.0,1.0,1.0,0.0,Glitch,2.0,1.0,1.0,0.0,HL,1541.0,501.0,8009.0,10.18,2.9,3.1
S230726f,False,71.0,29.0,0.0,0.0,Glitch,13.0,13.0,0.0,0.0,HL,3777.0,1406.0,3070.0,10.85,2.2,4.8
S230726b,False,25.0,1.0,67.0,7.0,NSBH,18.0,1.0,20.0,12.0,HL,438.0,230.0,3377.0,8.49,-1.9,6.7
S230725am,False,1.0,1.0,96.0,1.0,NSBH,1.0,1.0,2.0,1.0,HL,613.0,203.0,3415.0,8.39,3.4,15.9
S230725ad,False,19.0,0.0,5.0,76.0,BNS,8.0,0.0,4.0,9.0,HL,341.0,102.0,1521.0,7.34,4.3,13.3
S230725ab,False,74.0,0.0,1.0,25.0,Glitch,8.0,0.0,1.0,7.0,HL,317.0,102.0,1851.0,7.28,4.8,11.6
S230725aa,False,1.0,84.0,15.0,0.0,BBH,2.0,10.0,10.0,0.0,HL,796.0,234.0,1256.0,8.32,2.0,42.6
S230725d,False,72.0,28.0,0.0,0.0,Glitch,21.0,21.0,0.0,0.0,HL,16239.0,5243.0,8976.0,13.33,2.8,7.3
S230725b,False,40.0,1.0,50.0,10.0,NSBH,11.0,1.0,14.0,6.0,HL,595.0,189.0,3313.0,8.33,5.0,12.4
S230724al,False,80.0,0.0,7.0,13.0,Glitch,10.0,0.0,7.0,7.0,HL,347.0,253.0,13951.0,8.9,-2.2,4.9
S230724ak,False,92.0,0.0,1.0,6.0,Glitch,5.0,0.0,2.0,3.0,HL,486.0,175.0,9290.0,8.82,1.4,4.3
S230724ad,False,40.0,0.0,4.0,56.0,BNS,24.0,0.0,3.0,22.0,HL,213.0,104.0,2258.0,7.07,-3.1,10.6
S230724v,False,30.0,0.0,35.0,34.0,NSBH,18.0,1.0,24.0,23.0,HL,454.0,218.0,14034.0,8.92,-2.1,7.7
S230724j,False,87.0,13.0,0.0,0.0,Glitch,7.0,7.0,0.0,0.0,HL,8066.0,2456.0,3130.0,11.72,4.2,5.8
S230724d,False,80.0,20.0,0.0,0.0,Glitch,9.0,9.0,0.0,0.0,HL,3661.0,1138.0,2333.0,10.57,4.5,6.7
S230723bl,False,96.0,0.0,0.0,3.0,Glitch,2.0,0.0,0.0,2.0,HL,447.0,144.0,10124.0,8.65,0.8,2.0
S230723ar,False,94.0,0.0,5.0,1.0,Glitch,3.0,0.0,3.0,1.0,HL,641.0,242.0,5056.0,8.74,2.0,4.3
S230723an,False,76.0,24.0,0.0,0.0,Glitch,9.0,9.0,0.0,0.0,HL,7004.0,2109.0,5401.0,11.77,3.7,6.1
S230723ac,True,1.0,99.0,1.0,0.0,BBH,1.0,1.0,1.0,0.0,HL,1686.0,515.0,1281.0,9.26,5.6,16.8
S230723z,False,5.0,95.0,0.0,0.0,BBH,4.0,4.0,0.0,0.0,HL,2241.0,758.0,3960.0,10.17,3.4,10.9
S230723y,False,34.0,65.0,1.0,0.0,BBH,18.0,18.0,1.0,0.0,HL,1740.0,535.0,1449.0,9.4,5.6,10.4
S230723g,False,58.0,0.0,28.0,14.0,Glitch,14.0,1.0,14.0,9.0,HL,536.0,168.0,2152.0,8.03,5.4,11.8
S230722bv,False,86.0,0.0,1.0,13.0,Glitch,6.0,0.0,1.0,6.0,HL,407.0,126.0,2201.0,7.68,5.0,9.4
S230722ao,False,49.0,51.0,0.0,0.0,BBH,14.0,14.0,0.0,0.0,HL,2295.0,723.0,1766.0,9.85,4.8,8.5
S230722ac,False,66.0,34.0,0.0,0.0,Glitch,21.0,21.0,0.0,0.0,HL,4208.0,2240.0,5566.0,11.71,-0.9,2.4
S230721x,False,97.0,0.0,0.0,2.0,Glitch,3.0,0.0,0.0,2.0,HL,479.0,153.0,7225.0,8.52,2.1,2.4
S230721w,False,28.0,72.0,0.0,0.0,BBH,11.0,11.0,0.0,0.0,HL,7671.0,2457.0,3239.0,11.67,4.8,9.5
S230721v,False,29.0,71.0,1.0,0.0,BBH,13.0,13.0,1.0,0.0,HL,1868.0,635.0,1900.0,9.65,3.8,8.7
S230721u,False,48.0,0.0,4.0,48.0,Glitch,13.0,0.0,3.0,13.0,HL,412.0,129.0,2422.0,7.72,5.5,12.7
S230721p,False,33.0,2.0,64.0,1.0,NSBH,16.0,4.0,16.0,1.0,HL,775.0,236.0,1823.0,8.44,5.8,11.9
S230721g,False,23.0,1.0,74.0,1.0,NSBH,8.0,2.0,8.0,2.0,HL,623.0,212.0,1888.0,8.17,3.9,10.7
S230720aq,False,87.0,13.0,0.0,0.0,Glitch,6.0,6.0,0.0,0.0,HL,3946.0,1356.0,4739.0,11.05,2.8,4.5
S230720ae,False,14.0,5.0,80.0,0.0,NSBH,7.0,4.0,8.0,0.0,HL,822.0,267.0,2130.0,8.6,5.0,12.5
S230720p,False,87.0,0.0,0.0,12.0,Glitch,10.0,0.0,0.0,10.0,HL,242.0,76.0,1871.0,7.01,3.5,10.9
S230720i,False,95.0,0.0,0.0,5.0,Glitch,3.0,0.0,0.0,3.0,HL,331.0,106.0,1532.0,7.26,5.2,9.2
S230720a,False,90.0,0.0,4.0,6.0,Glitch,9.0,0.0,5.0,6.0,HL,603.0,216.0,18382.0,9.1,-0.9,1.3
S230719bp,False,0.0,1.0,77.0,22.0,NSBH,0.0,2.0,11.0,11.0,HL,448.0,128.0,4265.0,8.03,7.3,34.6
S230719bb,False,29.0,71.0,0.0,0.0,BBH,22.0,22.0,0.0,0.0,HL,1483.0,1205.0,4255.0,10.45,-1.4,5.4
S230719q,False,60.0,0.0,3.0,37.0,Glitch,10.0,0.0,2.0,9.0,HL,363.0,125.0,1721.0,7.41,4.4,10.9
S230719k,False,52.0,48.0,0.0,0.0,Glitch,13.0,13.0,0.0,0.0,HL,7385.0,2588.0,4122.0,11.79,3.3,7.1
S230718ar,False,74.0,0.0,2.0,24.0,Glitch,12.0,0.0,2.0,12.0,HL,395.0,124.0,1411.0,7.44,5.7,10.9
S230718am,False,89.0,0.0,0.0,10.0,Glitch,5.0,0.0,1.0,5.0,HL,363.0,116.0,2219.0,7.56,5.5,10.4
S230718x,False,88.0,0.0,0.0,11.0,Glitch,5.0,0.0,1.0,5.0,HL,340.0,108.0,1522.0,7.29,5.3,10.2
S230718h,False,90.0,0.0,3.0,7.0,Glitch,7.0,0.0,2.0,5.0,HL,468.0,149.0,1812.0,7.79,5.3,9.2
S230718d,False,96.0,4.0,0.0,0.0,Glitch,3.0,3.0,0.0,0.0,HL,7073.0,2530.0,3172.0,11.65,3.1,3.7
S230717bu,False,63.0,37.0,0.0,0.0,Glitch,15.0,15.0,0.0,0.0,HL,3241.0,1218.0,2160.0,10.48,2.3,5.2
S230717bt,False,75.0,1.0,24.0,1.0,Glitch,10.0,1.0,10.0,1.0,HL,686.0,222.0,2052.0,8.34,5.2,9.4
S230717az,False,66.0,0.0,3.0,31.0,Glitch,12.0,0.0,3.0,11.0,HL,408.0,135.0,2226.0,7.69,5.1,11.3
S230717ar,False,95.0,0.0,0.0,5.0,Glitch,3.0,0.0,0.0,3.0,HL,365.0,123.0,1656.0,7.43,4.5,7.5
S230717am,False,72.0,28.0,0.0,0.0,Glitch,10.0,10.0,0.0,0.0,HL,4348.0,1427.0,2650.0,10.86,4.0,6.7
S230717ac,False,28.0,72.0,0.0,0.0,BBH,16.0,16.0,0.0,0.0,HL,2422.0,767.0,1221.0,9.75,5.6,10.1
S230716ae,False,51.0,49.0,0.0,0.0,Glitch,15.0,15.0,0.0,0.0,HL,7384.0,2785.0,5127.0,11.93,2.8,6.9
S230716o,False,4.0,1.0,92.0,3.0,NSBH,5.0,2.0,6.0,3.0,HL,508.0,203.0,2351.0,8.15,-0.2,11.2
S230715ce,False,86.0,14.0,0.0,0.0,Glitch,16.0,16.0,0.0,0.0,HL,10383.0,5343.0,16028.0,13.05,-1.3,1.5
S230715bx,False,36.0,3.0,60.0,0.0,NSBH,14.0,4.0,14.0,1.0,HL,855.0,273.0,2791.0,8.76,5.4,11.6
S230715bw,True,80.0,0.0,17.0,2.0,Glitch,17.0,1.0,17.0,2.0,HL,683.0,247.0,13329.0,9.27,-0.2,3.5
S230715bp,False,88.0,12.0,0.0,0.0,Glitch,6.0,6.0,0.0,0.0,HL,10370.0,3337.0,4548.0,12.23,3.0,4.9
S230715ax,False,94.0,0.0,0.0,6.0,Glitch,3.0,0.0,0.0,3.0,HL,336.0,114.0,2420.0,7.55,4.7,9.2
S230715as,False,13.0,1.0,62.0,24.0,NSBH,8.0,1.0,16.0,13.0,HL,504.0,155.0,1730.0,7.84,5.7,15.0
S230715ai,False,81.0,19.0,0.0,0.0,Glitch,9.0,9.0,0.0,0.0,HL,6126.0,2110.0,4754.0,11.61,2.9,5.2
S230715ag,False,97.0,0.0,0.0,3.0,Glitch,4.0,0.0,0.0,4.0,HL,286.0,126.0,8880.0,8.26,0.0,3.5
S230715z,False,87.0,0.0,2.0,12.0,Glitch,11.0,0.0,3.0,8.0,HL,379.0,151.0,14155.0,8.56,-1.7,3.6
S230715m,False,21.0,78.0,0.0,0.0,BBH,12.0,12.0,0.0,0.0,HL,2286.0,774.0,3460.0,10.14,4.2,9.8
S230715f,False,67.0,0.0,30.0,3.0,Glitch,10.0,1.0,9.0,3.0,HL,589.0,203.0,2514.0,8.26,4.5,10.1
S230714bk,False,83.0,0.0,1.0,15.0,Glitch,7.0,0.0,1.0,7.0,HL,380.0,128.0,1456.0,7.43,4.9,9.5
S230714bf,False,0.0,3.0,96.0,0.0,NSBH,0.0,2.0,2.0,0.0,HL,774.0,254.0,6091.0,8.94,2.9,17.6
S230714bb,False,33.0,0.0,2.0,65.0,BNS,17.0,0.0,2.0,16.0,HL,314.0,103.0,4443.0,7.65,3.6,14.4
S230714aa,False,16.0,1.0,77.0,5.0,NSBH,8.0,1.0,9.0,4.0,HL,601.0,201.0,3023.0,8.33,4.9,13.5
S230714i,False,98.0,0.0,1.0,2.0,Glitch,4.0,0.0,1.0,3.0,HL,581.0,222.0,24357.0,9.09,0.2,-0.3
S230713bd,False,89.0,11.0,0.0,0.0,Glitch,6.0,6.0,0.0,0.0,HL,7968.0,2569.0,3880.0,11.82,3.7,5.4
S230713ae,False,91.0,9.0,0.0,0.0,Glitch,6.0,6.0,0.0,0.0,HL,9336.0,3102.0,4024.0,12.06,3.5,5.3
S230713ab,False,80.0,0.0,2.0,18.0,Glitch,7.0,0.0,2.0,7.0,HL,396.0,133.0,1827.0,7.59,4.6,9.5
S230713x,False,98.0,0.0,0.0,2.0,Glitch,4.0,0.0,1.0,3.0,HL,462.0,170.0,10846.0,8.77,1.7,0.3
S230713s,False,97.0,0.0,1.0,2.0,Glitch,3.0,0.0,1.0,2.0,HL,501.0,223.0,17156.0,9.0,0.1,0.8
S230713l,False,94.0,0.0,0.0,6.0,Glitch,4.0,0.0,0.0,4.0,HL,296.0,96.0,1897.0,7.21,5.2,10.6
S230713e,False,90.0,10.0,0.0,0.0,Glitch,5.0,5.0,0.0,0.0,HL,4723.0,1660.0,3560.0,11.13,3.1,4.6
S230712at,False,84.0,0.0,1.0,15.0,Glitch,6.0,0.0,1.0,6.0,HL,362.0,125.0,2168.0,7.54,4.5,9.8
S230712as,False,25.0,16.0,59.0,0.0,NSBH,10.0,8.0,10.0,0.0,HL,1046.0,362.0,5013.0,9.31,3.4,10.9
S230712ap,False,14.0,85.0,1.0,0.0,BBH,10.0,10.0,1.0,0.0,HL,1861.0,591.0,1773.0,9.58,4.7,10.6
S230712am,False,88.0,12.0,0.0,0.0,Glitch,7.0,7.0,0.0,0.0,HL,11049.0,3396.0,4274.0,12.27,3.1,5.1
S230712aj,False,5.0,95.0,0.0,0.0,BBH,4.0,4.0,0.0,0.0,HL,1771.0,622.0,2215.0,9.63,2.4,9.7
S230712ab,False,95.0,0.0,3.0,2.0,Glitch,5.0,0.0,3.0,3.0,HL,679.0,201.0,11442.0,9.14,0.9,1.4
S230712k,False,64.0,1.0,32.0,4.0,Glitch,13.0,1.0,13.0,4.0,HL,599.0,185.0,1840.0,8.11,5.6,11.1
S230712a,True,3.0,31.0,65.0,0.0,NSBH,3.0,21.0,21.0,0.0,HL,696.0,286.0,1695.0,8.39,-0.8,12.2
S230711bb,False,73.0,3.0,23.0,0.0,Glitch,11.0,4.0,9.0,0.0,HL,968.0,304.0,2517.0,8.87,5.2,9.7
S230711aj,False,95.0,0.0,1.0,5.0,Glitch,5.0,0.0,1.0,4.0,HL,595.0,174.0,20595.0,8.96,-0.1,0.8
S230711ae,False,93.0,7.0,0.0,0.0,Glitch,5.0,5.0,0.0,0.0,HL,12173.0,3940.0,4968.0,12.49,2.8,4.5
S230711j,False,98.0,0.0,0.0,1.0,Glitch,3.0,0.0,0.0,3.0,HL,670.0,161.0,30096.0,9.01,1.0,-1.3
S230711b,False,4.0,96.0,0.0,0.0,BBH,2.0,2.0,0.0,0.0,HL,6214.0,2136.0,4775.0,11.59,2.8,10.7
S230710ar,False,3.0,4.0,93.0,0.0,NSBH,1.0,3.0,4.0,0.0,HL,829.0,273.0,3977.0,8.85,3.7,13.9
S230710aq,False,76.0,1.0,23.0,0.0,Glitch,12.0,2.0,11.0,0.0,HL,738.0,308.0,6823.0,9.24,-0.3,3.4
S230710ap,False,54.0,0.0,4.0,42.0,Glitch,11.0,0.0,3.0,10.0,HL,415.0,141.0,3661.0,7.95,4.5,11.7
S230710v,False,80.0,0.0,6.0,14.0,Glitch,15.0,0.0,12.0,8.0,HL,486.0,184.0,15511.0,8.85,-1.8,3.1
S230710h,False,90.0,0.0,2.0,8.0,Glitch,7.0,0.0,3.0,5.0,HL,479.0,166.0,11434.0,8.78,-0.2,2.7
S230709bj,False,98.0,0.0,0.0,2.0,Glitch,3.0,0.0,0.0,3.0,HL,607.0,163.0,18318.0,8.94,2.5,1.4
S230709bi,True,0.0,100.0,0.0,0.0,BBH,0.0,0.0,0.0,0.0,HL,5009.0,1547.0,2937.0,11.03,5.6,19.2
S230709aq,False,85.0,10.0,6.0,0.0,Glitch,10.0,6.0,5.0,0.0,HL,1316.0,418.0,3088.0,9.36,4.3,8.0
S230709ac,False,71.0,29.0,0.0,0.0,Glitch,10.0,10.0,0.0,0.0,HL,5796.0,1802.0,4853.0,11.48,3.8,6.6
S230709n,False,99.0,0.0,0.0,1.0,Glitch,1.0,0.0,0.0,1.0,HL,453.0,153.0,26527.0,8.69,0.3,-0.3
S230709m,False,95.0,0.0,0.0,5.0,Glitch,3.0,0.0,0.0,3.0,HL,317.0,99.0,1791.0,7.27,5.5,10.0
S230708cf,True,0.0,100.0,0.0,0.0,BBH,0.0,0.0,0.0,0.0,HL,2056.0,608.0,2525.0,9.84,3.4,16.7
S230708bv,False,93.0,0.0,6.0,0.0,Glitch,5.0,0.0,5.0,0.0,HL,802.0,400.0,17980.0,9.69,-0.6,0.6
S230708br,False,35.0,63.0,3.0,0.0,BBH,16.0,16.0,2.0,0.0,HL,1368.0,448.0,1236.0,9.06,2.3,6.9
S230708bn,False,81.0,0.0,1.0,18.0,Glitch,8.0,0.0,1.0,8.0,HL,340.0,111.0,1243.0,7.2,5.3,10.6
S230708bm,False,80.0,20.0,0.0,0.0,Glitch,13.0,13.0,0.0,0.0,HL,7274.0,2759.0,2881.0,11.7,1.5,3.7
S230708bi,True,7.0,77.0,15.0,0.0,BBH,10.0,19.0,19.0,0.0,HL,771.0,257.0,770.0,8.11,-3.8,27.0
S230708bf,False,91.0,0.0,0.0,9.0,Glitch,4.0,0.0,0.0,4.0,HL,334.0,118.0,2986.0,7.64,3.8,9.0
S230708bc,False,84.0,0.0,1.0,14.0,Glitch,9.0,0.0,1.0,8.0,HL,405.0,126.0,1409.0,7.48,5.5,9.7
S230708ay,False,98.0,0.0,0.0,2.0,Glitch,2.0,0.0,1.0,2.0,HL,529.0,160.0,4657.0,8.38,3.4,3.3
S230708as,False,18.0,2.0,79.0,1.0,NSBH,11.0,3.0,11.0,2.0,HL,716.0,224.0,1979.0,8.37,5.4,12.5
S230708ar,False,77.0,23.0,0.0,0.0,Glitch,9.0,9.0,0.0,0.0,HL,4483.0,1526.0,4867.0,11.2,3.2,5.8
S230708ah,False,96.0,0.0,3.0,0.0,Glitch,2.0,0.0,2.0,0.0,HL,1215.0,361.0,11916.0,9.9,2.7,3.2
S230708z,True,19.0,81.0,0.0,0.0,BBH,7.0,7.0,0.0,0.0,HL,5796.0,1854.0,3111.0,11.28,4.5,9.4
S230708y,False,94.0,0.0,0.0,5.0,Glitch,2.0,0.0,0.0,2.0,HL,432.0,149.0,4487.0,8.16,2.2,4.5
S230708t,True,7.0,93.0,0.0,0.0,BBH,4.0,4.0,0.0,0.0,HL,3372.0,1101.0,2292.0,10.45,4.5,10.6
S230708p,False,77.0,0.0,14.0,9.0,Glitch,12.0,0.0,8.0,7.0,HL,499.0,169.0,1749.0,7.87,4.6,9.8
S230708n,False,69.0,0.0,8.0,23.0,Glitch,15.0,0.0,12.0,9.0,HL,341.0,160.0,5830.0,8.53,-0.8,6.0
S230707bs,False,64.0,36.0,0.0,0.0,Glitch,13.0,12.0,0.0,0.0,HL,2177.0,766.0,7200.0,10.49,2.4,6.1
S230707bh,False,68.0,32.0,0.0,0.0,Glitch,13.0,13.0,0.0,0.0,HL,7266.0,2247.0,2448.0,11.48,4.6,7.3
S230707ai,True,0.0,100.0,0.0,0.0,BBH,0.0,0.0,0.0,0.0,HL,3766.0,1135.0,2714.0,10.61,5.6,23.3
S230707ab,False,54.0,45.0,1.0,0.0,Glitch,17.0,17.0,1.0,0.0,HL,1866.0,597.0,1627.0,9.54,5.2,9.0
S230707v,False,77.0,0.0,1.0,22.0,Glitch,7.0,0.0,1.0,7.0,HL,319.0,105.0,1593.0,7.24,4.9,11.2
S230706bv,False,98.0,0.0,0.0,2.0,Glitch,3.0,0.0,1.0,3.0,HL,535.0,176.0,9997.0,8.89,2.3,1.9
S230706an,False,76.0,0.0,21.0,2.0,Glitch,11.0,1.0,10.0,2.0,HL,637.0,202.0,2499.0,8.32,5.2,10.0
S230706al,False,2.0,0.0,37.0,60.0,BNS,2.0,0.0,14.0,13.0,HL,378.0,120.0,1408.0,7.36,3.5,18.0
S230706ah,True,12.0,87.0,0.0,0.0,BBH,9.0,9.0,0.0,0.0,HL,2143.0,684.0,1553.0,9.68,5.2,11.1
S230706ac,False,95.0,0.0,4.0,0.0,Glitch,3.0,1.0,3.0,0.0,HL,1085.0,327.0,12884.0,9.76,1.6,1.3
S230705bx,False,49.0,1.0,49.0,1.0,Glitch,14.0,2.0,14.0,2.0,HL,726.0,228.0,2538.0,8.49,5.2,10.8
S230705bm,False,9.0,13.0,78.0,0.0,NSBH,4.0,6.0,7.0,0.0,HL,925.0,309.0,3237.0,8.93,3.2,11.9
S230705bd,False,98.0,0.0,0.0,2.0,Glitch,3.0,0.0,1.0,2.0,HL,569.0,160.0,7412.0,8.71,2.6,1.7
S230705aw,False,91.0,0.0,1.0,8.0,Glitch,3.0,0.0,1.0,3.0,HL,383.0,152.0,4102.0,8.03,2.6,6.6
S230705ab,False,39.0,4.0,57.0,0.0,NSBH,17.0,6.0,15.0,1.0,HL,679.0,318.0,9617.0,9.43,-2.2,4.7
S230704bf,False,93.0,0.0,1.0,6.0,Glitch,7.0,0.0,1.0,7.0,HL,222.0,195.0,8449.0,8.48,-2.5,3.6
S230704bd,False,39.0,61.0,0.0,0.0,BBH,26.0,26.0,0.0,0.0,HL,15450.0,5072.0,6293.0,12.89,3.7,11.2
S230704at,False,54.0,0.0,3.0,43.0,Glitch,14.0,0.0,2.0,13.0,HL,362.0,133.0,2764.0,7.63,3.8,11.2
S230704ah,False,89.0,0.0,2.0,9.0,Glitch,6.0,0.0,2.0,5.0,HL,465.0,148.0,2400.0,7.9,5.1,9.1
S230704y,False,15.0,85.0,0.0,0.0,BBH,8.0,8.0,0.0,0.0,HL,7927.0,2625.0,5145.0,11.92,2.3,8.4
S230704f,True,1.0,99.0,0.0,0.0,BBH,1.0,1.0,0.0,0.0,HL,2965.0,978.0,1948.0,10.2,3.1,13.3
S230703aq,False,98.0,0.0,0.0,2.0,Glitch,2.0,0.0,0.0,1.0,HL,447.0,139.0,5242.0,8.23,3.2,3.1
S230703ad,False,61.0,39.0,0.0,0.0,Glitch,26.0,26.0,0.0,0.0,HL,10252.0,4535.0,8593.0,12.93,-1.2,4.7
S230703p,False,14.0,79.0,7.0,0.0,BBH,7.0,8.0,4.0,0.0,HL,1239.0,611.0,5894.0,9.77,0.8,9.5
S230703g,False,82.0,0.0,1.0,16.0,Glitch,8.0,0.0,1.0,8.0,HL,406.0,125.0,1710.0,7.57,5.4,10.0
S230702as,False,84.0,16.0,0.0,0.0,Glitch,8.0,8.0,0.0,0.0,HL,6930.0,2145.0,3869.0,11.62,3.4,5.1
S230702aq,False,3.0,96.0,1.0,0.0,BBH,4.0,4.0,1.0,0.0,HL,1586.0,548.0,1829.0,9.42,1.3,9.3
S230702an,True,0.0,100.0,0.0,0.0,BBH,0.0,0.0,0.0,0.0,HL,2567.0,770.0,2519.0,10.1,5.9,18.8
S230702ab,False,78.0,0.0,6.0,16.0,Glitch,12.0,0.0,4.0,9.0,HL,453.0,149.0,1890.0,7.83,4.1,9.2
S230701ac,False,64.0,4.0,32.0,0.0,Glitch,16.0,5.0,14.0,0.0,HL,922.0,332.0,9993.0,9.65,-0.2,4.5
S230701z,False,96.0,0.0,4.0,0.0,Glitch,3.0,0.0,3.0,0.0,HL,747.0,269.0,4198.0,8.89,2.4,2.9
S230701w,False,72.0,0.0,18.0,10.0,Glitch,13.0,1.0,9.0,7.0,HL,528.0,180.0,2394.0,8.05,4.5,10.2
S230701k,False,3.0,1.0,64.0,32.0,NSBH,3.0,1.0,13.0,12.0,HL,483.0,162.0,3096.0,8.05,5.3,18.0
S230630bq,True,2.0,73.0,24.0,0.0,BBH,2.0,8.0,8.0,0.0,HL,1150.0,360.0,1976.0,8.98,5.1,16.0
S230630bd,False,57.0,2.0,40.0,0.0,Glitch,15.0,3.0,14.0,1.0,HL,795.0,247.0,1471.0,8.39,5.6,10.4
S230630am,True,19.0,81.0,0.0,0.0,BBH,10.0,10.0,0.0,0.0,HL,8710.0,2735.0,3642.0,11.87,4.5,10.2
S230630ab,False,21.0,79.0,0.0,0.0,BBH,11.0,11.0,0.0,0.0,HL,8727.0,2863.0,6415.0,12.17,3.0,8.8
S230630q,False,91.0,1.0,8.0,0.0,Glitch,4.0,1.0,4.0,0.0,HL,987.0,334.0,4287.0,9.18,2.6,5.2
S230630n,False,90.0,0.0,1.0,9.0,Glitch,7.0,0.0,2.0,6.0,HL,383.0,165.0,8022.0,8.62,0.7,4.9
S230629ah,False,86.0,1.0,13.0,0.0,Glitch,8.0,1.0,8.0,1.0,HL,855.0,277.0,3407.0,8.85,4.2,7.2
S230629y,False,27.0,1.0,71.0,1.0,NSBH,10.0,2.0,10.0,1.0,HL,636.0,211.0,2040.0,8.32,2.8,9.1
S230629q,False,97.0,2.0,1.0,0.0,Glitch,2.0,2.0,1.0,0.0,HL,1654.0,518.0,9027.0,10.33,3.2,3.9
S230629p,False,89.0,11.0,0.0,0.0,Glitch,6.0,6.0,0.0,0.0,HL,7911.0,2606.0,4252.0,11.84,3.7,5.5
S230629h,False,8.0,92.0,0.0,0.0,BBH,5.0,5.0,0.0,0.0,HL,4880.0,1824.0,4632.0,11.41,1.6,8.0
S230629e,False,86.0,0.0,2.0,13.0,Glitch,8.0,0.0,2.0,7.0,HL,420.0,131.0,1423.0,7.54,5.3,9.5
S230628ax,True,0.0,100.0,0.0,0.0,BBH,0.0,0.0,0.0,0.0,HL,2047.0,585.0,705.0,9.22,7.3,70.5
S230628aj,False,1.0,1.0,75.0,22.0,NSBH,2.0,1.0,18.0,18.0,HL,421.0,125.0,1861.0,7.67,1.4,20.2
S230628ac,False,6.0,27.0,67.0,0.0,NSBH,3.0,12.0,12.0,0.0,HL,781.0,369.0,4232.0,9.17,0.9,12.3
S230628e,False,94.0,0.0,2.0,4.0,Glitch,5.0,0.0,2.0,3.0,HL,572.0,190.0,7325.0,8.75,2.4,5.0
S230627bj,False,71.0,0.0,22.0,7.0,Glitch,12.0,0.0,9.0,5.0,HL,598.0,212.0,5898.0,8.64,3.3,9.3
S230627bc,False,82.0,0.0,4.0,13.0,Glitch,9.0,0.0,3.0,7.0,HL,495.0,156.0,3048.0,8.07,4.9,10.1
S230627ay,False,83.0,1.0,17.0,0.0,Glitch,11.0,1.0,11.0,0.0,HL,886.0,296.0,10669.0,9.56,1.2,3.8
S230627ax,False,44.0,56.0,0.0,0.0,BBH,11.0,11.0,0.0,0.0,HL,3838.0,1227.0,2257.0,10.61,4.4,8.1
S230627v,False,94.0,0.0,1.0,5.0,Glitch,5.0,0.0,1.0,4.0,HL,499.0,165.0,12812.0,8.8,0.5,2.3
S230627c,True,0.0,37.0,63.0,0.0,NSBH,1.0,21.0,21.0,0.0,HL,278.0,68.0,90.0,5.73,12.6,276.1
S230626bq,False,16.0,1.0,69.0,14.0,NSBH,9.0,1.0,13.0,9.0,HL,532.0,168.0,2717.0,8.19,2.7,11.2
S230626at,False,95.0,0.0,0.0,5.0,Glitch,5.0,0.0,0.0,5.0,HL,304.0,141.0,2941.0,7.73,-0.1,2.9
S230626t,False,76.0,0.0,1.0,23.0,Glitch,20.0,0.0,1.0,19.0,HL,177.0,71.0,1201.0,6.59,-1.0,9.2
S230626c,False,95.0,5.0,0.0,0.0,Glitch,3.0,3.0,0.0,0.0,HL,10332.0,3416.0,3868.0,12.17,3.5,4.5
S230625bm,False,33.0,67.0,0.0,0.0,BBH,11.0,11.0,0.0,0.0,HL,5677.0,1953.0,3761.0,11.36,3.4,7.7
S230625bl,False,70.0,30.0,0.0,0.0,Glitch,11.0,11.0,0.0,0.0,HL,4882.0,1585.0,3090.0,11.07,4.1,6.9
S230625bk,False,78.0,0.0,14.0,8.0,Glitch,12.0,1.0,9.0,6.0,HL,530.0,166.0,1828.0,7.95,5.3,10.4
S230625ay,False,77.0,0.0,15.0,7.0,Glitch,12.0,1.0,10.0,5.0,HL,546.0,170.0,2005.0,8.03,5.5,10.7
S230625au,False,61.0,2.0,37.0,0.0,Glitch,14.0,3.0,13.0,1.0,HL,880.0,281.0,2830.0,8.8,5.0,10.0
S230625y,False,98.0,0.0,1.0,1.0,Glitch,2.0,0.0,1.0,1.0,HL,625.0,187.0,3352.0,8.45,3.9,3.7
S230625o,False,56.0,0.0,20.0,23.0,Glitch,14.0,0.0,9.0,10.0,HL,475.0,154.0,1795.0,7.81,4.8,11.3
S230625h,False,73.0,1.0,25.0,2.0,Glitch,11.0,1.0,11.0,2.0,HL,659.0,209.0,2364.0,8.35,5.2,10.1
S230624ch,False,88.0,0.0,2.0,10.0,Glitch,7.0,0.0,2.0,6.0,HL,433.0,139.0,1495.0,7.6,5.0,8.9
S230624bv,False,64.0,0.0,29.0,7.0,Glitch,13.0,1.0,13.0,6.0,HL,552.0,172.0,1690.0,7.96,5.4,11.1
S230624bd,False,80.0,0.0,1.0,19.0,Glitch,8.0,0.0,1.0,8.0,HL,385.0,124.0,1593.0,7.47,5.2,10.1
S230624av,True,0.0,100.0,0.0,0.0,BBH,0.0,0.0,0.0,0.0,HL,2556.0,787.0,1718.0,9.92,5.2,19.1
S230624ae,False,42.0,19.0,39.0,0.0,Glitch,17.0,8.0,14.0,0.0,HL,955.0,345.0,2345.0,8.91,2.4,8.7
S230624s,False,97.0,0.0,3.0,1.0,Glitch,2.0,0.0,2.0,1.0,HL,687.0,212.0,4015.0,8.64,4.3,5.7
S230624a,False,63.0,1.0,35.0,1.0,Glitch,12.0,2.0,11.0,1.0,HL,718.0,230.0,2527.0,8.48,4.6,9.5
S230623au,False,37.0,5.0,58.0,0.0,NSBH,12.0,4.0,10.0,0.0,HL,833.0,272.0,2120.0,8.68,3.5,9.4
S230623at,False,14.0,1.0,8.0,77.0,BNS,13.0,2.0,5.0,14.0,HL,124.0,34.0,736.0,5.33,-0.5,114.0
S230623as,False,9.0,0.0,6.0,84.0,BNS,5.0,0.0,5.0,7.0,HL,407.0,129.0,4749.0,7.98,5.3,16.5
S230623ah,False,0.0,44.0,55.0,0.0,NSBH,1.0,13.0,13.0,0.0,HL,826.0,289.0,3975.0,8.8,2.5,29.6
S230623ad,False,99.0,0.0,0.0,1.0,Glitch,1.0,0.0,0.0,1.0,HL,316.0,116.0,4793.0,7.82,1.7,3.1
S230623m,False,7.0,84.0,9.0,0.0,BBH,4.0,10.0,9.0,0.0,HL,763.0,631.0,2788.0,9.26,-1.3,10.5
S230622br,False,94.0,0.0,1.0,6.0,Glitch,3.0,0.0,1.0,3.0,HL,473.0,167.0,9382.0,8.77,2.1,4.9
S230622bn,False,7.0,1.0,59.0,34.0,NSBH,8.0,1.0,24.0,25.0,HL,366.0,133.0,1030.0,7.34,-0.6,11.4
S230622bk,False,4.0,21.0,75.0,0.0,NSBH,2.0,10.0,11.0,0.0,HL,1004.0,320.0,3461.0,9.03,4.7,14.9
S230622be,False,86.0,14.0,0.0,0.0,Glitch,7.0,7.0,0.0,0.0,HL,4073.0,1349.0,6412.0,11.19,3.2,5.3
S230622bb,False,3.0,10.0,87.0,0.0,NSBH,1.0,5.0,4.0,0.0,HL,904.0,314.0,5104.0,9.09,3.1,14.2
S230622ba,True,0.0,2.0,92.0,6.0,NSBH,0.0,2.0,6.0,6.0,HL,411.0,119.0,963.0,7.35,1.7,26.0
S230622ah,False,81.0,0.0,4.0,15.0,Glitch,10.0,0.0,3.0,8.0,HL,419.0,139.0,1266.0,7.49,5.1,9.7
S230622u,False,98.0,0.0,0.0,2.0,Glitch,2.0,0.0,0.0,2.0,HL,257.0,82.0,2057.0,7.05,5.2,9.8
S230622i,False,86.0,6.0,9.0,0.0,Glitch,15.0,6.0,11.0,0.0,HL,1129.0,468.0,9769.0,10.01,0.2,3.3
S230621bn,False,93.0,0.0,0.0,7.0,Glitch,8.0,0.0,0.0,7.0,HL,235.0,73.0,1891.0,6.92,3.8,10.5
S230621ap,False,96.0,0.0,0.0,4.0,Glitch,3.0,0.0,0.0,3.0,HL,368.0,128.0,6110.0,8.04,1.6,4.7
S230621n,False,66.0,0.0,8.0,26.0,Glitch,13.0,0.0,6.0,10.0,HL,483.0,157.0,3256.0,8.07,5.0,11.5
S230620au,False,87.0,13.0,0.0,0.0,Glitch,8.0,8.0,0.0,0.0,HL,10818.0,3356.0,3423.0,12.14,3.8,5.8
S230620ad,False,10.0,1.0,87.0,1.0,NSBH,5.0,2.0,5.0,1.0,HL,644.0,235.0,2863.0,8.39,3.8,12.3
S230619bg,False,82.0,0.0,0.0,17.0,Glitch,22.0,0.0,1.0,22.0,HL,175.0,56.0,3336.0,6.76,3.3,15.1
S230619bd,False,98.0,0.0,0.0,2.0,Glitch,3.0,0.0,0.0,3.0,HL,526.0,142.0,5850.0,8.43,3.2,1.8
S230619ay,False,92.0,0.0,1.0,8.0,Glitch,3.0,0.0,1.0,3.0,HL,470.0,170.0,10595.0,8.78,2.7,6.7
S230619ap,False,14.0,1.0,83.0,2.0,NSBH,6.0,2.0,6.0,2.0,HL,677.0,223.0,3789.0,8.57,4.4,12.7
S230619aa,False,98.0,0.0,0.0,2.0,Glitch,4.0,0.0,1.0,3.0,HL,580.0,153.0,13889.0,8.87,2.0,0.5
S230619i,False,64.0,0.0,2.0,35.0,Glitch,9.0,0.0,2.0,9.0,HL,356.0,113.0,2242.0,7.5,4.9,11.8
S230618ba,False,80.0,6.0,14.0,0.0,Glitch,16.0,6.0,13.0,0.0,HL,1286.0,426.0,14678.0,10.04,-0.3,2.9
S230618az,False,73.0,0.0,1.0,26.0,Glitch,9.0,0.0,1.0,9.0,HL,326.0,102.0,1385.0,7.18,5.6,12.0
S230618at,False,72.0,1.0,27.0,1.0,Glitch,11.0,2.0,11.0,1.0,HL,703.0,220.0,1400.0,8.2,5.5,9.4
S230618ae,False,60.0,0.0,3.0,37.0,Glitch,10.0,0.0,2.0,9.0,HL,391.0,126.0,2008.0,7.58,4.2,10.4
S230618y,False,19.0,81.0,0.0,0.0,BBH,8.0,8.0,0.0,0.0,HL,3123.0,1034.0,5326.0,10.72,3.2,8.6
S230618r,False,25.0,75.0,0.0,0.0,BBH,14.0,15.0,1.0,0.0,HL,2076.0,657.0,2065.0,9.77,5.2,10.5
S230618k,False,77.0,2.0,21.0,0.0,Glitch,12.0,2.0,11.0,0.0,HL,886.0,346.0,6686.0,9.35,1.0,5.0
S230618d,False,96.0,0.0,1.0,4.0,Glitch,3.0,0.0,1.0,3.0,HL,433.0,144.0,1590.0,7.63,4.4,6.4
S230617bc,False,14.0,0.0,9.0,77.0,BNS,7.0,0.0,8.0,9.0,HL,328.0,127.0,2094.0,7.48,2.2,12.6
S230617ba,False,6.0,0.0,28.0,65.0,BNS,4.0,0.0,17.0,17.0,HL,431.0,165.0,6610.0,8.3,2.0,15.0
S230617aq,False,65.0,17.0,19.0,0.0,Glitch,13.0,9.0,10.0,0.0,HL,1107.0,344.0,1588.0,8.84,5.4,10.2
S230617aj,False,47.0,53.0,0.0,0.0,BBH,13.0,13.0,0.0,0.0,HL,2594.0,931.0,6405.0,10.63,3.1,7.7
S230617ab,False,32.0,0.0,4.0,64.0,BNS,10.0,0.0,3.0,10.0,HL,324.0,103.0,1335.0,7.2,2.8,10.9
S230616aa,False,36.0,0.0,5.0,59.0,BNS,21.0,0.0,4.0,20.0,HL,239.0,130.0,8199.0,8.18,-2.6,11.1
S230615az,False,35.0,0.0,10.0,55.0,BNS,17.0,0.0,13.0,17.0,HL,260.0,133.0,4416.0,8.24,-2.1,8.5
S230615av,False,44.0,56.0,0.0,0.0,BBH,23.0,23.0,0.0,0.0,HL,12726.0,4301.0,7017.0,12.74,3.9,9.8
S230615an,False,85.0,0.0,9.0,6.0,Glitch,11.0,0.0,7.0,5.0,HL,516.0,166.0,1868.0,7.94,5.1,9.7
S230615ak,False,4.0,5.0,90.0,0.0,NSBH,3.0,4.0,4.0,0.0,HL,662.0,207.0,1146.0,8.08,1.7,10.4
S230615af,False,82.0,0.0,1.0,17.0,Glitch,6.0,0.0,1.0,6.0,HL,342.0,109.0,1373.0,7.25,5.2,10.4
S230615t,False,77.0,23.0,0.0,0.0,Glitch,9.0,9.0,0.0,0.0,HL,5914.0,1923.0,5750.0,11.6,3.5,6.1
S230615k,False,2.0,1.0,79.0,17.0,NSBH,2.0,2.0,20.0,21.0,HL,361.0,115.0,603.0,7.03,-1.8,15.7
S230615i,False,98.0,0.0,2.0,1.0,Glitch,2.0,0.0,2.0,1.0,HL,722.0,210.0,6347.0,8.91,3.1,3.1
S230614ac,False,25.0,74.0,0.0,0.0,BBH,16.0,16.0,1.0,0.0,HL,2207.0,820.0,12493.0,10.81,-1.2,3.7
S230614t,False,84.0,10.0,6.0,0.0,Glitch,16.0,10.0,8.0,0.0,HL,1256.0,607.0,16024.0,10.25,-1.5,1.8
S230611be,False,81.0,19.0,0.0,0.0,Glitch,8.0,8.0,0.0,0.0,HL,4045.0,1333.0,3345.0,10.88,3.3,5.4
S230611l,False,60.0,10.0,31.0,0.0,Glitch,10.0,7.0,9.0,0.0,HL,1004.0,330.0,2245.0,8.88,5.0,10.4
S230609u,True,0.0,100.0,0.0,0.0,BBH,0.0,0.0,0.0,0.0,HL,2799.0,842.0,1918.0,10.08,5.2,21.2
S230609a,False,37.0,63.0,0.0,0.0,BBH,11.0,11.0,0.0,0.0,HL,4537.0,1433.0,3507.0,11.02,4.6,8.8
S230608as,True,0.0,100.0,0.0,0.0,BBH,0.0,0.0,0.0,0.0,HL,3193.0,956.0,2217.0,10.32,5.0,20.4
S230608ah,False,51.0,0.0,2.0,47.0,Glitch,23.0,0.0,2.0,21.0,HL,232.0,100.0,3478.0,7.24,-0.3,11.6
S230608aa,False,23.0,1.0,73.0,3.0,NSBH,11.0,2.0,13.0,4.0,HL,608.0,193.0,1708.0,8.08,5.6,12.9
S230608q,False,36.0,0.0,3.0,61.0,BNS,14.0,0.0,3.0,14.0,HL,351.0,114.0,2542.0,7.52,5.1,13.8
S230606z,False,2.0,98.0,0.0,0.0,BBH,3.0,3.0,0.0,0.0,HL,4497.0,2023.0,5989.0,11.25,0.0,33.9
S230606d,True,0.0,100.0,0.0,0.0,BBH,0.0,0.0,0.0,0.0,HL,1818.0,557.0,1286.0,9.36,3.0,25.4
S230605o,True,0.0,93.0,7.0,0.0,BBH,0.0,3.0,3.0,0.0,HL,1096.0,333.0,1371.0,8.75,5.2,23.7
S230604z,False,13.0,1.0,68.0,18.0,NSBH,16.0,1.0,24.0,23.0,HL,392.0,201.0,2481.0,7.94,-3.2,8.2
S230603aa,False,57.0,0.0,9.0,34.0,Glitch,15.0,0.0,7.0,13.0,HL,483.0,154.0,3566.0,8.12,5.4,12.4
S230601bf,True,0.0,100.0,0.0,0.0,BBH,0.0,0.0,0.0,0.0,HL,3578.0,998.0,2109.0,10.44,7.8,40.7
S230529p,False,38.0,1.0,59.0,2.0,NSBH,16.0,2.0,16.0,3.0,HL,664.0,207.0,1611.0,8.18,5.7,11.7
S230528bt,False,3.0,97.0,0.0,0.0,BBH,2.0,2.0,0.0,0.0,HL,7412.0,2488.0,6597.0,11.96,3.7,13.4
S230528a,False,3.0,0.0,8.0,88.0,BNS,3.0,0.0,6.0,7.0,HL,261.0,108.0,1787.0,7.27,2.9,19.0
S230527bv,False,3.0,97.0,0.0,0.0,BBH,2.0,2.0,0.0,0.0,HL,3876.0,2027.0,3318.0,11.2,-0.5,14.8
S230524x,True,100.0,0.0,0.0,0.0,Glitch,0.0,0.0,0.0,0.0,HL,84.0,34.0,9319.0,6.61,4.1,7.5
S230521k,False,84.0,0.0,3.0,13.0,Glitch,9.0,0.0,3.0,6.0,HL,454.0,163.0,4716.0,8.27,1.7,6.0
S230520ae,True,0.0,100.0,0.0,0.0,BBH,0.0,0.0,0.0,0.0,HL,1974.0,583.0,1716.0,9.53,7.5,62.5
S230518h,True,0.0,1.0,28.0,71.0,BNS,0.0,1.0,8.0,8.0,HL,276.0,79.0,1002.0,6.79,6.7,44.5
